team_id,league_id,season_id,team_name,# Pl,Comp, 90s, team_Tackles, team_Tackles_TklW, team_Tackles_Def_3rd, team_Tackles_Mid_3rd, team_Tackles_Att_3rd, team_Cha_Tkl, team_Cha_Att, team_Cha_Tkl%_new, team_Cha_Lost, team_Blocks, team_Blocks_Sh, team_Blocks_Pass, team_Blocks_Int, team_Blocks_Tkl+Int, team_Blocks_Clr, team_Blocks_Err
BL_ARM_1,BL_1,1,Arminia,26,Bundesliga,34,552,328,268,229,55,214,536,0.399253731343284,322,393,122,271,418,970,739,9
BL_ARM_1,BL_1,2,Arminia,26,Bundesliga,340,549,311,270,235,44,238,543,0.438305709023941,305,395,110,285,421,970,770,7
BL_AUG_2,BL_1,1,Augsburg,25,Bundesliga,34,509,308,251,211,47,201,503,0.399602385685885,302,395,116,279,454,963,852,8
BL_AUG_2,BL_1,2,Augsburg,26,Bundesliga,340,561,335,254,236,71,250,584,0.428082191780822,334,397,116,281,363,924,769,12
BL_AUG_2,BL_1,3,Augsburg,34,Bundesliga,34,522,299,251,202,69,232,479,0.484342379958246,247,428,125,303,286,808,755,14
BL_AUG_2,BL_1,4,Augsburg,29,Bundesliga,34,528,319,234,222,72,237,492,0.481707317073171,255,439,133,306,295,823,727,9
BL_AUG_2,BL_1,5,Augsburg,29,Bundesliga,34,464,300,198,202,64,233,430,0.541860465116279,197,417,121,296,341,805,971,16
BL_BAY_3,BL_1,1,Bayern Munich,29,Bundesliga,34,510,316,174,231,105,224,541,0.414048059149723,317,388,75,313,399,909,398,10
BL_BAY_3,BL_1,2,Bayern Munich,30,Bundesliga,340,563,338,231,237,95,259,559,0.463327370304114,300,338,68,270,349,912,404,18
BL_BAY_3,BL_1,3,Bayern Munich,28,Bundesliga,34,623,387,263,258,102,287,538,0.533457249070632,251,381,77,304,287,910,477,19
BL_BAY_3,BL_1,4,Bayern Munich,30,Bundesliga,34,520,323,227,191,102,245,510,0.480392156862745,265,378,81,297,288,808,473,18
BL_BAY_3,BL_1,5,Bayern Munich,29,Bundesliga,34,506,300,166,233,107,250,450,0.555555555555556,200,318,52,266,232,738,518,23
BL_BOC_20,BL_1,2,Bochum,28,Bundesliga,340,566,353,298,199,69,277,574,0.482578397212544,297,420,119,301,429,995,616,13
BL_BOC_20,BL_1,3,Bochum,26,Bundesliga,34,626,386,301,247,78,310,635,0.488188976377953,325,402,118,284,337,963,776,13
BL_BOC_20,BL_1,4,Bochum,25,Bundesliga,34,603,366,272,253,78,294,574,0.51219512195122,280,460,142,318,308,911,768,9
BL_BOC_20,BL_1,5,Bochum,27,Bundesliga,34,600,360,318,207,75,306,572,0.534965034965035,266,475,142,333,294,894,906,23
BL_BRE_18,BL_1,1,Werder Bremen,27,Bundesliga,34,542,333,270,217,55,228,556,0.410071942446043,328,368,101,267,407,949,798,10
BL_BRE_18,BL_1,3,Werder Bremen,25,Bundesliga,34,595,349,269,273,53,300,617,0.486223662884927,317,371,103,268,321,916,789,7
BL_BRE_18,BL_1,4,Werder Bremen,30,Bundesliga,34,604,351,303,239,62,312,609,0.512315270935961,297,434,153,281,284,888,785,9
BL_BRE_18,BL_1,5,Werder Bremen,23,Bundesliga,34,551,321,245,240,66,276,521,0.529750479846449,245,454,144,310,315,866,851,27
BL_BVB_4,BL_1,1,Dortmund,26,Bundesliga,34,516,318,221,210,85,219,487,0.449691991786448,268,379,95,284,413,929,472,12
BL_BVB_4,BL_1,2,Dortmund,33,Bundesliga,340,541,322,232,236,73,255,550,0.463636363636364,295,351,82,269,347,888,519,11
BL_BVB_4,BL_1,3,Dortmund,30,Bundesliga,34,580,334,246,241,93,287,551,0.520871143375681,264,382,95,287,298,878,491,9
BL_BVB_4,BL_1,4,Dortmund,32,Bundesliga,34,548,356,297,201,50,292,557,0.524236983842011,265,431,121,310,251,799,628,12
BL_BVB_4,BL_1,5,Dortmund,28,Bundesliga,34,523,319,232,196,95,261,492,0.530487804878049,231,375,100,275,249,772,726,18
BL_DAR_22,BL_1,4,Darmstadt 98,32,Bundesliga,34,560,323,303,197,60,285,583,0.48885077186964,298,400,137,263,317,877,707,19
BL_FRA_5,BL_1,1,Eint Frankfurt,25,Bundesliga,34,594,352,273,245,76,263,596,0.441275167785235,333,371,77,294,428,1022,594,10
BL_FRA_5,BL_1,2,Eint Frankfurt,27,Bundesliga,340,595,330,260,252,83,283,673,0.420505200594354,390,435,95,340,377,972,592,12
BL_FRA_5,BL_1,3,Eint Frankfurt,28,Bundesliga,34,562,357,244,248,70,265,585,0.452991452991453,320,415,88,327,284,846,687,5
BL_FRA_5,BL_1,4,Eint Frankfurt,34,Bundesliga,34,602,359,282,240,80,293,548,0.534671532846715,255,424,99,325,302,904,704,12
BL_FRA_5,BL_1,5,Eint Frankfurt,26,Bundesliga,34,566,341,267,219,80,280,508,0.551181102362205,228,425,128,297,287,853,994,26
BL_FRE_6,BL_1,1,Freiburg,24,Bundesliga,34,431,247,188,186,57,168,448,0.375,280,365,118,247,452,883,631,8
BL_FRE_6,BL_1,2,Freiburg,26,Bundesliga,340,518,299,246,207,65,215,477,0.450733752620545,262,352,130,222,355,873,751,13
BL_FRE_6,BL_1,3,Freiburg,27,Bundesliga,34,498,289,223,211,64,207,451,0.458980044345898,244,375,106,269,325,823,612,10
BL_FRE_6,BL_1,4,Freiburg,25,Bundesliga,34,546,319,303,175,68,227,463,0.490280777537797,236,436,149,287,272,818,725,7
BL_FRE_6,BL_1,5,Freiburg,26,Bundesliga,34,511,317,225,222,64,235,457,0.514223194748359,222,400,112,288,276,787,811,21
BL_FÜR_21,BL_1,2,Greuther Fürth,29,Bundesliga,340,568,336,258,252,58,270,567,0.476190476190476,297,416,124,292,374,942,712,8
BL_GLA_7,BL_1,1,Gladbach,23,Bundesliga,34,503,307,221,221,61,215,531,0.404896421845574,316,424,116,308,436,939,616,6
BL_GLA_7,BL_1,2,Gladbach,26,Bundesliga,340,572,345,260,252,60,285,615,0.463414634146342,330,402,91,311,326,898,553,13
BL_GLA_7,BL_1,3,Gladbach,27,Bundesliga,34,497,275,274,171,52,267,536,0.498134328358209,269,405,104,301,267,764,728,7
BL_GLA_7,BL_1,4,Gladbach,27,Bundesliga,34,582,337,291,247,44,287,534,0.537453183520599,247,465,168,297,333,915,860,15
BL_GLA_7,BL_1,5,Gladbach,26,Bundesliga,34,504,284,278,177,49,240,473,0.507399577167019,233,445,166,279,317,821,1067,23
BL_HEI_23,BL_1,4,Heidenheim,22,Bundesliga,34,601,352,311,225,65,275,591,0.465313028764805,316,463,129,334,302,903,783,5
BL_HEI_23,BL_1,5,Heidenheim,27,Bundesliga,34,614,356,322,235,57,294,558,0.526881720430108,264,435,109,326,312,926,952,15
BL_HER_8,BL_1,1,Hertha BSC,32,Bundesliga,34,485,270,242,201,42,205,493,0.415821501014199,288,377,89,288,417,902,687,8
BL_HER_8,BL_1,2,Hertha BSC,36,Bundesliga,340,546,321,294,197,55,252,544,0.463235294117647,292,377,105,272,406,952,816,15
BL_HER_8,BL_1,3,Hertha BSC,32,Bundesliga,34,576,344,307,215,54,251,521,0.481765834932822,270,416,132,284,366,942,797,8
BL_HOF_9,BL_1,1,Hoffenheim,30,Bundesliga,34,508,296,229,204,75,229,539,0.424860853432282,310,370,90,280,431,939,619,8
BL_HOF_9,BL_1,2,Hoffenheim,32,Bundesliga,340,483,291,191,216,76,223,484,0.460743801652893,261,390,88,302,285,768,520,17
BL_HOF_9,BL_1,3,Hoffenheim,31,Bundesliga,34,543,323,254,231,58,236,474,0.49789029535865,238,428,119,309,285,828,665,8
BL_HOF_9,BL_1,4,Hoffenheim,30,Bundesliga,34,517,304,286,185,46,259,541,0.478743068391867,282,413,143,270,357,874,790,12
BL_HOF_9,BL_1,5,Hoffenheim,35,Bundesliga,34,570,336,266,236,68,269,511,0.526418786692759,242,450,139,311,291,861,922,22
BL_KIE_24,BL_1,5,Holstein Kiel,27,Bundesliga,34,541,328,292,174,75,277,530,0.522641509433962,253,409,155,254,294,835,1126,22
BL_KÖL_11,BL_1,1,Köln,28,Bundesliga,34,586,328,299,234,53,248,546,0.454212454212454,298,382,101,281,429,1015,670,8
BL_KÖL_11,BL_1,2,Köln,26,Bundesliga,340,598,361,264,246,88,288,665,0.433082706766917,377,442,99,343,426,1024,628,10
BL_KÖL_11,BL_1,3,Köln,27,Bundesliga,34,615,370,287,263,65,310,666,0.465465465465465,356,423,99,324,372,987,716,5
BL_KÖL_11,BL_1,4,Köln,26,Bundesliga,34,617,375,330,234,53,342,659,0.51896813353566,317,506,154,352,305,922,766,9
BL_LEI_14,BL_1,1,RB Leipzig,25,Bundesliga,34,460,305,167,229,64,190,460,0.41304347826087,270,336,63,273,353,813,504,5
BL_LEI_14,BL_1,2,RB Leipzig,29,Bundesliga,340,499,289,218,222,59,219,512,0.427734375,293,399,81,318,349,848,523,12
BL_LEI_14,BL_1,3,RB Leipzig,25,Bundesliga,34,534,312,237,231,66,253,512,0.494140625,259,428,94,334,310,844,552,3
BL_LEI_14,BL_1,4,RB Leipzig,26,Bundesliga,34,538,317,236,240,62,244,487,0.501026694045174,243,444,97,347,240,778,630,12
BL_LEI_14,BL_1,5,RB Leipzig,29,Bundesliga,34,543,333,248,222,73,258,525,0.491428571428571,267,500,156,344,268,811,990,29
BL_LEV_12,BL_1,1,Leverkusen,30,Bundesliga,34,500,282,209,238,53,213,498,0.427710843373494,285,368,87,281,322,822,481,10
BL_LEV_12,BL_1,2,Leverkusen,29,Bundesliga,340,484,281,235,199,50,225,493,0.456389452332657,268,350,101,249,360,844,620,12
BL_LEV_12,BL_1,3,Leverkusen,27,Bundesliga,34,494,280,242,206,46,236,421,0.560570071258907,185,358,99,259,294,788,599,12
BL_LEV_12,BL_1,4,Leverkusen,24,Bundesliga,34,458,277,183,187,88,197,403,0.488833746898263,206,330,72,258,224,682,460,9
BL_LEV_12,BL_1,5,Leverkusen,23,Bundesliga,34,395,259,153,163,79,184,357,0.515406162464986,173,302,77,225,234,629,676,26
BL_MAI_13,BL_1,1,Mainz 05,31,Bundesliga,34,593,364,266,239,88,258,574,0.449477351916376,316,419,109,310,500,1093,662,6
BL_MAI_13,BL_1,2,Mainz 05,28,Bundesliga,340,579,305,291,220,68,282,595,0.473949579831933,313,404,94,310,439,1018,584,9
BL_MAI_13,BL_1,3,Mainz 05,27,Bundesliga,34,547,341,268,206,73,270,559,0.483005366726297,289,419,98,321,433,980,673,9
BL_MAI_13,BL_1,4,Mainz 05,30,Bundesliga,34,572,328,256,253,63,276,526,0.524714828897338,250,442,117,325,346,918,704,3
BL_MAI_13,BL_1,5,Mainz 05,25,Bundesliga,34,564,325,234,247,83,236,448,0.526785714285714,212,419,128,291,352,916,947,22
BL_SCH_15,BL_1,1,Schalke 04,42,Bundesliga,34,552,337,283,224,45,203,546,0.371794871794872,343,437,143,294,411,963,693,12
BL_SCH_15,BL_1,3,Schalke 04,35,Bundesliga,34,542,329,240,246,56,253,551,0.459165154264973,298,397,110,287,306,848,723,12
BL_STP_25,BL_1,5,St. Pauli,28,Bundesliga,34,537,315,256,217,64,266,511,0.520547945205479,245,391,87,304,257,794,915,21
BL_STU_16,BL_1,1,Stuttgart,29,Bundesliga,34,496,294,227,201,68,235,531,0.44256120527307,296,379,108,271,426,922,654,8
BL_STU_16,BL_1,2,Stuttgart,34,Bundesliga,340,532,307,231,236,65,241,530,0.454716981132076,289,386,124,262,342,874,708,8
BL_STU_16,BL_1,3,Stuttgart,30,Bundesliga,34,528,316,255,207,66,268,524,0.511450381679389,256,421,113,308,308,836,666,10
BL_STU_16,BL_1,4,Stuttgart,27,Bundesliga,34,537,316,222,239,76,253,513,0.49317738791423,260,378,109,269,269,806,619,12
BL_STU_16,BL_1,5,Stuttgart,29,Bundesliga,34,477,282,197,199,81,254,476,0.533613445378151,222,401,104,297,298,775,777,20
BL_UNI_17,BL_1,1,Union Berlin,27,Bundesliga,34,503,283,240,218,45,232,501,0.463073852295409,269,367,85,282,405,908,605,9
BL_UNI_17,BL_1,2,Union Berlin,28,Bundesliga,340,538,296,266,223,49,268,568,0.471830985915493,300,322,90,232,376,914,657,7
BL_UNI_17,BL_1,3,Union Berlin,28,Bundesliga,34,494,278,217,216,61,239,525,0.455238095238095,286,356,101,255,262,756,704,6
BL_UNI_17,BL_1,4,Union Berlin,30,Bundesliga,34,549,352,242,240,67,254,504,0.503968253968254,250,480,137,343,305,854,861,9
BL_UNI_17,BL_1,5,Union Berlin,28,Bundesliga,34,537,318,266,223,48,270,507,0.532544378698225,237,409,110,299,312,849,1046,13
BL_WOL_19,BL_1,1,Wolfsburg,26,Bundesliga,34,594,363,271,256,67,271,599,0.452420701168614,328,465,79,386,477,1071,700,6
BL_WOL_19,BL_1,2,Wolfsburg,30,Bundesliga,340,539,298,278,201,60,257,540,0.475925925925926,283,388,103,285,388,927,740,9
BL_WOL_19,BL_1,3,Wolfsburg,28,Bundesliga,34,543,324,255,206,82,265,521,0.508637236084453,256,443,116,327,292,835,701,9
BL_WOL_19,BL_1,4,Wolfsburg,28,Bundesliga,34,550,303,272,201,77,262,527,0.497153700189753,265,414,99,315,268,818,801,8
BL_WOL_19,BL_1,5,Wolfsburg,27,Bundesliga,34,491,301,257,175,59,246,540,0.455555555555556,294,435,133,302,312,803,977,19
L1_AJA_23,L1_1,3,Ajaccio,36,Ligue 1,38,637,382,321,236,80,313,694,0.451008645533141,381,359,85,274,420,1057,670,10
L1_ANG_1,L1_1,1,Angers,31,Ligue 1,38,626,376,302,256,68,314,754,0.416445623342175,440,330,78,252,443,1069,654,1
L1_ANG_1,L1_1,2,Angers,30,Ligue 1,380,619,370,301,253,65,284,659,0.430955993930197,375,384,99,285,423,1042,631,9
L1_ANG_1,L1_1,3,Angers,33,Ligue 1,38,652,386,311,268,73,310,610,0.508196721311475,300,402,99,303,375,1027,605,13
L1_ANG_1,L1_1,5,Angers,30,Ligue 1,34,624,392,340,202,82,294,607,0.484349258649094,313,365,116,249,336,960,903,20
L1_AUX_24,L1_1,3,Auxerre,33,Ligue 1,38,674,378,337,263,74,313,678,0.46165191740413,365,441,118,323,454,1128,782,11
L1_AUX_24,L1_1,5,Auxerre,29,Ligue 1,34,657,403,330,232,95,316,606,0.521452145214521,290,394,125,269,350,1007,944,17
L1_BOR_2,L1_1,1,Bordeaux,28,Ligue 1,38,567,329,294,212,61,253,623,0.406099518459069,370,383,123,260,503,1070,677,9
L1_BOR_2,L1_1,2,Bordeaux,39,Ligue 1,380,642,377,321,243,78,323,741,0.435897435897436,418,357,104,253,454,1096,688,19
L1_BRE_3,L1_1,1,Brest,26,Ligue 1,38,610,355,321,236,53,284,633,0.448657187993681,349,358,109,249,463,1073,685,12
L1_BRE_3,L1_1,2,Brest,25,Ligue 1,380,682,400,342,249,91,310,655,0.473282442748092,345,369,108,261,469,1151,707,4
L1_BRE_3,L1_1,3,Brest,29,Ligue 1,38,705,417,348,289,68,356,740,0.481081081081081,384,435,115,320,475,1180,686,13
L1_BRE_3,L1_1,4,Brest,25,Ligue 1,34,679,427,295,299,85,306,715,0.427972027972028,409,386,100,286,321,1000,644,13
L1_BRE_3,L1_1,5,Brest,30,Ligue 1,34,656,426,291,255,110,308,583,0.528301886792453,275,363,105,258,316,972,869,14
L1_CLE_21,L1_1,2,Clermont Foot,28,Ligue 1,380,622,361,285,262,75,291,665,0.437593984962406,374,372,99,273,386,1008,527,9
L1_CLE_21,L1_1,3,Clermont Foot,28,Ligue 1,38,685,398,350,250,85,351,779,0.450577663671374,428,424,126,298,440,1125,571,17
L1_CLE_21,L1_1,4,Clermont Foot,31,Ligue 1,34,581,358,279,242,60,312,633,0.492890995260664,321,382,130,252,347,928,667,19
L1_DIJ_4,L1_1,1,Dijon,33,Ligue 1,38,601,367,329,225,47,278,661,0.420574886535552,383,351,112,239,471,1072,729,16
L1_LEH_26,L1_1,4,Le Havre,27,Ligue 1,34,560,332,293,207,60,283,572,0.494755244755245,289,362,124,238,363,923,664,10
L1_LEH_26,L1_1,5,Le Havre,31,Ligue 1,34,621,387,326,212,83,304,562,0.540925266903915,258,362,131,231,324,945,987,24
L1_LEN_5,L1_1,1,Lens,27,Ligue 1,38,601,358,264,253,84,237,533,0.444652908067542,296,375,92,283,508,1109,690,12
L1_LEN_5,L1_1,2,Lens,28,Ligue 1,380,591,359,273,243,75,266,602,0.441860465116279,336,360,99,261,455,1046,616,7
L1_LEN_5,L1_1,3,Lens,29,Ligue 1,38,540,323,225,238,77,262,570,0.459649122807018,308,401,112,289,339,879,559,7
L1_LEN_5,L1_1,4,Lens,27,Ligue 1,34,554,339,213,266,75,291,569,0.511423550087873,278,392,112,280,298,852,549,16
L1_LEN_5,L1_1,5,Lens,33,Ligue 1,34,606,365,264,233,109,299,579,0.516407599309154,280,387,101,286,321,927,705,19
L1_LIL_6,L1_1,1,Lille,21,Ligue 1,38,653,370,273,288,92,305,707,0.431400282885431,402,339,90,249,424,1077,590,6
L1_LIL_6,L1_1,2,Lille,26,Ligue 1,380,653,359,310,274,69,305,619,0.492730210016155,314,351,111,240,377,1030,672,6
L1_LIL_6,L1_1,3,Lille,26,Ligue 1,38,635,370,266,265,104,314,658,0.477203647416413,344,390,74,316,301,936,543,13
L1_LIL_6,L1_1,4,Lille,28,Ligue 1,34,594,370,267,242,85,278,580,0.479310344827586,302,319,80,239,292,886,574,10
L1_LIL_6,L1_1,5,Lille,27,Ligue 1,34,626,356,241,273,112,311,554,0.561371841155235,243,302,74,228,271,897,637,22
L1_LOR_7,L1_1,1,Lorient,27,Ligue 1,38,722,424,353,303,66,333,812,0.410098522167488,479,422,114,308,527,1249,670,11
L1_LOR_7,L1_1,2,Lorient,29,Ligue 1,380,696,412,337,292,67,383,811,0.472256473489519,428,405,115,290,412,1108,776,9
L1_LOR_7,L1_1,3,Lorient,30,Ligue 1,38,736,420,409,244,83,315,690,0.456521739130435,375,484,141,343,369,1105,849,17
L1_LOR_7,L1_1,4,Lorient,38,Ligue 1,34,538,326,284,195,59,252,531,0.474576271186441,279,391,129,262,337,875,805,14
L1_LYO_8,L1_1,1,Lyon,29,Ligue 1,38,583,344,250,249,84,264,639,0.413145539906103,375,366,115,251,408,991,595,14
L1_LYO_8,L1_1,2,Lyon,30,Ligue 1,380,632,367,264,270,98,279,614,0.454397394136808,335,385,91,294,396,1028,621,17
L1_LYO_8,L1_1,3,Lyon,29,Ligue 1,38,723,423,306,282,135,367,771,0.476005188067445,404,433,107,326,481,1204,542,12
L1_LYO_8,L1_1,4,Lyon,35,Ligue 1,34,538,331,241,203,94,250,578,0.432525951557093,328,343,118,225,304,842,563,12
L1_LYO_8,L1_1,5,Lyon,31,Ligue 1,34,576,340,257,230,89,310,595,0.521008403361345,285,346,113,233,282,858,695,25
L1_MAR_9,L1_1,1,Marseille,31,Ligue 1,38,655,391,266,302,87,313,667,0.469265367316342,354,365,105,260,442,1097,710,12
L1_MAR_9,L1_1,2,Marseille,27,Ligue 1,380,556,319,252,238,66,232,501,0.463073852295409,269,263,65,198,327,883,437,10
L1_MAR_9,L1_1,3,Marseille,30,Ligue 1,38,685,404,271,304,110,301,593,0.507588532883642,292,366,101,265,420,1105,570,11
L1_MAR_9,L1_1,4,Marseille,33,Ligue 1,34,604,371,270,264,70,292,587,0.497444633730835,295,365,99,266,332,936,633,8
L1_MAR_9,L1_1,5,Marseille,32,Ligue 1,34,552,358,244,229,79,274,472,0.580508474576271,198,272,70,202,280,832,523,31
L1_MET_10,L1_1,1,Metz,27,Ligue 1,38,685,417,368,252,65,305,675,0.451851851851852,370,394,116,278,572,1257,745,9
L1_MET_10,L1_1,2,Metz,36,Ligue 1,380,711,442,395,275,41,300,649,0.462249614791988,349,452,139,313,507,1218,782,11
L1_MET_10,L1_1,4,Metz,30,Ligue 1,34,562,334,310,183,69,238,514,0.463035019455253,276,416,127,289,348,910,834,9
L1_MON_11,L1_1,1,Monaco,30,Ligue 1,38,733,432,296,346,91,332,696,0.477011494252874,364,356,66,290,436,1169,513,15
L1_MON_11,L1_1,2,Monaco,27,Ligue 1,380,745,435,292,368,85,324,701,0.462196861626248,377,378,103,275,424,1169,487,10
L1_MON_11,L1_1,3,Monaco,27,Ligue 1,38,696,400,284,310,102,323,701,0.46077032810271,378,459,120,339,426,1122,549,14
L1_MON_11,L1_1,4,Monaco,30,Ligue 1,34,664,412,259,314,91,322,686,0.469387755102041,364,418,85,333,394,1058,582,14
L1_MON_11,L1_1,5,Monaco,28,Ligue 1,34,670,429,281,287,102,339,624,0.543269230769231,285,350,70,280,357,1027,667,18
L1_MOP_12,L1_1,1,Montpellier,25,Ligue 1,38,529,334,301,183,45,284,707,0.401697312588402,423,372,150,222,420,949,705,14
L1_MOP_12,L1_1,2,Montpellier,27,Ligue 1,380,625,380,340,210,75,309,723,0.427385892116183,414,363,134,229,356,981,675,13
L1_MOP_12,L1_1,3,Montpellier,31,Ligue 1,38,684,413,362,249,73,361,745,0.484563758389262,384,448,121,327,404,1088,686,9
L1_MOP_12,L1_1,4,Montpellier,31,Ligue 1,34,619,379,352,187,80,310,691,0.44862518089725,381,427,161,266,308,927,766,5
L1_MOP_12,L1_1,5,Montpellier,35,Ligue 1,34,631,389,302,264,65,310,608,0.509868421052632,298,368,123,245,273,904,733,25
L1_NAN_13,L1_1,1,Nantes,25,Ligue 1,38,696,384,357,271,68,368,777,0.473616473616474,409,392,107,285,465,1161,708,6
L1_NAN_13,L1_1,2,Nantes,26,Ligue 1,380,685,405,331,262,92,353,774,0.456072351421189,421,419,136,283,415,1100,680,9
L1_NAN_13,L1_1,3,Nantes,29,Ligue 1,38,709,431,367,249,93,367,730,0.502739726027397,363,427,107,320,431,1140,731,8
L1_NAN_13,L1_1,4,Nantes,35,Ligue 1,34,582,352,307,220,55,298,616,0.483766233766234,318,339,102,237,332,914,697,4
L1_NAN_13,L1_1,5,Nantes,30,Ligue 1,34,645,376,338,224,83,321,565,0.568141592920354,244,402,116,286,283,928,1007,10
L1_NIC_14,L1_1,1,Nice,31,Ligue 1,38,599,364,281,243,75,256,628,0.407643312101911,372,355,123,232,435,1034,644,15
L1_NIC_14,L1_1,2,Nice,27,Ligue 1,380,610,369,291,253,66,314,590,0.532203389830508,276,392,119,273,441,1051,595,7
L1_NIC_14,L1_1,3,Nice,34,Ligue 1,38,818,467,415,295,108,382,680,0.561764705882353,298,419,115,304,413,1231,588,9
L1_NIC_14,L1_1,4,Nice,27,Ligue 1,34,538,308,247,212,79,285,505,0.564356435643564,220,389,111,278,292,830,505,10
L1_NIC_14,L1_1,5,Nice,31,Ligue 1,34,633,399,297,242,94,297,534,0.556179775280899,237,417,127,290,365,998,784,32
L1_NÎM_15,L1_1,1,Nîmes,33,Ligue 1,38,625,372,301,244,80,310,709,0.437235543018336,399,407,122,285,501,1126,710,17
L1_PSG_16,L1_1,1,Paris S-G,33,Ligue 1,38,609,385,217,278,114,293,700,0.418571428571429,407,327,81,246,373,982,448,22
L1_PSG_16,L1_1,2,Paris S-G,36,Ligue 1,380,607,360,229,276,102,290,599,0.484140233722871,309,330,106,224,303,910,437,14
L1_PSG_16,L1_1,3,Paris S-G,26,Ligue 1,38,612,362,253,255,104,339,693,0.489177489177489,354,378,109,269,296,908,432,20
L1_PSG_16,L1_1,4,Paris S-G,29,Ligue 1,34,585,360,254,221,110,283,602,0.470099667774086,319,346,108,238,268,853,509,22
L1_PSG_16,L1_1,5,Paris S-G,28,Ligue 1,34,619,386,242,266,111,325,607,0.535420098846787,282,360,103,257,265,884,493,19
L1_REI_17,L1_1,1,Reims,29,Ligue 1,38,656,372,336,242,78,276,645,0.427906976744186,369,335,121,214,487,1143,762,18
L1_REI_17,L1_1,2,Reims,35,Ligue 1,380,615,365,328,221,66,286,629,0.454689984101749,343,460,154,306,493,1108,753,7
L1_REI_17,L1_1,3,Reims,34,Ligue 1,38,703,407,338,259,106,339,747,0.453815261044177,408,468,127,341,397,1100,633,15
L1_REI_17,L1_1,4,Reims,29,Ligue 1,34,640,392,303,246,91,320,639,0.500782472613458,319,398,133,265,342,982,671,10
L1_REI_17,L1_1,5,Reims,34,Ligue 1,34,558,359,313,174,71,285,551,0.517241379310345,266,392,145,247,289,847,958,20
L1_REN_18,L1_1,1,Rennes,32,Ligue 1,38,587,337,242,254,91,234,564,0.414893617021277,330,347,74,273,361,948,510,12
L1_REN_18,L1_1,2,Rennes,28,Ligue 1,380,546,318,234,215,97,261,550,0.474545454545455,289,347,92,255,315,861,646,12
L1_REN_18,L1_1,3,Rennes,32,Ligue 1,38,600,335,255,251,94,289,616,0.469155844155844,327,392,91,301,341,941,587,10
L1_REN_18,L1_1,4,Rennes,29,Ligue 1,34,526,311,261,190,75,280,525,0.533333333333333,245,371,106,265,328,854,618,10
L1_REN_18,L1_1,5,Rennes,35,Ligue 1,34,596,363,282,234,80,296,510,0.580392156862745,214,350,96,254,337,933,739,14
L1_SAI_19,L1_1,1,Saint-Étienne,40,Ligue 1,38,716,428,394,253,69,326,700,0.465714285714286,374,374,88,286,471,1187,665,10
L1_SAI_19,L1_1,2,Saint-Étienne,39,Ligue 1,380,695,397,341,265,89,295,638,0.462382445141066,343,398,93,305,452,1147,563,10
L1_SAI_19,L1_1,5,Saint-Étienne,32,Ligue 1,34,581,382,291,216,74,296,594,0.498316498316498,298,404,135,269,328,909,854,26
L1_STR_20,L1_1,1,Strasbourg,26,Ligue 1,38,633,396,313,247,73,280,615,0.455284552845528,335,303,77,226,521,1154,641,11
L1_STR_20,L1_1,2,Strasbourg,26,Ligue 1,380,660,392,302,257,101,293,626,0.468051118210863,333,380,93,287,433,1093,563,6
L1_STR_20,L1_1,3,Strasbourg,29,Ligue 1,38,690,409,316,284,90,344,666,0.516516516516517,322,423,98,325,437,1127,688,5
L1_STR_20,L1_1,4,Strasbourg,30,Ligue 1,34,620,383,317,240,63,308,572,0.538461538461538,264,406,115,291,347,967,682,13
L1_STR_20,L1_1,5,Strasbourg,30,Ligue 1,34,537,335,256,213,68,257,459,0.559912854030501,202,376,111,265,282,819,899,17
L1_TOU_25,L1_1,3,Toulouse,29,Ligue 1,38,716,406,349,264,103,368,842,0.437054631828979,474,476,138,338,409,1125,656,15
L1_TOU_25,L1_1,4,Toulouse,26,Ligue 1,34,612,358,295,241,76,294,626,0.46964856230032,332,431,148,283,294,906,715,6
L1_TOU_25,L1_1,5,Toulouse,27,Ligue 1,34,605,364,264,253,88,318,608,0.523026315789474,290,341,103,238,281,886,775,15
L1_TRO_22,L1_1,2,Troyes,35,Ligue 1,380,636,351,351,221,64,285,625,0.456,340,375,107,268,430,1066,656,8
L1_TRO_22,L1_1,3,Troyes,32,Ligue 1,38,608,361,333,207,68,272,606,0.448844884488449,334,416,144,272,398,1006,779,5
LL_ALA_1,LL_1,1,Alavés,30,La Liga,38,499,292,263,181,55,197,565,0.348672566371681,368,341,90,251,428,927,766,8
LL_ALA_1,LL_1,2,Alavés,33,La Liga,380,550,324,271,221,58,262,637,0.411302982731554,375,373,106,267,376,926,890,7
LL_ALA_1,LL_1,4,Alavés,30,La Liga,38,578,347,284,227,67,290,629,0.461049284578696,339,363,117,246,279,857,810,5
LL_ALA_1,LL_1,5,Alavés,29,La Liga,38,737,459,346,307,84,348,726,0.479338842975207,378,382,96,286,309,1046,918,10
LL_ALM_24,LL_1,3,Almería,29,La Liga,38,557,322,292,202,63,280,623,0.449438202247191,343,435,122,313,322,879,855,13
LL_ALM_24,LL_1,4,Almería,35,La Liga,38,633,372,354,222,57,280,582,0.481099656357388,302,430,134,296,313,946,856,19
LL_ATM_3,LL_1,1,Atlético Madrid,25,La Liga,38,622,367,291,253,78,296,631,0.469096671949287,335,361,83,278,386,1008,671,7
LL_ATM_3,LL_1,2,Atlético Madrid,26,La Liga,380,636,346,290,279,67,293,619,0.473344103392569,326,372,98,274,365,1001,649,14
LL_ATM_3,LL_1,3,Atlético Madrid,27,La Liga,38,667,408,332,245,90,334,685,0.487591240875912,351,396,103,293,304,971,704,9
LL_ATM_3,LL_1,4,Atlético Madrid,27,La Liga,38,654,399,308,263,83,327,671,0.487332339791356,344,460,114,346,256,910,793,8
LL_ATM_3,LL_1,5,Atlético Madrid,24,La Liga,38,619,375,305,238,76,319,627,0.508771929824561,308,358,97,261,260,879,818,25
LL_BAR_4,LL_1,1,Barcelona,25,La Liga,38,499,293,223,195,81,224,522,0.42911877394636,298,325,70,255,361,860,429,16
LL_BAR_4,LL_1,2,Barcelona,38,La Liga,380,587,331,236,270,81,244,493,0.494929006085193,249,346,85,261,325,912,467,17
LL_BAR_4,LL_1,3,Barcelona,29,La Liga,38,522,324,211,216,95,227,498,0.455823293172691,271,353,82,271,253,775,439,17
LL_BAR_4,LL_1,4,Barcelona,29,La Liga,38,571,363,271,223,77,243,523,0.464627151051625,280,363,97,266,257,828,573,17
LL_BAR_4,LL_1,5,Barcelona,28,La Liga,38,538,332,186,245,107,271,520,0.521153846153846,249,329,60,269,227,765,601,14
LL_BET_5,LL_1,1,Betis,25,La Liga,38,556,314,274,220,62,211,556,0.379496402877698,345,361,74,287,452,1008,687,11
LL_BET_5,LL_1,2,Betis,31,La Liga,380,662,392,322,261,79,324,695,0.466187050359712,371,386,112,274,361,1023,777,11
LL_BET_5,LL_1,3,Betis,30,La Liga,38,665,421,373,238,54,338,701,0.482168330955777,363,411,112,299,364,1029,857,7
LL_BET_5,LL_1,4,Betis,35,La Liga,38,692,440,305,300,87,358,683,0.52415812591508,325,422,101,321,345,1037,801,9
LL_BET_5,LL_1,5,Betis,36,La Liga,38,645,397,271,273,101,342,644,0.531055900621118,302,406,113,293,356,1001,910,19
LL_BIL_2,LL_1,1,Athletic Club,27,La Liga,38,461,269,194,200,67,167,515,0.324271844660194,348,341,74,267,344,805,684,9
LL_BIL_2,LL_1,2,Athletic Club,26,La Liga,380,508,292,217,216,75,224,582,0.384879725085911,358,411,128,283,339,847,788,8
LL_BIL_2,LL_1,3,Athletic Club,26,La Liga,38,608,369,267,254,87,322,642,0.501557632398754,320,415,95,320,310,918,598,14
LL_BIL_2,LL_1,4,Athletic Club,27,La Liga,38,581,362,217,264,100,305,635,0.480314960629921,330,419,106,313,278,859,631,4
LL_BIL_2,LL_1,5,Athletic Club,31,La Liga,38,577,345,240,252,85,296,579,0.511226252158895,283,353,72,281,344,921,911,25
LL_CAD_6,LL_1,1,Cádiz,34,La Liga,38,573,317,305,216,52,247,607,0.406919275123558,360,368,99,269,437,1010,788,8
LL_CAD_6,LL_1,2,Cádiz,33,La Liga,380,647,380,346,238,63,301,711,0.423347398030942,410,390,106,284,413,1060,768,5
LL_CAD_6,LL_1,3,Cádiz,38,La Liga,38,623,410,358,205,60,320,671,0.476900149031297,351,425,128,297,270,893,853,13
LL_CAD_6,LL_1,4,Cádiz,34,La Liga,38,671,398,338,264,69,341,728,0.468406593406593,387,443,123,320,298,969,786,13
LL_CEL_7,LL_1,1,Celta Vigo,30,La Liga,38,662,368,332,259,71,238,694,0.342939481268012,456,399,89,310,405,1067,751,12
LL_CEL_7,LL_1,2,Celta Vigo,25,La Liga,380,696,409,324,279,93,286,762,0.375328083989501,476,423,91,332,376,1072,634,11
LL_CEL_7,LL_1,3,Celta Vigo,26,La Liga,38,664,413,319,269,76,295,676,0.436390532544379,381,393,84,309,368,1032,666,5
LL_CEL_7,LL_1,4,Celta Vigo,31,La Liga,38,627,382,302,243,82,308,662,0.465256797583082,354,434,116,318,297,924,832,9
LL_CEL_7,LL_1,5,Celta Vigo,30,La Liga,38,555,340,258,217,80,286,576,0.496527777777778,290,345,91,254,282,837,828,30
LL_EIB_8,LL_1,1,Eibar,30,La Liga,38,514,309,228,204,82,203,518,0.391891891891892,315,360,63,297,434,948,593,11
LL_ELC_9,LL_1,1,Elche,30,La Liga,38,551,335,324,189,38,210,578,0.363321799307958,368,357,97,260,386,937,689,11
LL_ELC_9,LL_1,2,Elche,28,La Liga,380,589,325,335,191,63,268,622,0.430868167202572,354,367,126,241,305,894,769,14
LL_ELC_9,LL_1,3,Elche,32,La Liga,38,633,363,367,212,54,280,603,0.464344941956882,323,413,131,282,323,956,766,13
LL_ESP_21,LL_1,2,Espanyol,34,La Liga,380,557,338,308,196,53,275,646,0.425696594427245,371,360,114,246,326,883,892,20
LL_ESP_21,LL_1,3,Espanyol,33,La Liga,38,652,379,330,239,83,301,600,0.501666666666667,299,416,134,282,338,990,788,9
LL_ESP_21,LL_1,5,Espanyol,27,La Liga,38,640,397,380,210,50,310,610,0.508196721311475,300,435,155,280,315,955,1131,21
LL_GET_10,LL_1,1,Getafe,31,La Liga,38,579,352,232,276,71,241,619,0.389337641357028,378,361,53,308,393,972,615,4
LL_GET_10,LL_1,2,Getafe,31,La Liga,380,587,360,266,243,78,248,594,0.417508417508418,346,400,96,304,401,988,719,8
LL_GET_10,LL_1,3,Getafe,25,La Liga,38,541,339,282,199,60,285,619,0.460420032310178,334,404,113,291,320,861,794,10
LL_GET_10,LL_1,4,Getafe,33,La Liga,38,608,364,269,251,88,291,577,0.504332755632582,286,342,103,239,307,915,730,6
LL_GET_10,LL_1,5,Getafe,30,La Liga,38,645,393,287,278,80,333,665,0.500751879699248,332,411,84,327,276,921,1065,15
LL_GIR_25,LL_1,3,Girona,29,La Liga,38,551,321,271,213,67,244,532,0.458646616541353,288,379,111,268,266,817,662,20
LL_GIR_25,LL_1,4,Girona,25,La Liga,38,544,340,264,222,58,274,521,0.525911708253359,247,378,124,254,257,801,661,21
LL_GIR_25,LL_1,5,Girona,30,La Liga,38,569,348,268,219,82,292,557,0.524236983842011,265,327,104,223,279,848,722,34
LL_GRA_11,LL_1,1,Granada,34,La Liga,38,499,279,226,213,60,185,468,0.395299145299145,283,388,128,260,392,891,764,7
LL_GRA_11,LL_1,2,Granada,32,La Liga,380,611,343,310,240,61,274,632,0.433544303797468,358,437,130,307,326,937,841,8
LL_GRA_11,LL_1,4,Granada,40,La Liga,38,637,374,336,237,64,289,623,0.463884430176565,334,404,110,294,280,917,779,26
LL_HUE_12,LL_1,1,Huesca,27,La Liga,38,556,322,309,191,56,239,579,0.412780656303972,340,342,83,259,437,993,616,7
LL_LAP_26,LL_1,4,Las Palmas,29,La Liga,38,662,397,328,263,71,305,633,0.481832543443918,328,416,98,318,281,943,761,14
LL_LAP_26,LL_1,5,Las Palmas,34,La Liga,38,619,370,308,253,58,307,592,0.518581081081081,285,434,139,295,321,940,971,28
LL_LEG_27,LL_1,5,Leganés,26,La Liga,38,633,384,301,250,82,295,599,0.492487479131886,304,436,157,279,332,965,1201,18
LL_LEV_13,LL_1,1,Levante,29,La Liga,38,512,283,268,189,55,208,543,0.383057090239411,335,336,94,242,432,944,680,15
LL_LEV_13,LL_1,2,Levante,31,La Liga,380,558,305,268,212,78,237,611,0.387888707037643,374,326,110,216,377,935,735,12
LL_MAL_22,LL_1,2,Mallorca,33,La Liga,380,607,332,301,235,71,248,551,0.450090744101633,303,374,119,255,344,951,826,9
LL_MAL_22,LL_1,3,Mallorca,31,La Liga,38,583,344,318,213,52,283,581,0.487091222030981,298,402,146,256,318,901,859,7
LL_MAL_22,LL_1,4,Mallorca,25,La Liga,38,686,388,347,281,58,340,657,0.517503805175038,317,369,131,238,365,1051,785,10
LL_MAL_22,LL_1,5,Mallorca,28,La Liga,38,584,361,305,211,68,257,500,0.514,243,389,153,236,326,910,1161,17
LL_OSA_14,LL_1,1,Osasuna,28,La Liga,38,524,281,223,217,84,224,552,0.405797101449275,328,349,100,249,392,916,774,7
LL_OSA_14,LL_1,2,Osasuna,29,La Liga,380,577,331,270,236,71,251,598,0.419732441471572,347,340,115,225,368,945,758,5
LL_OSA_14,LL_1,3,Osasuna,26,La Liga,38,534,328,256,196,82,266,588,0.452380952380952,322,392,97,295,315,849,749,10
LL_OSA_14,LL_1,4,Osasuna,29,La Liga,38,525,311,247,201,77,243,517,0.470019342359768,274,400,108,292,263,788,756,16
LL_OSA_14,LL_1,5,Osasuna,25,La Liga,38,614,365,296,239,79,311,618,0.503236245954692,307,388,102,286,266,880,918,16
LL_RAY_23,LL_1,2,Rayo Vallecano,28,La Liga,380,621,359,320,237,64,280,688,0.406976744186046,408,410,95,315,365,986,686,9
LL_RAY_23,LL_1,3,Rayo Vallecano,28,La Liga,38,636,393,262,276,98,281,664,0.423192771084337,383,428,92,336,309,945,680,11
LL_RAY_23,LL_1,4,Rayo Vallecano,26,La Liga,38,630,372,279,282,69,270,608,0.444078947368421,338,410,105,305,308,938,796,12
LL_RAY_23,LL_1,5,Rayo Vallecano,26,La Liga,38,626,396,328,218,80,309,664,0.465361445783133,355,443,128,315,334,960,973,22
LL_RMA_15,LL_1,1,Real Madrid,30,La Liga,38,531,318,266,188,77,192,532,0.360902255639098,340,344,83,261,398,929,544,12
LL_RMA_15,LL_1,2,Real Madrid,31,La Liga,380,560,345,281,195,84,211,502,0.420318725099602,291,379,114,265,334,894,526,17
LL_RMA_15,LL_1,3,Real Madrid,26,La Liga,38,542,353,242,212,88,259,565,0.458407079646018,306,365,105,260,296,838,469,5
LL_RMA_15,LL_1,4,Real Madrid,27,La Liga,38,557,368,252,214,91,225,461,0.488069414316703,236,401,104,297,296,853,552,14
LL_RMA_15,LL_1,5,Real Madrid,30,La Liga,38,586,359,294,209,83,264,486,0.54320987654321,222,353,105,248,331,917,633,19
LL_RSC_16,LL_1,1,Real Sociedad,30,La Liga,38,547,322,240,227,80,200,480,0.416666666666667,280,353,96,257,315,862,563,5
LL_RSC_16,LL_1,2,Real Sociedad,32,La Liga,380,586,339,271,234,81,260,546,0.476190476190476,286,382,105,277,348,934,703,6
LL_RSC_16,LL_1,3,Real Sociedad,30,La Liga,38,660,395,304,254,102,285,613,0.464926590538336,328,399,103,296,271,931,624,13
LL_RSC_16,LL_1,4,Real Sociedad,31,La Liga,38,650,405,271,285,94,283,552,0.51268115942029,269,405,118,287,253,903,693,15
LL_RSC_16,LL_1,5,Real Sociedad,31,La Liga,38,649,401,309,244,96,308,579,0.531951640759931,271,428,120,308,283,932,913,21
LL_SEV_17,LL_1,1,Sevilla,26,La Liga,38,492,297,220,200,72,184,510,0.36078431372549,326,310,90,220,362,854,636,10
LL_SEV_17,LL_1,2,Sevilla,33,La Liga,380,534,302,252,211,71,236,542,0.435424354243542,306,367,124,243,270,804,603,18
LL_SEV_17,LL_1,3,Sevilla,35,La Liga,38,587,367,261,230,96,281,591,0.475465313028765,310,361,127,234,339,926,633,9
LL_SEV_17,LL_1,4,Sevilla,35,La Liga,38,697,463,380,237,80,335,626,0.535143769968051,291,395,123,272,313,1010,772,9
LL_SEV_17,LL_1,5,Sevilla,35,La Liga,38,648,390,321,240,87,312,563,0.55417406749556,251,368,88,280,367,1015,931,17
LL_VAL_18,LL_1,1,Valencia,30,La Liga,38,463,277,241,163,59,198,592,0.33445945945946,394,372,123,249,392,855,785,12
LL_VAL_18,LL_1,2,Valencia,34,La Liga,380,591,364,289,217,85,266,623,0.426966292134831,357,373,93,280,339,930,746,8
LL_VAL_18,LL_1,3,Valencia,28,La Liga,38,678,428,340,254,84,311,645,0.482170542635659,334,370,75,295,288,966,643,21
LL_VAL_18,LL_1,4,Valencia,29,La Liga,38,657,379,335,250,72,309,618,0.5,309,392,105,287,324,981,842,9
LL_VAL_18,LL_1,5,Valencia,32,La Liga,38,647,415,340,228,79,321,573,0.56020942408377,252,366,96,270,302,949,953,19
LL_VLD_19,LL_1,1,Valladolid,32,La Liga,38,559,321,285,208,66,247,681,0.362701908957416,434,379,102,277,431,990,812,9
LL_VLD_19,LL_1,3,Valladolid,36,La Liga,38,671,396,334,251,86,296,628,0.471337579617834,332,432,149,283,345,1016,767,8
LL_VLD_19,LL_1,5,Valladolid,38,La Liga,38,596,357,342,204,50,276,566,0.487632508833922,290,450,160,290,311,907,944,29
LL_VLR_20,LL_1,1,Villarreal,29,La Liga,38,539,313,256,205,78,239,588,0.406462585034014,349,358,101,257,371,910,638,17
LL_VLR_20,LL_1,2,Villarreal,29,La Liga,380,538,312,250,197,91,229,476,0.48109243697479,247,330,109,221,329,867,644,16
LL_VLR_20,LL_1,3,Villarreal,32,La Liga,38,578,370,276,201,101,270,534,0.50561797752809,264,372,125,247,262,840,691,16
LL_VLR_20,LL_1,4,Villarreal,32,La Liga,38,576,348,288,212,76,260,532,0.488721804511278,272,386,130,256,304,880,789,12
LL_VLR_20,LL_1,5,Villarreal,31,La Liga,38,649,396,333,236,80,336,628,0.535031847133758,292,426,131,295,281,930,922,21
PL_ARS_1,PL_1,1,Arsenal,29,Premier League,38,456,252,206,184,66,212,547,0.387568555758684,335,368,113,255,351,807,643,16
PL_ARS_1,PL_1,2,Arsenal,27,Premier League,380,540,311,261,195,84,244,500,0.488,256,386,123,263,296,836,658,20
PL_ARS_1,PL_1,3,Arsenal,26,Premier League,38,568,343,238,212,118,249,510,0.488235294117647,261,362,86,276,237,805,599,23
PL_ARS_1,PL_1,4,Arsenal,25,Premier League,38,610,348,257,246,107,271,543,0.499079189686924,272,412,106,306,292,902,515,18
PL_ARS_1,PL_1,5,Arsenal,25,Premier League,38,598,348,220,249,129,260,515,0.504854368932039,255,328,106,222,225,823,680,33
PL_AST_2,PL_1,1,Aston Villa,24,Premier League,38,530,282,262,202,66,250,571,0.437828371278459,321,438,159,279,387,917,783,17
PL_AST_2,PL_1,2,Aston Villa,31,Premier League,380,634,382,300,259,75,300,649,0.462249614791988,349,453,140,313,339,973,693,13
PL_AST_2,PL_1,3,Aston Villa,26,Premier League,38,632,338,305,251,76,312,648,0.481481481481481,336,438,118,320,324,956,714,14
PL_AST_2,PL_1,4,Aston Villa,31,Premier League,38,547,311,269,210,68,260,550,0.472727272727273,290,389,113,276,236,783,597,13
PL_AST_2,PL_1,5,Aston Villa,28,Premier League,38,637,372,293,249,95,310,546,0.567765567765568,236,329,107,222,240,877,788,43
PL_BOU_3,PL_1,3,Bournemouth,31,Premier League,38,618,371,316,249,53,256,614,0.416938110749186,358,499,170,329,353,971,1027,11
PL_BOU_3,PL_1,4,Bournemouth,30,Premier League,38,693,410,301,281,111,325,688,0.472383720930233,363,504,153,351,357,1050,817,16
PL_BOU_3,PL_1,5,Bournemouth,29,Premier League,38,691,399,290,299,102,301,627,0.48006379585327,326,459,136,323,351,1042,1013,22
PL_BRE_4,PL_1,2,Brentford,29,Premier League,380,607,342,299,228,80,291,616,0.472402597402597,325,383,113,270,393,1000,863,7
PL_BRE_4,PL_1,3,Brentford,25,Premier League,38,588,338,271,228,89,253,597,0.423785594639866,344,456,168,288,341,929,822,14
PL_BRE_4,PL_1,4,Brentford,28,Premier League,38,677,399,349,250,78,317,697,0.45480631276901,380,474,142,332,378,1055,903,18
PL_BRE_4,PL_1,5,Brentford,28,Premier League,38,633,380,289,223,121,314,596,0.526845637583893,282,480,199,281,285,918,1040,28
PL_BRI_5,PL_1,1,Brighton,27,Premier League,38,628,334,297,251,80,252,603,0.417910447761194,351,417,97,320,425,1053,604,8
PL_BRI_5,PL_1,2,Brighton,26,Premier League,380,668,403,306,257,105,243,563,0.431616341030195,320,480,150,330,358,1026,723,12
PL_BRI_5,PL_1,3,Brighton,29,Premier League,38,616,340,270,242,104,266,561,0.47415329768271,295,392,104,288,303,919,432,15
PL_BRI_5,PL_1,4,Brighton,30,Premier League,38,644,366,292,252,100,307,658,0.466565349544073,351,437,140,297,288,932,603,21
PL_BRI_5,PL_1,5,Brighton,32,Premier League,38,705,431,287,297,121,350,703,0.497866287339972,353,439,122,317,315,1020,762,29
PL_BUR_21,PL_1,1,Burnley,25,Premier League,38,507,293,241,203,63,229,564,0.406028368794326,335,440,180,260,416,923,824,11
PL_BUR_21,PL_1,2,Burnley,23,Premier League,380,590,324,273,235,82,250,534,0.468164794007491,284,509,211,298,410,1000,887,18
PL_BUR_21,PL_1,4,Burnley,31,Premier League,38,607,342,282,247,78,284,584,0.486301369863014,300,477,169,308,280,887,837,22
PL_CHE_6,PL_1,1,Chelsea,27,Premier League,38,612,341,257,282,73,231,570,0.405263157894737,339,420,83,337,382,994,661,16
PL_CHE_6,PL_1,2,Chelsea,26,Premier League,380,621,348,267,269,85,257,567,0.45326278659612,310,408,96,312,347,968,641,15
PL_CHE_6,PL_1,3,Chelsea,32,Premier League,38,740,445,363,267,110,333,656,0.507621951219512,323,466,108,358,341,1081,661,21
PL_CHE_6,PL_1,4,Chelsea,32,Premier League,38,663,376,325,235,103,323,630,0.512698412698413,307,448,166,282,298,961,785,24
PL_CHE_6,PL_1,5,Chelsea,29,Premier League,38,588,371,243,244,101,273,536,0.509328358208955,263,356,103,253,272,860,695,45
PL_CRY_7,PL_1,1,Crystal Palace,24,Premier League,38,636,366,329,234,73,283,620,0.456451612903226,337,447,138,309,396,1032,774,13
PL_CRY_7,PL_1,2,Crystal Palace,24,Premier League,380,637,374,323,236,78,273,575,0.474782608695652,302,452,135,317,333,970,761,5
PL_CRY_7,PL_1,3,Crystal Palace,26,Premier League,38,690,421,354,246,90,281,532,0.528195488721804,251,463,119,344,359,1049,807,7
PL_CRY_7,PL_1,4,Crystal Palace,26,Premier League,38,788,464,373,301,114,337,609,0.553366174055829,272,456,122,334,323,1111,927,6
PL_CRY_7,PL_1,5,Crystal Palace,29,Premier League,38,767,450,374,300,93,324,643,0.503888024883359,319,485,144,341,334,1101,1088,19
PL_EVE_8,PL_1,1,Everton,29,Premier League,38,640,381,325,242,73,266,664,0.400602409638554,398,458,157,301,392,1032,847,19
PL_EVE_8,PL_1,2,Everton,33,Premier League,380,705,402,369,252,84,336,735,0.457142857142857,399,496,140,356,365,1070,815,15
PL_EVE_8,PL_1,3,Everton,28,Premier League,38,708,424,362,257,89,309,619,0.499192245557351,310,510,180,330,390,1098,874,17
PL_EVE_8,PL_1,4,Everton,26,Premier League,38,743,442,371,261,111,347,701,0.495007132667618,354,479,177,302,358,1101,882,12
PL_EVE_8,PL_1,5,Everton,26,Premier League,38,732,433,366,269,97,338,656,0.515243902439024,318,392,138,254,345,1077,1088,25
PL_FUL_9,PL_1,1,Fulham,28,Premier League,38,601,329,282,231,88,254,581,0.437177280550775,327,356,95,261,437,1038,794,13
PL_FUL_9,PL_1,3,Fulham,29,Premier League,38,625,350,295,229,101,299,588,0.508503401360544,289,455,125,330,340,965,749,15
PL_FUL_9,PL_1,4,Fulham,25,Premier League,38,679,384,339,260,80,346,678,0.510324483775811,332,437,117,320,371,1050,744,14
PL_FUL_9,PL_1,5,Fulham,26,Premier League,38,679,411,327,259,93,289,565,0.511504424778761,276,382,113,269,302,981,914,33
PL_IPS_10,PL_1,5,Ipswich Town,32,Premier League,38,589,340,294,214,81,281,604,0.46523178807947,323,436,185,251,303,892,1102,39
PL_LEE_24,PL_1,1,Leeds United,23,Premier League,38,740,417,378,279,83,310,769,0.403120936280884,459,406,149,257,397,1137,646,26
PL_LEE_24,PL_1,2,Leeds United,29,Premier League,380,787,437,396,298,93,408,886,0.460496613995485,478,473,143,330,395,1182,621,15
PL_LEE_24,PL_1,3,Leeds United,29,Premier League,38,840,480,376,343,121,412,870,0.473563218390805,458,536,131,405,392,1232,734,18
PL_LEI_11,PL_1,1,Leicester City,27,Premier League,38,681,403,319,263,99,295,676,0.436390532544379,381,386,90,296,438,1119,685,9
PL_LEI_11,PL_1,2,Leicester City,28,Premier League,380,690,384,336,270,84,306,720,0.425,414,469,146,323,367,1057,777,15
PL_LEI_11,PL_1,3,Leicester City,28,Premier League,38,699,412,345,291,63,308,677,0.454948301329394,369,517,170,347,367,1066,777,12
PL_LEI_11,PL_1,5,Leicester City,32,Premier League,38,728,431,361,278,89,336,695,0.483453237410072,359,505,198,307,327,1055,987,31
PL_LIV_12,PL_1,1,Liverpool,28,Premier League,38,526,303,195,231,100,220,543,0.405156537753223,323,338,58,280,347,873,563,20
PL_LIV_12,PL_1,2,Liverpool,27,Premier League,380,554,320,207,240,107,233,576,0.404513888888889,343,359,74,285,340,894,523,8
PL_LIV_12,PL_1,3,Liverpool,28,Premier League,38,590,370,228,250,112,281,651,0.431643625192012,370,350,74,276,333,923,568,20
PL_LIV_12,PL_1,4,Liverpool,30,Premier League,38,677,418,274,290,113,341,768,0.444010416666667,427,475,108,367,292,969,583,19
PL_LIV_12,PL_1,5,Liverpool,24,Premier League,38,642,391,271,267,104,340,656,0.518292682926829,316,367,97,270,299,941,724,31
PL_LUT_22,PL_1,4,Luton Town,28,Premier League,38,654,368,330,236,88,299,616,0.48538961038961,317,493,183,310,325,979,916,21
PL_MCI_13,PL_1,1,Manchester City,24,Premier League,38,498,271,198,212,88,234,576,0.40625,342,310,82,228,319,817,453,11
PL_MCI_13,PL_1,2,Manchester City,26,Premier League,380,498,284,183,214,101,227,509,0.445972495088409,282,267,55,212,279,777,403,7
PL_MCI_13,PL_1,3,Manchester City,24,Premier League,38,471,272,185,198,88,212,462,0.458874458874459,250,339,95,244,223,694,402,9
PL_MCI_13,PL_1,4,Manchester City,25,Premier League,38,517,305,183,221,113,222,458,0.48471615720524,236,353,75,278,233,750,457,17
PL_MCI_13,PL_1,5,Manchester City,30,Premier League,38,497,299,183,216,98,214,449,0.476614699331849,235,331,89,242,229,726,619,35
PL_MUN_14,PL_1,1,Manchester Utd,29,Premier League,38,551,311,252,239,60,231,572,0.403846153846154,341,418,116,302,386,937,634,20
PL_MUN_14,PL_1,2,Manchester Utd,29,Premier League,380,585,358,320,197,68,265,608,0.435855263157895,343,404,133,271,340,925,704,20
PL_MUN_14,PL_1,3,Manchester Utd,26,Premier League,38,657,400,343,231,83,300,600,0.5,300,496,146,350,352,1009,771,11
PL_MUN_14,PL_1,4,Manchester Utd,31,Premier League,38,676,409,334,240,102,349,715,0.488111888111888,366,534,207,327,313,989,884,12
PL_MUN_14,PL_1,5,Manchester Utd,31,Premier League,38,817,493,394,305,118,400,723,0.553250345781466,323,386,107,279,358,1175,759,26
PL_NEW_15,PL_1,1,Newcastle Utd,27,Premier League,38,512,268,257,213,42,207,547,0.378427787934186,340,423,160,263,362,874,908,10
PL_NEW_15,PL_1,2,Newcastle Utd,29,Premier League,380,659,383,334,266,59,304,641,0.474258970358814,337,420,162,258,360,1019,776,14
PL_NEW_15,PL_1,3,Newcastle Utd,27,Premier League,38,607,360,268,254,85,307,642,0.478193146417446,335,448,116,332,333,940,680,10
PL_NEW_15,PL_1,4,Newcastle Utd,32,Premier League,38,661,391,316,254,91,302,681,0.443465491923642,379,497,151,346,285,946,682,16
PL_NEW_15,PL_1,5,Newcastle Utd,24,Premier League,38,603,371,275,235,93,306,604,0.506622516556291,298,411,141,270,270,873,884,34
PL_NOR_25,PL_1,2,Norwich City,28,Premier League,380,614,368,322,242,50,297,714,0.415966386554622,417,450,180,270,381,995,860,14
PL_NOT_16,PL_1,3,Nott'ham Forest,33,Premier League,38,659,387,380,201,78,296,589,0.502546689303905,293,500,156,344,349,1008,944,7
PL_NOT_16,PL_1,4,Nott'ham Forest,33,Premier League,38,728,430,437,219,72,326,609,0.535303776683087,283,489,168,321,331,1059,968,13
PL_NOT_16,PL_1,5,Nott'ham Forest,23,Premier League,38,698,419,406,225,67,343,670,0.511940298507463,327,427,157,270,322,1020,1220,24
PL_SHE_23,PL_1,1,Sheffield Utd,27,Premier League,38,634,356,325,239,70,294,720,0.408333333333333,426,442,152,290,351,985,839,19
PL_SHE_23,PL_1,4,Sheffield Utd,35,Premier League,38,709,405,375,248,86,299,635,0.470866141732284,336,514,180,334,348,1057,1042,18
PL_SOU_17,PL_1,1,Southampton,29,Premier League,38,727,419,335,325,67,341,731,0.466484268125855,390,439,95,344,401,1128,681,10
PL_SOU_17,PL_1,2,Southampton,25,Premier League,380,602,340,285,243,74,248,581,0.426850258175559,333,430,132,298,446,1048,795,13
PL_SOU_17,PL_1,3,Southampton,36,Premier League,38,714,426,378,279,57,297,612,0.485294117647059,315,542,165,377,427,1141,852,11
PL_SOU_17,PL_1,5,Southampton,36,Premier League,38,652,378,310,266,76,280,584,0.47945205479452,304,433,201,232,305,957,988,51
PL_TOT_18,PL_1,1,Tottenham,24,Premier League,38,636,361,313,244,79,277,683,0.405563689604685,406,434,147,287,342,978,795,15
PL_TOT_18,PL_1,2,Tottenham,25,Premier League,380,598,349,286,244,68,262,584,0.448630136986301,322,470,161,309,355,953,793,15
PL_TOT_18,PL_1,3,Tottenham,29,Premier League,38,619,353,325,215,79,275,574,0.479094076655052,299,428,148,280,340,959,762,20
PL_TOT_18,PL_1,4,Tottenham,29,Premier League,38,724,451,335,264,125,360,691,0.520984081041968,331,445,132,313,355,1079,707,24
PL_TOT_18,PL_1,5,Tottenham,31,Premier League,38,661,414,285,271,105,296,598,0.494983277591973,302,448,159,289,322,983,821,41
PL_WAT_26,PL_1,2,Watford,30,Premier League,380,614,356,341,213,60,278,626,0.44408945686901,348,440,148,292,444,1058,899,19
PL_WES_19,PL_1,1,West Ham,24,Premier League,38,514,280,269,195,50,224,573,0.390924956369983,349,405,124,281,437,951,779,11
PL_WES_19,PL_1,2,West Ham,25,Premier League,380,534,301,273,199,62,240,557,0.430879712746858,317,420,175,245,374,908,781,5
PL_WES_19,PL_1,3,West Ham,25,Premier League,38,608,336,290,226,92,270,563,0.479573712255773,293,415,139,276,408,1016,810,10
PL_WES_19,PL_1,4,West Ham,26,Premier League,38,684,426,350,254,80,307,607,0.505766062602965,300,487,180,307,361,1045,906,9
PL_WES_19,PL_1,5,West Ham,27,Premier League,38,654,388,317,253,84,290,532,0.545112781954887,242,440,169,271,331,985,1037,28
PL_WES_27,PL_1,1,West Brom,30,Premier League,38,581,328,329,192,60,271,656,0.413109756097561,385,455,159,296,435,1016,876,13
PL_WOL_20,PL_1,1,Wolves,27,Premier League,38,588,335,322,220,46,277,611,0.453355155482815,334,359,117,242,432,1020,727,15
PL_WOL_20,PL_1,2,Wolves,26,Premier League,380,673,377,377,242,54,273,671,0.406855439642325,398,437,135,302,389,1062,820,20
PL_WOL_20,PL_1,3,Wolves,32,Premier League,38,660,370,363,222,75,285,616,0.462662337662338,331,497,175,322,279,939,817,19
PL_WOL_20,PL_1,4,Wolves,27,Premier League,38,739,430,415,247,77,312,607,0.514003294892916,295,506,173,333,284,1023,828,16
PL_WOL_20,PL_1,5,Wolves,32,Premier League,38,801,471,412,305,84,373,669,0.557548579970105,296,437,137,300,298,1099,947,25
SA_ATL_1,SA_1,1,Atalanta,30,Serie A,38,606,343,252,256,98,265,591,0.44839255499154,326,421,92,329,516,1122,484,11
SA_ATL_1,SA_1,2,Atalanta,32,Serie A,380,630,341,252,271,107,299,635,0.470866141732284,336,436,96,340,441,1071,483,6
SA_ATL_1,SA_1,3,Atalanta,27,Serie A,38,636,364,291,272,73,312,634,0.49211356466877,322,455,93,362,421,1057,613,12
SA_ATL_1,SA_1,4,Atalanta,29,Serie A,38,613,369,273,249,91,291,597,0.487437185929648,306,483,119,364,340,953,614,7
SA_ATL_1,SA_1,5,Atalanta,32,Serie A,38,571,347,238,260,73,272,506,0.537549407114624,234,360,98,262,296,867,679,16
SA_BEE_2,SA_1,1,Benevento,29,Serie A,38,511,288,278,179,54,243,646,0.376160990712074,403,382,123,259,383,894,746,13
SA_BOL_3,SA_1,1,Bologna,37,Serie A,38,542,313,273,186,83,209,538,0.388475836431227,329,452,147,305,424,966,740,21
SA_BOL_3,SA_1,2,Bologna,36,Serie A,380,530,298,261,202,67,216,528,0.409090909090909,312,384,127,257,370,900,678,5
SA_BOL_3,SA_1,3,Bologna,27,Serie A,38,648,373,310,255,83,297,618,0.480582524271845,321,414,131,283,302,950,652,7
SA_BOL_3,SA_1,4,Bologna,28,Serie A,38,633,385,299,267,67,303,579,0.523316062176166,276,426,113,313,258,891,677,17
SA_BOL_3,SA_1,5,Bologna,30,Serie A,38,591,346,215,270,106,283,538,0.526022304832714,255,390,93,297,258,849,679,20
SA_CAL_4,SA_1,1,Cagliari,32,Serie A,38,589,336,296,229,64,269,647,0.415765069551777,378,421,130,291,388,977,777,6
SA_CAL_4,SA_1,2,Cagliari,33,Serie A,380,557,303,263,229,65,230,544,0.422794117647059,314,406,128,278,397,954,747,5
SA_CAL_4,SA_1,4,Cagliari,29,Serie A,38,540,315,272,203,65,264,525,0.502857142857143,261,373,113,260,265,805,816,12
SA_CAL_4,SA_1,5,Cagliari,28,Serie A,38,538,303,264,224,50,238,449,0.530066815144766,211,343,131,212,276,814,887,18
SA_COO_28,SA_1,5,Como,38,Serie A,38,663,412,301,260,102,303,591,0.512690355329949,288,348,91,257,279,942,788,19
SA_CRM_24,SA_1,3,Cremonese,33,Serie A,38,704,400,403,228,73,364,729,0.499314128943759,365,432,136,296,393,1097,771,13
SA_CRT_5,SA_1,1,Crotone,31,Serie A,38,540,311,288,196,56,225,556,0.404676258992806,331,406,137,269,380,920,748,12
SA_EMP_21,SA_1,2,Empoli,28,Serie A,380,568,327,268,208,92,273,606,0.45049504950495,333,451,177,274,352,920,772,10
SA_EMP_21,SA_1,3,Empoli,32,Serie A,38,606,364,316,218,72,254,538,0.472118959107807,284,449,183,266,280,886,910,4
SA_EMP_21,SA_1,4,Empoli,34,Serie A,38,618,378,311,227,80,300,564,0.531914893617021,264,462,154,308,263,881,840,9
SA_EMP_21,SA_1,5,Empoli,34,Serie A,38,689,396,314,293,82,309,543,0.569060773480663,234,396,136,260,323,1012,1072,21
SA_FIR_6,SA_1,1,Fiorentina,30,Serie A,38,496,263,228,198,70,229,544,0.420955882352941,315,362,127,235,388,884,619,8
SA_FIR_6,SA_1,2,Fiorentina,28,Serie A,380,508,301,232,203,73,268,540,0.496296296296296,272,357,91,266,244,752,407,15
SA_FIR_6,SA_1,3,Fiorentina,30,Serie A,38,581,337,232,260,89,282,531,0.531073446327684,249,356,84,272,260,841,473,11
SA_FIR_6,SA_1,4,Fiorentina,30,Serie A,38,564,320,242,231,91,275,512,0.537109375,237,388,81,307,236,800,509,8
SA_FIR_6,SA_1,5,Fiorentina,34,Serie A,38,531,313,267,195,69,248,488,0.508196721311475,240,353,123,230,275,806,911,17
SA_FRS_27,SA_1,4,Frosinone,34,Serie A,38,545,322,244,225,76,253,525,0.481904761904762,272,439,143,296,241,786,789,14
SA_GEO_7,SA_1,1,Genoa,34,Serie A,38,555,309,293,197,65,255,640,0.3984375,385,437,123,314,519,1074,785,12
SA_GEO_7,SA_1,2,Genoa,40,Serie A,380,739,416,324,302,113,349,727,0.480055020632737,378,487,134,353,449,1188,751,15
SA_GEO_7,SA_1,4,Genoa,34,Serie A,38,625,352,315,247,63,283,571,0.495621716287215,288,462,162,300,332,957,796,11
SA_GEO_7,SA_1,5,Genoa,37,Serie A,38,672,385,281,287,104,283,566,0.5,283,422,126,296,308,980,938,15
SA_HEL_8,SA_1,1,Hellas Verona,32,Serie A,38,465,269,224,183,58,173,413,0.418886198547216,240,374,144,230,492,957,756,12
SA_HEL_8,SA_1,2,Hellas Verona,31,Serie A,380,534,308,248,214,72,238,557,0.427289048473968,319,414,107,307,392,926,779,9
SA_HEL_8,SA_1,3,Hellas Verona,36,Serie A,38,605,357,319,228,58,296,562,0.526690391459075,266,445,143,302,337,942,745,12
SA_HEL_8,SA_1,4,Hellas Verona,36,Serie A,38,621,387,302,245,74,293,578,0.506920415224914,285,414,133,281,302,923,784,15
SA_HEL_8,SA_1,5,Hellas Verona,32,Serie A,38,672,434,326,271,75,311,592,0.525337837837838,281,393,123,270,329,1001,987,23
SA_INT_9,SA_1,1,Inter,25,Serie A,38,506,286,214,206,86,213,527,0.404174573055028,314,383,102,281,371,877,582,8
SA_INT_9,SA_1,2,Inter,27,Serie A,380,588,332,265,240,83,247,545,0.453211009174312,298,360,110,250,332,920,485,11
SA_INT_9,SA_1,3,Inter,25,Serie A,38,572,325,247,241,84,258,523,0.493307839388145,265,385,110,275,315,887,541,7
SA_INT_9,SA_1,4,Inter,27,Serie A,38,540,321,252,219,69,234,474,0.493670886075949,240,365,116,249,280,820,576,7
SA_INT_9,SA_1,5,Inter,26,Serie A,38,505,288,215,198,92,239,452,0.528761061946903,213,356,126,230,227,732,676,11
SA_JUV_10,SA_1,1,Juventus,30,Serie A,38,566,323,244,242,80,243,612,0.397058823529412,369,390,114,276,458,1024,581,14
SA_JUV_10,SA_1,2,Juventus,32,Serie A,380,555,316,260,217,78,236,529,0.446124763705104,293,392,134,258,332,887,677,9
SA_JUV_10,SA_1,3,Juventus,29,Serie A,38,594,352,296,219,79,288,558,0.516129032258064,270,421,131,290,307,901,704,10
SA_JUV_10,SA_1,4,Juventus,31,Serie A,38,577,369,270,233,74,264,445,0.593258426966292,181,375,124,251,253,830,725,4
SA_JUV_10,SA_1,5,Juventus,29,Serie A,38,606,353,273,245,88,263,471,0.558386411889597,208,404,139,265,215,821,723,27
SA_LAZ_11,SA_1,1,Lazio,30,Serie A,38,595,346,284,244,67,254,678,0.374631268436578,424,404,92,312,445,1040,649,7
SA_LAZ_11,SA_1,2,Lazio,27,Serie A,380,578,339,246,255,77,238,621,0.383252818035427,383,416,144,272,315,893,565,10
SA_LAZ_11,SA_1,3,Lazio,24,Serie A,38,582,349,261,234,87,277,625,0.4432,348,437,126,311,310,892,606,8
SA_LAZ_11,SA_1,4,Lazio,22,Serie A,38,581,348,259,254,68,283,618,0.457928802588997,335,430,122,308,295,876,640,7
SA_LAZ_11,SA_1,5,Lazio,27,Serie A,38,520,319,234,224,62,251,501,0.500998003992016,250,313,90,223,295,815,718,23
SA_LEC_25,SA_1,3,Lecce,29,Serie A,38,705,427,347,259,99,319,619,0.515347334410339,300,486,112,374,368,1073,826,4
SA_LEC_25,SA_1,4,Lecce,26,Serie A,38,605,374,285,252,68,289,566,0.510600706713781,277,429,117,312,308,913,751,8
SA_LEC_25,SA_1,5,Lecce,31,Serie A,38,627,372,315,250,62,301,584,0.51541095890411,283,407,144,263,285,912,1042,26
SA_MIL_12,SA_1,1,Milan,29,Serie A,38,627,357,299,257,71,276,605,0.456198347107438,329,435,133,302,382,1009,732,13
SA_MIL_12,SA_1,2,Milan,28,Serie A,380,697,421,304,288,105,281,583,0.481989708404803,302,371,110,261,355,1052,477,12
SA_MIL_12,SA_1,3,Milan,30,Serie A,38,690,422,327,295,68,300,563,0.532859680284192,263,387,126,261,289,979,542,9
SA_MIL_12,SA_1,4,Milan,35,Serie A,38,576,333,274,232,70,273,521,0.523992322456814,248,367,146,221,252,828,548,16
SA_MIL_12,SA_1,5,Milan,35,Serie A,38,552,349,249,222,81,246,480,0.5125,234,292,95,197,234,786,691,21
SA_MON_26,SA_1,3,Monza,31,Serie A,38,595,355,323,214,58,260,551,0.471869328493648,291,380,120,260,334,929,661,13
SA_MON_26,SA_1,4,Monza,31,Serie A,38,565,334,307,195,63,266,484,0.549586776859504,218,378,151,227,279,844,642,8
SA_MON_26,SA_1,5,Monza,36,Serie A,38,562,315,304,202,56,272,501,0.542914171656687,229,382,157,225,305,867,874,38
SA_NAP_13,SA_1,1,Napoli,25,Serie A,38,574,345,280,213,81,257,635,0.404724409448819,378,381,98,283,369,943,532,17
SA_NAP_13,SA_1,2,Napoli,27,Serie A,380,550,327,246,227,77,268,617,0.434359805510535,349,371,108,263,296,846,510,8
SA_NAP_13,SA_1,3,Napoli,27,Serie A,38,569,313,236,227,106,255,521,0.489443378119002,266,374,96,278,287,856,490,7
SA_NAP_13,SA_1,4,Napoli,29,Serie A,38,571,326,235,237,99,263,554,0.474729241877256,291,351,92,259,241,812,521,5
SA_NAP_13,SA_1,5,Napoli,27,Serie A,38,535,323,237,238,60,258,469,0.550106609808102,211,317,100,217,270,805,813,11
SA_PAM_14,SA_1,1,Parma,42,Serie A,38,585,317,317,215,53,269,695,0.38705035971223,426,412,116,296,463,1048,806,14
SA_PAM_14,SA_1,5,Parma,32,Serie A,38,523,293,267,201,55,242,484,0.5,242,434,153,281,279,802,977,21
SA_ROM_15,SA_1,1,Roma,31,Serie A,38,478,273,192,218,68,206,582,0.353951890034364,376,360,83,277,489,967,521,26
SA_ROM_15,SA_1,2,Roma,29,Serie A,380,613,362,282,253,78,283,622,0.454983922829582,339,383,82,301,385,998,552,9
SA_ROM_15,SA_1,3,Roma,30,Serie A,38,624,340,301,257,66,289,617,0.46839546191248,328,392,113,279,368,992,590,9
SA_ROM_15,SA_1,4,Roma,30,Serie A,38,569,336,261,229,79,249,535,0.465420560747664,286,370,132,238,242,811,623,16
SA_ROM_15,SA_1,5,Roma,28,Serie A,38,551,328,233,236,82,224,439,0.510250569476082,215,329,110,219,282,833,746,16
SA_SAL_22,SA_1,2,Salernitana,42,Serie A,380,541,321,274,208,59,277,579,0.478411053540587,302,394,146,248,353,894,777,3
SA_SAL_22,SA_1,3,Salernitana,30,Serie A,38,587,337,309,220,58,259,569,0.45518453427065,310,409,157,252,329,916,740,13
SA_SAL_22,SA_1,4,Salernitana,39,Serie A,38,536,327,289,198,49,257,519,0.495183044315992,262,409,161,248,279,815,816,12
SA_SAP_16,SA_1,1,Sampdoria,27,Serie A,38,576,326,275,235,66,251,634,0.39589905362776,383,470,154,316,453,1029,745,6
SA_SAP_16,SA_1,2,Sampdoria,34,Serie A,380,562,327,277,217,68,288,629,0.457869634340223,341,383,134,249,443,1005,723,11
SA_SAP_16,SA_1,3,Sampdoria,40,Serie A,38,589,351,290,240,59,261,558,0.467741935483871,297,428,152,276,317,906,688,7
SA_SAS_17,SA_1,1,Sassuolo,28,Serie A,38,528,310,276,164,88,241,543,0.443830570902394,302,383,141,242,426,954,629,11
SA_SAS_17,SA_1,2,Sassuolo,29,Serie A,380,482,271,252,163,67,236,574,0.411149825783972,338,422,127,295,314,796,664,19
SA_SAS_17,SA_1,3,Sassuolo,31,Serie A,38,502,281,237,186,79,216,461,0.468546637744035,245,371,122,249,278,780,658,16
SA_SAS_17,SA_1,4,Sassuolo,30,Serie A,38,507,310,241,198,68,245,531,0.461393596986817,286,402,143,259,267,774,767,14
SA_SPZ_18,SA_1,1,Spezia,35,Serie A,38,567,318,264,223,80,265,617,0.429497568881686,352,364,101,263,395,962,551,12
SA_SPZ_18,SA_1,2,Spezia,30,Serie A,380,580,343,301,205,74,266,585,0.454700854700855,319,465,176,289,372,952,736,8
SA_SPZ_18,SA_1,3,Spezia,34,Serie A,38,622,359,290,236,96,254,569,0.446397188049209,315,457,161,296,301,923,830,7
SA_TOR_19,SA_1,1,Torino,29,Serie A,38,530,306,241,205,84,247,569,0.434094903339192,322,412,127,285,444,974,727,13
SA_TOR_19,SA_1,2,Torino,31,Serie A,380,531,314,223,234,74,228,440,0.518181818181818,212,375,108,267,423,954,651,4
SA_TOR_19,SA_1,3,Torino,28,Serie A,38,473,265,231,187,55,199,367,0.542234332425068,168,337,110,227,292,765,627,9
SA_TOR_19,SA_1,4,Torino,30,Serie A,38,471,275,207,213,51,191,386,0.494818652849741,195,303,100,203,329,800,594,15
SA_TOR_19,SA_1,5,Torino,31,Serie A,38,468,261,217,181,70,232,437,0.530892448512586,205,338,133,205,278,746,882,21
SA_UDN_20,SA_1,1,Udinese,33,Serie A,38,502,294,264,199,39,209,547,0.382084095063985,338,428,131,297,440,942,683,8
SA_UDN_20,SA_1,2,Udinese,29,Serie A,380,622,350,282,271,69,284,643,0.441679626749611,359,432,122,310,351,973,671,12
SA_UDN_20,SA_1,3,Udinese,30,Serie A,38,651,365,363,228,60,326,632,0.515822784810127,306,437,128,309,314,965,712,8
SA_UDN_20,SA_1,4,Udinese,32,Serie A,38,606,381,345,213,48,299,571,0.523642732049037,272,437,129,308,327,933,988,10
SA_UDN_20,SA_1,5,Udinese,31,Serie A,38,562,346,276,217,69,279,508,0.549212598425197,229,396,139,257,302,864,909,27
SA_VEN_23,SA_1,2,Venezia,39,Serie A,380,613,352,325,217,71,273,626,0.436102236421725,353,495,202,293,388,1001,865,13
SA_VEN_23,SA_1,5,Venezia,36,Serie A,38,605,361,319,202,84,286,572,0.5,286,439,145,294,279,884,921,25
