team_id,league_id,season_id,team_name,Comp,# Pl,90s,team_shooting_Gls,team_shooting_Sh,team_shooting_SoT,team_shooting_G/Sh_new,team_shooting_G/SoT_new,team_shooting_Sh/90_new,team_shooting_SoT/90_new,team_shooting_SoT%_new,team_shooting_FK,team_shooting_PK,team_shooting_PKatt
BL_ARM_1,BL_1,1,Arminia,Bundesliga,26,34,23,331,100,0.07,0.23,9.74,2.94,0.302114803625378,14,1,2
BL_ARM_1,BL_1,2,Arminia,Bundesliga,26,34,26,361,109,0.07,0.24,10.62,3.21,0.301939058171745,10,2,2
BL_AUG_2,BL_1,1,Augsburg,Bundesliga,25,34,35,332,108,0.11,0.32,9.76,3.18,0.325301204819277,10,2,5
BL_AUG_2,BL_1,2,Augsburg,Bundesliga,26,34,39,362,117,0.11,0.33,10.65,3.44,0.323204419889503,11,5,5
BL_AUG_2,BL_1,3,Augsburg,Bundesliga,34,34,41,354,101,0.12,0.41,10.41,2.97,0.285310734463277,14,4,5
BL_AUG_2,BL_1,4,Augsburg,Bundesliga,29,34,49,429,123,0.11,0.4,12.62,3.62,0.286713286713287,12,5,7
BL_AUG_2,BL_1,5,Augsburg,Bundesliga,29,34,35,397,114,0.09,0.31,11.68,3.35,0.287153652392947,10,1,2
BL_BAY_3,BL_1,1,Bayern Munich,Bundesliga,29,34,98,572,219,0.17,0.45,16.82,6.44,0.382867132867133,9,9,10
BL_BAY_3,BL_1,2,Bayern Munich,Bundesliga,30,34,92,668,255,0.14,0.36,19.65,7.5,0.381736526946108,12,5,5
BL_BAY_3,BL_1,3,Bayern Munich,Bundesliga,28,34,90,625,251,0.14,0.36,18.38,7.38,0.4016,10,3,5
BL_BAY_3,BL_1,4,Bayern Munich,Bundesliga,30,34,93,633,229,0.15,0.41,18.62,6.74,0.361769352290679,13,5,5
BL_BAY_3,BL_1,5,Bayern Munich,Bundesliga,29,34,96,636,255,0.15,0.38,18.71,7.5,0.400943396226415,19,9,10
BL_BOC_20,BL_1,2,Bochum,Bundesliga,28,34,37,409,136,0.09,0.27,12.03,4,0.332518337408313,17,4,6
BL_BOC_20,BL_1,3,Bochum,Bundesliga,26,34,37,397,127,0.09,0.29,11.68,3.74,0.319899244332494,11,3,3
BL_BOC_20,BL_1,4,Bochum,Bundesliga,25,34,41,524,145,0.08,0.28,15.41,4.26,0.276717557251908,18,4,4
BL_BOC_20,BL_1,5,Bochum,Bundesliga,27,34,32,433,133,0.07,0.24,12.74,3.91,0.30715935334873,11,1,3
BL_BRE_18,BL_1,1,Werder Bremen,Bundesliga,27,34,35,356,120,0.1,0.29,10.47,3.53,0.337078651685393,14,5,5
BL_BRE_18,BL_1,3,Werder Bremen,Bundesliga,25,34,50,363,136,0.14,0.37,10.68,4,0.37465564738292,18,5,6
BL_BRE_18,BL_1,4,Werder Bremen,Bundesliga,30,34,45,407,125,0.11,0.36,11.97,3.68,0.307125307125307,14,5,6
BL_BRE_18,BL_1,5,Werder Bremen,Bundesliga,23,34,53,424,138,0.12,0.38,12.47,4.06,0.325471698113208,12,3,5
BL_BVB_4,BL_1,1,Dortmund,Bundesliga,26,34,74,488,184,0.15,0.4,14.35,5.41,0.377049180327869,14,3,7
BL_BVB_4,BL_1,2,Dortmund,Bundesliga,33,34,81,442,165,0.18,0.49,13,4.85,0.373303167420814,20,11,11
BL_BVB_4,BL_1,3,Dortmund,Bundesliga,30,34,81,558,219,0.15,0.37,16.41,6.44,0.39247311827957,20,4,6
BL_BVB_4,BL_1,4,Dortmund,Bundesliga,32,34,68,506,184,0.13,0.37,14.88,5.41,0.363636363636364,17,6,6
BL_BVB_4,BL_1,5,Dortmund,Bundesliga,28,34,69,478,157,0.14,0.44,14.06,4.62,0.328451882845188,9,5,6
BL_DAR_22,BL_1,4,Darmstadt 98,Bundesliga,32,34,28,404,110,0.07,0.25,11.88,3.24,0.272277227722772,12,3,3
BL_FRA_5,BL_1,1,Eint Frankfurt,Bundesliga,25,34,63,442,162,0.14,0.39,13,4.76,0.366515837104072,12,8,8
BL_FRA_5,BL_1,2,Eint Frankfurt,Bundesliga,27,34,43,446,136,0.1,0.32,13.12,4,0.304932735426009,14,1,2
BL_FRA_5,BL_1,3,Eint Frankfurt,Bundesliga,28,34,56,399,132,0.14,0.42,11.74,3.88,0.330827067669173,14,6,6
BL_FRA_5,BL_1,4,Eint Frankfurt,Bundesliga,34,34,48,402,139,0.12,0.35,11.82,4.09,0.345771144278607,11,2,3
BL_FRA_5,BL_1,5,Eint Frankfurt,Bundesliga,26,34,68,480,172,0.14,0.4,14.12,5.06,0.358333333333333,13,3,5
BL_FRE_6,BL_1,1,Freiburg,Bundesliga,24,34,51,383,140,0.13,0.36,11.26,4.12,0.365535248041775,17,6,6
BL_FRE_6,BL_1,2,Freiburg,Bundesliga,26,34,55,457,153,0.12,0.36,13.44,4.5,0.334792122538293,20,5,6
BL_FRE_6,BL_1,3,Freiburg,Bundesliga,27,34,51,412,167,0.12,0.31,12.12,4.91,0.405339805825243,16,7,8
BL_FRE_6,BL_1,4,Freiburg,Bundesliga,25,34,43,392,131,0.11,0.33,11.53,3.85,0.334183673469388,7,7,9
BL_FRE_6,BL_1,5,Freiburg,Bundesliga,26,34,46,405,132,0.11,0.35,11.91,3.88,0.325925925925926,16,0,4
BL_FÜR_21,BL_1,2,Greuther Fürth,Bundesliga,29,34,26,309,96,0.08,0.27,9.09,2.82,0.310679611650485,13,5,5
BL_GLA_7,BL_1,1,Gladbach,Bundesliga,23,34,63,443,165,0.14,0.38,13.03,4.85,0.372460496613996,12,10,11
BL_GLA_7,BL_1,2,Gladbach,Bundesliga,26,34,54,489,174,0.11,0.31,14.38,5.12,0.355828220858896,13,5,7
BL_GLA_7,BL_1,3,Gladbach,Bundesliga,27,34,52,403,166,0.13,0.31,11.85,4.88,0.411910669975186,12,4,6
BL_GLA_7,BL_1,4,Gladbach,Bundesliga,27,34,55,451,144,0.12,0.38,13.26,4.24,0.319290465631929,4,5,6
BL_GLA_7,BL_1,5,Gladbach,Bundesliga,26,34,53,413,153,0.13,0.35,12.15,4.5,0.37046004842615,5,4,5
BL_HEI_23,BL_1,4,Heidenheim,Bundesliga,22,34,46,392,114,0.12,0.4,11.53,3.35,0.290816326530612,12,2,3
BL_HEI_23,BL_1,5,Heidenheim,Bundesliga,27,34,37,398,124,0.09,0.3,11.71,3.65,0.311557788944724,12,5,5
BL_HER_8,BL_1,1,Hertha BSC,Bundesliga,32,34,40,377,142,0.11,0.28,11.09,4.18,0.376657824933687,12,4,6
BL_HER_8,BL_1,2,Hertha BSC,Bundesliga,36,34,35,365,119,0.1,0.29,10.74,3.5,0.326027397260274,15,3,3
BL_HER_8,BL_1,3,Hertha BSC,Bundesliga,32,34,42,377,121,0.11,0.35,11.09,3.56,0.320954907161804,11,7,7
BL_HOF_9,BL_1,1,Hoffenheim,Bundesliga,30,34,51,424,149,0.12,0.34,12.47,4.38,0.351415094339623,20,5,6
BL_HOF_9,BL_1,2,Hoffenheim,Bundesliga,32,34,55,452,150,0.12,0.37,13.29,4.41,0.331858407079646,13,0,0
BL_HOF_9,BL_1,3,Hoffenheim,Bundesliga,31,34,46,398,130,0.12,0.35,11.71,3.82,0.326633165829146,16,7,9
BL_HOF_9,BL_1,4,Hoffenheim,Bundesliga,30,34,65,457,160,0.14,0.41,13.44,4.71,0.350109409190372,16,6,6
BL_HOF_9,BL_1,5,Hoffenheim,Bundesliga,35,34,46,440,148,0.1,0.31,12.94,4.35,0.336363636363636,11,3,3
BL_KIE_24,BL_1,5,Holstein Kiel,Bundesliga,27,34,49,368,133,0.13,0.37,10.82,3.91,0.361413043478261,12,4,5
BL_KÖL_11,BL_1,1,Köln,Bundesliga,28,34,33,354,103,0.09,0.32,10.41,3.03,0.290960451977401,9,4,6
BL_KÖL_11,BL_1,2,Köln,Bundesliga,26,34,52,467,149,0.11,0.35,13.74,4.38,0.319057815845824,9,1,1
BL_KÖL_11,BL_1,3,Köln,Bundesliga,27,34,46,413,146,0.11,0.32,12.15,4.29,0.353510895883777,6,4,4
BL_KÖL_11,BL_1,4,Köln,Bundesliga,26,34,28,441,142,0.06,0.2,12.97,4.18,0.321995464852608,12,5,6
BL_LEI_14,BL_1,1,RB Leipzig,Bundesliga,25,34,59,533,189,0.11,0.31,15.68,5.56,0.354596622889306,19,8,10
BL_LEI_14,BL_1,2,RB Leipzig,Bundesliga,29,34,72,429,169,0.17,0.43,12.62,4.97,0.393939393939394,18,8,9
BL_LEI_14,BL_1,3,RB Leipzig,Bundesliga,25,34,64,497,182,0.13,0.35,14.62,5.35,0.366197183098592,18,6,7
BL_LEI_14,BL_1,4,RB Leipzig,Bundesliga,26,34,74,528,214,0.14,0.35,15.53,6.29,0.40530303030303,17,4,7
BL_LEI_14,BL_1,5,RB Leipzig,Bundesliga,29,34,51,405,144,0.13,0.35,11.91,4.24,0.355555555555556,11,3,4
BL_LEV_12,BL_1,1,Leverkusen,Bundesliga,30,34,52,440,164,0.12,0.32,12.94,4.82,0.372727272727273,12,3,3
BL_LEV_12,BL_1,2,Leverkusen,Bundesliga,29,34,76,453,184,0.17,0.41,13.32,5.41,0.406181015452539,11,2,6
BL_LEV_12,BL_1,3,Leverkusen,Bundesliga,27,34,57,432,160,0.13,0.36,12.71,4.71,0.37037037037037,16,5,7
BL_LEV_12,BL_1,4,Leverkusen,Bundesliga,24,34,87,611,232,0.14,0.38,17.97,6.82,0.379705400981997,21,8,8
BL_LEV_12,BL_1,5,Leverkusen,Bundesliga,23,34,70,499,181,0.14,0.39,14.68,5.32,0.362725450901804,12,3,6
BL_MAI_13,BL_1,1,Mainz 05,Bundesliga,31,34,39,374,134,0.1,0.29,11,3.94,0.358288770053476,10,5,5
BL_MAI_13,BL_1,2,Mainz 05,Bundesliga,28,34,49,465,151,0.11,0.32,13.68,4.44,0.324731182795699,22,4,4
BL_MAI_13,BL_1,3,Mainz 05,Bundesliga,27,34,54,414,152,0.13,0.36,12.18,4.47,0.367149758454106,17,4,6
BL_MAI_13,BL_1,4,Mainz 05,Bundesliga,30,34,38,476,134,0.08,0.28,14,3.94,0.281512605042017,20,1,5
BL_MAI_13,BL_1,5,Mainz 05,Bundesliga,25,34,53,417,142,0.13,0.37,12.26,4.18,0.34052757793765,11,4,4
BL_SCH_15,BL_1,1,Schalke 04,Bundesliga,42,34,24,301,81,0.08,0.3,8.85,2.38,0.269102990033223,11,0,3
BL_SCH_15,BL_1,3,Schalke 04,Bundesliga,35,34,32,421,123,0.08,0.26,12.38,3.62,0.292161520190024,19,4,5
BL_STP_25,BL_1,5,St. Pauli,Bundesliga,28,34,26,377,109,0.07,0.24,11.09,3.21,0.289124668435013,14,1,2
BL_STU_16,BL_1,1,Stuttgart,Bundesliga,29,34,54,448,150,0.12,0.36,13.18,4.41,0.334821428571429,12,6,8
BL_STU_16,BL_1,2,Stuttgart,Bundesliga,34,34,40,449,153,0.09,0.26,13.21,4.5,0.34075723830735,10,1,3
BL_STU_16,BL_1,3,Stuttgart,Bundesliga,30,34,45,457,140,0.1,0.32,13.44,4.12,0.306345733041576,14,5,5
BL_STU_16,BL_1,4,Stuttgart,Bundesliga,27,34,78,529,206,0.15,0.38,15.56,6.06,0.389413988657845,8,5,8
BL_STU_16,BL_1,5,Stuttgart,Bundesliga,29,34,61,465,172,0.13,0.35,13.68,5.06,0.36989247311828,9,2,6
BL_UNI_17,BL_1,1,Union Berlin,Bundesliga,27,34,50,391,132,0.13,0.38,11.5,3.88,0.337595907928389,8,5,7
BL_UNI_17,BL_1,2,Union Berlin,Bundesliga,28,34,50,408,149,0.12,0.34,12,4.38,0.365196078431372,7,5,5
BL_UNI_17,BL_1,3,Union Berlin,Bundesliga,28,34,49,374,113,0.13,0.43,11,3.32,0.302139037433155,5,3,7
BL_UNI_17,BL_1,4,Union Berlin,Bundesliga,30,34,33,403,127,0.08,0.26,11.85,3.74,0.315136476426799,7,3,6
BL_UNI_17,BL_1,5,Union Berlin,Bundesliga,28,34,36,414,120,0.09,0.3,12.18,3.53,0.289855072463768,7,3,3
BL_WOL_19,BL_1,1,Wolfsburg,Bundesliga,26,34,57,475,164,0.12,0.35,13.97,4.82,0.345263157894737,14,2,3
BL_WOL_19,BL_1,2,Wolfsburg,Bundesliga,30,34,42,416,137,0.1,0.31,12.24,4.03,0.329326923076923,19,3,4
BL_WOL_19,BL_1,3,Wolfsburg,Bundesliga,28,34,55,401,138,0.14,0.4,11.79,4.06,0.344139650872818,11,4,7
BL_WOL_19,BL_1,4,Wolfsburg,Bundesliga,28,34,41,411,147,0.1,0.28,12.09,4.32,0.357664233576642,17,2,3
BL_WOL_19,BL_1,5,Wolfsburg,Bundesliga,27,34,53,432,137,0.12,0.39,12.71,4.03,0.31712962962963,13,4,5
L1_AJA_23,L1_1,3,Ajaccio,Ligue 1,36,38,22,311,81,0.07,0.27,8.18,2.13,0.260450160771704,12,6,9
L1_ANG_1,L1_1,1,Angers,Ligue 1,31,38,40,401,135,0.1,0.3,10.55,3.55,0.336658354114713,18,5,6
L1_ANG_1,L1_1,2,Angers,Ligue 1,30,38,41,384,123,0.11,0.33,10.11,3.24,0.3203125,18,9,9
L1_ANG_1,L1_1,3,Angers,Ligue 1,33,38,31,367,121,0.08,0.26,9.66,3.18,0.329700272479564,18,4,4
L1_ANG_1,L1_1,5,Angers,Ligue 1,30,34,31,311,91,0.1,0.34,9.15,2.68,0.292604501607717,13,5,6
L1_AUX_24,L1_1,3,Auxerre,Ligue 1,33,38,32,420,117,0.08,0.27,11.05,3.08,0.278571428571429,15,7,9
L1_AUX_24,L1_1,5,Auxerre,Ligue 1,29,34,47,375,144,0.13,0.33,11.03,4.24,0.384,10,4,5
L1_BOR_2,L1_1,1,Bordeaux,Ligue 1,28,38,41,417,137,0.1,0.3,10.97,3.61,0.328537170263789,20,4,4
L1_BOR_2,L1_1,2,Bordeaux,Ligue 1,39,38,50,446,145,0.11,0.34,11.74,3.82,0.325112107623318,16,2,4
L1_BRE_3,L1_1,1,Brest,Ligue 1,26,38,48,445,155,0.11,0.31,11.71,4.08,0.348314606741573,26,3,4
L1_BRE_3,L1_1,2,Brest,Ligue 1,25,38,48,394,138,0.12,0.35,10.37,3.63,0.350253807106599,12,7,8
L1_BRE_3,L1_1,3,Brest,Ligue 1,29,38,43,417,132,0.1,0.33,10.97,3.47,0.316546762589928,13,7,8
L1_BRE_3,L1_1,4,Brest,Ligue 1,25,34,51,481,165,0.11,0.31,14.15,4.85,0.343035343035343,12,4,4
L1_BRE_3,L1_1,5,Brest,Ligue 1,30,34,52,409,151,0.13,0.34,12.03,4.44,0.36919315403423,7,7,9
L1_CLE_21,L1_1,2,Clermont Foot,Ligue 1,28,38,36,436,134,0.08,0.27,11.47,3.53,0.307339449541284,10,2,3
L1_CLE_21,L1_1,3,Clermont Foot,Ligue 1,28,38,44,393,139,0.11,0.32,10.34,3.66,0.353689567430025,16,7,10
L1_CLE_21,L1_1,4,Clermont Foot,Ligue 1,31,34,26,382,120,0.07,0.22,11.24,3.53,0.31413612565445,13,6,8
L1_DIJ_4,L1_1,1,Dijon,Ligue 1,33,38,25,345,87,0.07,0.29,9.08,2.29,0.252173913043478,9,3,5
L1_LEH_26,L1_1,4,Le Havre,Ligue 1,27,34,33,381,113,0.09,0.29,11.21,3.32,0.296587926509186,11,6,7
L1_LEH_26,L1_1,5,Le Havre,Ligue 1,31,34,37,339,97,0.11,0.38,9.97,2.85,0.286135693215339,14,9,10
L1_LEN_5,L1_1,1,Lens,Ligue 1,27,38,53,434,133,0.12,0.4,11.42,3.5,0.306451612903226,22,10,12
L1_LEN_5,L1_1,2,Lens,Ligue 1,28,38,60,511,183,0.12,0.33,13.45,4.82,0.35812133072407,14,5,5
L1_LEN_5,L1_1,3,Lens,Ligue 1,29,38,66,518,177,0.13,0.37,13.63,4.66,0.341698841698842,6,6,9
L1_LEN_5,L1_1,4,Lens,Ligue 1,27,34,45,487,167,0.09,0.27,14.32,4.91,0.342915811088296,13,6,7
L1_LEN_5,L1_1,5,Lens,Ligue 1,33,34,40,484,148,0.08,0.27,14.24,4.35,0.305785123966942,7,5,5
L1_LIL_6,L1_1,1,Lille,Ligue 1,21,38,62,481,178,0.13,0.35,12.66,4.68,0.37006237006237,22,5,5
L1_LIL_6,L1_1,2,Lille,Ligue 1,26,38,45,461,150,0.1,0.3,12.13,3.95,0.325379609544469,15,4,5
L1_LIL_6,L1_1,3,Lille,Ligue 1,26,38,65,545,201,0.12,0.32,14.34,5.29,0.368807339449541,16,11,12
L1_LIL_6,L1_1,4,Lille,Ligue 1,28,34,50,438,165,0.11,0.3,12.88,4.85,0.376712328767123,21,2,3
L1_LIL_6,L1_1,5,Lille,Ligue 1,27,34,52,424,154,0.12,0.34,12.47,4.53,0.363207547169811,15,7,10
L1_LOR_7,L1_1,1,Lorient,Ligue 1,27,38,49,416,130,0.12,0.38,10.95,3.42,0.3125,30,9,10
L1_LOR_7,L1_1,2,Lorient,Ligue 1,29,38,35,442,146,0.08,0.24,11.63,3.84,0.330316742081448,32,3,3
L1_LOR_7,L1_1,3,Lorient,Ligue 1,30,38,49,397,149,0.12,0.33,10.45,3.92,0.375314861460957,16,4,6
L1_LOR_7,L1_1,4,Lorient,Ligue 1,38,34,41,368,135,0.11,0.3,10.82,3.97,0.366847826086957,6,1,1
L1_LYO_8,L1_1,1,Lyon,Ligue 1,29,38,76,601,222,0.13,0.34,15.82,5.84,0.369384359400998,23,11,11
L1_LYO_8,L1_1,2,Lyon,Ligue 1,30,38,64,546,192,0.12,0.33,14.37,5.05,0.351648351648352,18,8,8
L1_LYO_8,L1_1,3,Lyon,Ligue 1,29,38,63,511,199,0.12,0.32,13.45,5.24,0.389432485322896,18,6,8
L1_LYO_8,L1_1,4,Lyon,Ligue 1,35,34,48,439,168,0.11,0.29,12.91,4.94,0.382687927107062,16,4,4
L1_LYO_8,L1_1,5,Lyon,Ligue 1,31,34,62,434,173,0.14,0.36,12.76,5.09,0.398617511520737,6,8,10
L1_MAR_9,L1_1,1,Marseille,Ligue 1,31,38,53,374,128,0.14,0.41,9.84,3.37,0.342245989304813,17,4,7
L1_MAR_9,L1_1,2,Marseille,Ligue 1,27,38,61,489,157,0.12,0.39,12.87,4.13,0.321063394683027,28,10,10
L1_MAR_9,L1_1,3,Marseille,Ligue 1,30,38,61,546,173,0.11,0.35,14.37,4.55,0.316849816849817,16,6,7
L1_MAR_9,L1_1,4,Marseille,Ligue 1,33,34,50,477,152,0.1,0.33,14.03,4.47,0.318658280922432,20,4,4
L1_MAR_9,L1_1,5,Marseille,Ligue 1,32,34,70,481,185,0.15,0.38,14.15,5.44,0.384615384615385,15,8,10
L1_MET_10,L1_1,1,Metz,Ligue 1,27,38,42,425,127,0.1,0.33,11.18,3.34,0.298823529411765,31,7,11
L1_MET_10,L1_1,2,Metz,Ligue 1,36,38,33,370,112,0.09,0.29,9.74,2.95,0.302702702702703,16,1,1
L1_MET_10,L1_1,4,Metz,Ligue 1,30,34,35,326,106,0.11,0.33,9.59,3.12,0.325153374233129,11,4,6
L1_MON_11,L1_1,1,Monaco,Ligue 1,30,38,76,471,160,0.16,0.48,12.39,4.21,0.339702760084926,21,12,15
L1_MON_11,L1_1,2,Monaco,Ligue 1,27,38,62,445,153,0.14,0.41,11.71,4.03,0.343820224719101,17,9,9
L1_MON_11,L1_1,3,Monaco,Ligue 1,27,38,69,470,199,0.15,0.35,12.37,5.24,0.423404255319149,10,5,8
L1_MON_11,L1_1,4,Monaco,Ligue 1,30,34,66,512,202,0.13,0.33,15.06,5.94,0.39453125,11,2,5
L1_MON_11,L1_1,5,Monaco,Ligue 1,28,34,63,493,180,0.13,0.35,14.5,5.29,0.365111561866126,9,6,7
L1_MOP_12,L1_1,1,Montpellier,Ligue 1,25,38,60,459,168,0.13,0.36,12.08,4.42,0.366013071895425,27,2,5
L1_MOP_12,L1_1,2,Montpellier,Ligue 1,27,38,48,433,151,0.11,0.32,11.39,3.97,0.348729792147806,38,3,4
L1_MOP_12,L1_1,3,Montpellier,Ligue 1,31,38,64,435,165,0.15,0.39,11.45,4.34,0.379310344827586,22,7,7
L1_MOP_12,L1_1,4,Montpellier,Ligue 1,31,34,41,437,153,0.09,0.27,12.85,4.5,0.350114416475972,23,7,7
L1_MOP_12,L1_1,5,Montpellier,Ligue 1,35,34,23,371,111,0.06,0.21,10.91,3.26,0.299191374663073,20,3,4
L1_NAN_13,L1_1,1,Nantes,Ligue 1,25,38,47,402,120,0.12,0.39,10.58,3.16,0.298507462686567,17,8,9
L1_NAN_13,L1_1,2,Nantes,Ligue 1,26,38,53,420,145,0.13,0.37,11.05,3.82,0.345238095238095,13,5,5
L1_NAN_13,L1_1,3,Nantes,Ligue 1,29,38,35,443,151,0.08,0.23,11.66,3.97,0.340857787810384,16,3,5
L1_NAN_13,L1_1,4,Nantes,Ligue 1,35,34,30,376,129,0.08,0.23,11.06,3.79,0.343085106382979,16,4,5
L1_NAN_13,L1_1,5,Nantes,Ligue 1,30,34,39,345,119,0.11,0.33,10.15,3.5,0.344927536231884,4,5,5
L1_NIC_14,L1_1,1,Nice,Ligue 1,31,38,49,402,138,0.12,0.36,10.58,3.63,0.343283582089552,17,7,7
L1_NIC_14,L1_1,2,Nice,Ligue 1,27,38,52,442,144,0.12,0.36,11.63,3.79,0.32579185520362,12,8,10
L1_NIC_14,L1_1,3,Nice,Ligue 1,34,38,47,507,187,0.09,0.25,13.34,4.92,0.368836291913215,11,6,7
L1_NIC_14,L1_1,4,Nice,Ligue 1,27,34,39,452,149,0.09,0.26,13.29,4.38,0.329646017699115,12,6,7
L1_NIC_14,L1_1,5,Nice,Ligue 1,31,34,62,486,183,0.13,0.34,14.29,5.38,0.376543209876543,14,6,6
L1_NÎM_15,L1_1,1,Nîmes,Ligue 1,33,38,40,384,131,0.1,0.31,10.11,3.45,0.341145833333333,17,7,8
L1_PSG_16,L1_1,1,Paris S-G,Ligue 1,33,38,84,557,200,0.15,0.42,14.66,5.26,0.359066427289048,33,12,13
L1_PSG_16,L1_1,2,Paris S-G,Ligue 1,36,38,88,555,202,0.16,0.44,14.61,5.32,0.363963963963964,29,7,8
L1_PSG_16,L1_1,3,Paris S-G,Ligue 1,26,38,86,562,242,0.15,0.36,14.79,6.37,0.430604982206406,28,5,7
L1_PSG_16,L1_1,4,Paris S-G,Ligue 1,29,34,78,504,187,0.15,0.42,14.82,5.5,0.371031746031746,14,7,9
L1_PSG_16,L1_1,5,Paris S-G,Ligue 1,28,34,89,628,272,0.14,0.33,18.47,8,0.43312101910828,13,6,7
L1_REI_17,L1_1,1,Reims,Ligue 1,29,38,39,358,122,0.11,0.32,9.42,3.21,0.340782122905028,15,5,5
L1_REI_17,L1_1,2,Reims,Ligue 1,35,38,42,389,137,0.11,0.31,10.24,3.61,0.352185089974293,5,4,6
L1_REI_17,L1_1,3,Reims,Ligue 1,34,38,45,516,165,0.09,0.27,13.58,4.34,0.319767441860465,17,7,8
L1_REI_17,L1_1,4,Reims,Ligue 1,29,34,40,411,126,0.1,0.32,12.09,3.71,0.306569343065693,10,3,4
L1_REI_17,L1_1,5,Reims,Ligue 1,34,34,32,393,111,0.08,0.29,11.56,3.26,0.282442748091603,8,1,2
L1_REN_18,L1_1,1,Rennes,Ligue 1,32,38,50,510,159,0.1,0.31,13.42,4.18,0.311764705882353,32,3,3
L1_REN_18,L1_1,2,Rennes,Ligue 1,28,38,81,548,194,0.15,0.42,14.42,5.11,0.354014598540146,14,4,4
L1_REN_18,L1_1,3,Rennes,Ligue 1,32,38,66,526,189,0.13,0.35,13.84,4.97,0.359315589353612,15,3,3
L1_REN_18,L1_1,4,Rennes,Ligue 1,29,34,53,476,157,0.11,0.34,14,4.62,0.329831932773109,18,10,11
L1_REN_18,L1_1,5,Rennes,Ligue 1,35,34,51,423,155,0.12,0.33,12.44,4.56,0.366430260047281,8,5,8
L1_SAI_19,L1_1,1,Saint-Étienne,Ligue 1,40,38,40,432,140,0.09,0.29,11.37,3.68,0.324074074074074,17,6,9
L1_SAI_19,L1_1,2,Saint-Étienne,Ligue 1,39,38,41,434,141,0.09,0.29,11.42,3.71,0.324884792626728,23,5,5
L1_SAI_19,L1_1,5,Saint-Étienne,Ligue 1,32,34,39,366,115,0.11,0.34,10.76,3.38,0.314207650273224,8,3,4
L1_STR_20,L1_1,1,Strasbourg,Ligue 1,26,38,49,419,129,0.12,0.38,11.03,3.39,0.307875894988067,17,10,12
L1_STR_20,L1_1,2,Strasbourg,Ligue 1,26,38,56,470,150,0.12,0.37,12.37,3.95,0.319148936170213,10,6,8
L1_STR_20,L1_1,3,Strasbourg,Ligue 1,29,38,48,442,150,0.11,0.32,11.63,3.95,0.339366515837104,21,5,7
L1_STR_20,L1_1,4,Strasbourg,Ligue 1,30,34,36,363,119,0.1,0.3,10.68,3.5,0.327823691460055,12,3,4
L1_STR_20,L1_1,5,Strasbourg,Ligue 1,30,34,54,354,140,0.15,0.39,10.41,4.12,0.395480225988701,10,2,2
L1_TOU_25,L1_1,3,Toulouse,Ligue 1,29,38,50,453,171,0.11,0.29,11.92,4.5,0.377483443708609,19,4,4
L1_TOU_25,L1_1,4,Toulouse,Ligue 1,26,34,42,395,128,0.11,0.33,11.62,3.76,0.324050632911392,11,6,9
L1_TOU_25,L1_1,5,Toulouse,Ligue 1,27,34,42,399,145,0.11,0.29,11.74,4.26,0.363408521303258,7,3,4
L1_TRO_22,L1_1,2,Troyes,Ligue 1,35,38,35,379,120,0.09,0.29,9.97,3.16,0.316622691292876,9,6,7
L1_TRO_22,L1_1,3,Troyes,Ligue 1,32,38,43,390,130,0.11,0.33,10.26,3.42,0.333333333333333,8,5,5
LL_ALA_1,LL_1,1,Alavés,La Liga,30,38,35,339,95,0.1,0.37,8.92,2.5,0.28023598820059,12,5,8
LL_ALA_1,LL_1,2,Alavés,La Liga,33,38,29,373,111,0.08,0.26,9.82,2.92,0.297587131367292,15,6,7
LL_ALA_1,LL_1,4,Alavés,La Liga,30,38,33,458,136,0.07,0.24,12.05,3.58,0.296943231441048,15,3,7
LL_ALA_1,LL_1,5,Alavés,La Liga,29,38,38,393,123,0.1,0.31,10.34,3.24,0.312977099236641,10,9,11
LL_ALM_24,LL_1,3,Almería,La Liga,29,38,49,439,155,0.11,0.32,11.55,4.08,0.353075170842825,21,2,3
LL_ALM_24,LL_1,4,Almería,La Liga,35,38,42,478,163,0.09,0.26,12.58,4.29,0.341004184100418,18,2,2
LL_ATM_3,LL_1,1,Atlético Madrid,La Liga,25,38,65,452,178,0.14,0.37,11.89,4.68,0.393805309734513,13,5,7
LL_ATM_3,LL_1,2,Atlético Madrid,La Liga,26,38,63,458,152,0.14,0.41,12.05,4,0.331877729257642,8,4,5
LL_ATM_3,LL_1,3,Atlético Madrid,La Liga,27,38,68,538,195,0.13,0.35,14.16,5.13,0.362453531598513,9,1,1
LL_ATM_3,LL_1,4,Atlético Madrid,La Liga,27,38,68,475,197,0.14,0.35,12.5,5.18,0.414736842105263,9,5,6
LL_ATM_3,LL_1,5,Atlético Madrid,La Liga,24,38,68,463,174,0.15,0.39,12.18,4.58,0.375809935205184,13,6,7
LL_BAR_4,LL_1,1,Barcelona,La Liga,25,38,80,575,231,0.14,0.35,15.13,6.08,0.401739130434783,43,4,8
LL_BAR_4,LL_1,2,Barcelona,La Liga,38,38,68,511,177,0.13,0.38,13.45,4.66,0.346379647749511,15,6,7
LL_BAR_4,LL_1,3,Barcelona,La Liga,29,38,69,570,187,0.12,0.37,15,4.92,0.328070175438596,20,0,2
LL_BAR_4,LL_1,4,Barcelona,La Liga,29,38,76,588,219,0.13,0.35,15.47,5.76,0.372448979591837,21,6,7
LL_BAR_4,LL_1,5,Barcelona,La Liga,28,38,99,670,240,0.15,0.41,17.63,6.32,0.358208955223881,27,7,8
LL_BET_5,LL_1,1,Betis,La Liga,25,38,50,433,145,0.12,0.34,11.39,3.82,0.334872979214781,16,8,11
LL_BET_5,LL_1,2,Betis,La Liga,31,38,60,509,182,0.12,0.33,13.39,4.79,0.357563850687623,21,6,6
LL_BET_5,LL_1,3,Betis,La Liga,30,38,43,411,138,0.1,0.31,10.82,3.63,0.335766423357664,21,8,9
LL_BET_5,LL_1,4,Betis,La Liga,35,38,46,489,150,0.09,0.31,12.87,3.95,0.306748466257669,15,2,3
LL_BET_5,LL_1,5,Betis,La Liga,36,38,55,518,176,0.11,0.31,13.63,4.63,0.33976833976834,14,7,10
LL_BIL_2,LL_1,1,Athletic Club,La Liga,27,38,43,399,128,0.11,0.34,10.5,3.37,0.320802005012531,15,4,5
LL_BIL_2,LL_1,2,Athletic Club,La Liga,26,38,40,460,150,0.09,0.27,12.11,3.95,0.326086956521739,11,3,7
LL_BIL_2,LL_1,3,Athletic Club,La Liga,26,38,46,541,157,0.09,0.29,14.24,4.13,0.290203327171904,13,5,7
LL_BIL_2,LL_1,4,Athletic Club,La Liga,27,38,59,458,163,0.13,0.36,12.05,4.29,0.35589519650655,7,3,5
LL_BIL_2,LL_1,5,Athletic Club,La Liga,31,38,53,462,148,0.11,0.36,12.16,3.89,0.32034632034632,8,3,6
LL_CAD_6,LL_1,1,Cádiz,La Liga,34,38,33,299,97,0.11,0.34,7.87,2.55,0.324414715719064,14,4,4
LL_CAD_6,LL_1,2,Cádiz,La Liga,33,38,35,405,118,0.09,0.3,10.66,3.11,0.291358024691358,14,3,6
LL_CAD_6,LL_1,3,Cádiz,La Liga,38,38,29,390,108,0.07,0.27,10.26,2.84,0.276923076923077,12,4,5
LL_CAD_6,LL_1,4,Cádiz,La Liga,34,38,25,395,120,0.06,0.21,10.39,3.16,0.30379746835443,21,3,3
LL_CEL_7,LL_1,1,Celta Vigo,La Liga,30,38,55,350,133,0.16,0.41,9.21,3.5,0.38,13,7,7
LL_CEL_7,LL_1,2,Celta Vigo,La Liga,25,38,43,405,135,0.11,0.32,10.66,3.55,0.333333333333333,14,3,6
LL_CEL_7,LL_1,3,Celta Vigo,La Liga,26,38,41,470,160,0.09,0.26,12.37,4.21,0.340425531914894,19,2,3
LL_CEL_7,LL_1,4,Celta Vigo,La Liga,31,38,45,467,151,0.1,0.3,12.29,3.97,0.323340471092077,14,3,5
LL_CEL_7,LL_1,5,Celta Vigo,La Liga,30,38,58,442,167,0.13,0.35,11.63,4.39,0.377828054298642,19,8,9
LL_EIB_8,LL_1,1,Eibar,La Liga,30,38,29,443,127,0.07,0.23,11.66,3.34,0.286681715575621,14,4,9
LL_ELC_9,LL_1,1,Elche,La Liga,30,38,33,265,86,0.12,0.38,6.97,2.26,0.324528301886792,12,2,3
LL_ELC_9,LL_1,2,Elche,La Liga,28,38,39,334,106,0.12,0.37,8.79,2.79,0.317365269461078,8,1,1
LL_ELC_9,LL_1,3,Elche,La Liga,32,38,30,400,124,0.08,0.24,10.53,3.26,0.31,10,4,5
LL_ESP_21,LL_1,2,Espanyol,La Liga,34,38,39,403,128,0.1,0.3,10.61,3.37,0.317617866004963,24,5,5
LL_ESP_21,LL_1,3,Espanyol,La Liga,33,38,51,417,151,0.12,0.34,10.97,3.97,0.3621103117506,13,5,5
LL_ESP_21,LL_1,5,Espanyol,La Liga,27,38,38,351,98,0.11,0.39,9.24,2.58,0.279202279202279,15,5,5
LL_GET_10,LL_1,1,Getafe,La Liga,31,38,27,355,97,0.08,0.28,9.34,2.55,0.273239436619718,24,3,5
LL_GET_10,LL_1,2,Getafe,La Liga,31,38,31,404,111,0.08,0.28,10.63,2.92,0.274752475247525,29,3,5
LL_GET_10,LL_1,3,Getafe,La Liga,25,38,34,365,116,0.09,0.29,9.61,3.05,0.317808219178082,19,5,8
LL_GET_10,LL_1,4,Getafe,La Liga,33,38,42,446,150,0.09,0.28,11.74,3.95,0.336322869955157,14,6,7
LL_GET_10,LL_1,5,Getafe,La Liga,30,38,34,430,122,0.08,0.28,11.32,3.21,0.283720930232558,17,5,5
LL_GIR_25,LL_1,3,Girona,La Liga,29,38,55,446,160,0.12,0.34,11.74,4.21,0.358744394618834,6,8,9
LL_GIR_25,LL_1,4,Girona,La Liga,25,38,84,476,178,0.18,0.47,12.53,4.68,0.373949579831933,13,7,8
LL_GIR_25,LL_1,5,Girona,La Liga,30,38,43,397,134,0.11,0.32,10.45,3.53,0.337531486146096,13,4,5
LL_GRA_11,LL_1,1,Granada,La Liga,34,38,47,354,121,0.13,0.39,9.32,3.18,0.34180790960452,21,3,5
LL_GRA_11,LL_1,2,Granada,La Liga,32,38,43,421,131,0.1,0.33,11.08,3.45,0.311163895486936,12,3,5
LL_GRA_11,LL_1,4,Granada,La Liga,40,38,35,394,123,0.09,0.28,10.37,3.24,0.312182741116751,15,5,8
LL_HUE_12,LL_1,1,Huesca,La Liga,27,38,32,404,130,0.08,0.25,10.63,3.42,0.321782178217822,13,3,4
LL_LAP_26,LL_1,4,Las Palmas,La Liga,29,38,33,386,120,0.09,0.28,10.16,3.16,0.310880829015544,21,3,5
LL_LAP_26,LL_1,5,Las Palmas,La Liga,34,38,38,409,134,0.09,0.28,10.76,3.53,0.327628361858191,21,3,4
LL_LEG_27,LL_1,5,Leganés,La Liga,26,38,38,345,110,0.11,0.35,9.08,2.89,0.318840579710145,19,5,7
LL_LEV_13,LL_1,1,Levante,La Liga,29,38,45,376,125,0.12,0.36,9.89,3.29,0.332446808510638,10,3,6
LL_LEV_13,LL_1,2,Levante,La Liga,31,38,51,430,146,0.12,0.35,11.32,3.84,0.33953488372093,14,8,13
LL_MAL_22,LL_1,2,Mallorca,La Liga,33,38,33,440,131,0.08,0.25,11.58,3.45,0.297727272727273,23,6,7
LL_MAL_22,LL_1,3,Mallorca,La Liga,31,38,36,324,107,0.11,0.34,8.53,2.82,0.330246913580247,8,4,5
LL_MAL_22,LL_1,4,Mallorca,La Liga,25,38,33,415,131,0.08,0.25,10.92,3.45,0.31566265060241,4,1,3
LL_MAL_22,LL_1,5,Mallorca,La Liga,28,38,34,382,107,0.09,0.32,10.05,2.82,0.280104712041885,7,4,5
LL_OSA_14,LL_1,1,Osasuna,La Liga,28,38,36,368,114,0.1,0.32,9.68,3,0.309782608695652,7,5,6
LL_OSA_14,LL_1,2,Osasuna,La Liga,29,38,37,425,114,0.09,0.32,11.18,3,0.268235294117647,11,6,8
LL_OSA_14,LL_1,3,Osasuna,La Liga,26,38,36,441,133,0.08,0.27,11.61,3.5,0.301587301587302,7,4,5
LL_OSA_14,LL_1,4,Osasuna,La Liga,29,38,45,421,124,0.11,0.36,11.08,3.26,0.294536817102138,14,4,5
LL_OSA_14,LL_1,5,Osasuna,La Liga,25,38,46,409,123,0.11,0.37,10.76,3.24,0.300733496332518,9,9,9
LL_RAY_23,LL_1,2,Rayo Vallecano,La Liga,28,38,38,500,133,0.08,0.29,13.16,3.5,0.266,27,4,4
LL_RAY_23,LL_1,3,Rayo Vallecano,La Liga,28,38,41,510,146,0.08,0.28,13.42,3.84,0.286274509803922,24,4,8
LL_RAY_23,LL_1,4,Rayo Vallecano,La Liga,26,38,29,487,160,0.06,0.18,12.82,4.21,0.328542094455852,47,6,6
LL_RAY_23,LL_1,5,Rayo Vallecano,La Liga,26,38,38,514,162,0.07,0.23,13.53,4.26,0.315175097276265,25,0,1
LL_RMA_15,LL_1,1,Real Madrid,La Liga,30,38,64,544,167,0.12,0.38,14.32,4.39,0.306985294117647,17,3,3
LL_RMA_15,LL_1,2,Real Madrid,La Liga,31,38,80,645,243,0.12,0.33,16.97,6.39,0.376744186046512,21,8,12
LL_RMA_15,LL_1,3,Real Madrid,La Liga,26,38,73,634,206,0.12,0.35,16.68,5.42,0.324921135646688,32,9,12
LL_RMA_15,LL_1,4,Real Madrid,La Liga,27,38,85,593,242,0.14,0.35,15.61,6.37,0.408094435075885,24,2,5
LL_RMA_15,LL_1,5,Real Madrid,La Liga,30,38,78,621,229,0.13,0.34,16.34,6.03,0.368760064412238,15,10,14
LL_RSC_16,LL_1,1,Real Sociedad,La Liga,30,38,58,417,139,0.14,0.42,10.97,3.66,0.333333333333333,20,9,12
LL_RSC_16,LL_1,2,Real Sociedad,La Liga,32,38,40,430,143,0.09,0.28,11.32,3.76,0.332558139534884,18,9,10
LL_RSC_16,LL_1,3,Real Sociedad,La Liga,30,38,47,465,173,0.1,0.27,12.24,4.55,0.372043010752688,15,2,4
LL_RSC_16,LL_1,4,Real Sociedad,La Liga,31,38,48,457,147,0.11,0.33,12.03,3.87,0.321663019693654,24,4,4
LL_RSC_16,LL_1,5,Real Sociedad,La Liga,31,38,34,385,122,0.09,0.28,10.13,3.21,0.316883116883117,10,4,4
LL_SEV_17,LL_1,1,Sevilla,La Liga,26,38,52,454,135,0.11,0.39,11.95,3.55,0.297356828193833,15,6,7
LL_SEV_17,LL_1,2,Sevilla,La Liga,33,38,51,430,139,0.12,0.37,11.32,3.66,0.323255813953488,10,2,3
LL_SEV_17,LL_1,3,Sevilla,La Liga,35,38,47,463,141,0.1,0.33,12.18,3.71,0.304535637149028,17,4,5
LL_SEV_17,LL_1,4,Sevilla,La Liga,35,38,46,487,160,0.09,0.29,12.82,4.21,0.328542094455852,15,2,2
LL_SEV_17,LL_1,5,Sevilla,La Liga,35,38,39,472,148,0.08,0.26,12.42,3.89,0.313559322033898,14,2,3
LL_VAL_18,LL_1,1,Valencia,La Liga,30,38,48,383,129,0.13,0.37,10.08,3.39,0.336814621409922,32,8,10
LL_VAL_18,LL_1,2,Valencia,La Liga,34,38,45,394,129,0.11,0.35,10.37,3.39,0.32741116751269,18,8,9
LL_VAL_18,LL_1,3,Valencia,La Liga,28,38,40,480,140,0.08,0.29,12.63,3.68,0.291666666666667,18,5,8
LL_VAL_18,LL_1,4,Valencia,La Liga,29,38,39,368,123,0.11,0.32,9.68,3.24,0.334239130434783,16,8,9
LL_VAL_18,LL_1,5,Valencia,La Liga,32,38,43,383,116,0.11,0.37,10.08,3.05,0.302872062663185,6,5,5
LL_VLD_19,LL_1,1,Valladolid,La Liga,32,38,34,359,110,0.09,0.31,9.45,2.89,0.306406685236769,25,7,8
LL_VLD_19,LL_1,3,Valladolid,La Liga,36,38,32,443,137,0.07,0.23,11.66,3.61,0.309255079006772,19,3,4
LL_VLD_19,LL_1,5,Valladolid,La Liga,38,38,26,331,97,0.08,0.27,8.71,2.55,0.293051359516616,11,5,5
LL_VLR_20,LL_1,1,Villarreal,La Liga,29,38,57,392,146,0.15,0.39,10.32,3.84,0.372448979591837,13,12,13
LL_VLR_20,LL_1,2,Villarreal,La Liga,29,38,62,449,164,0.14,0.38,11.82,4.32,0.365256124721604,8,5,6
LL_VLR_20,LL_1,3,Villarreal,La Liga,32,38,57,499,188,0.11,0.3,13.13,4.95,0.376753507014028,22,4,7
LL_VLR_20,LL_1,4,Villarreal,La Liga,32,38,64,462,163,0.14,0.39,12.16,4.29,0.352813852813853,8,5,7
LL_VLR_20,LL_1,5,Villarreal,La Liga,31,38,69,530,171,0.13,0.4,13.95,4.5,0.322641509433962,9,5,7
PL_ARS_1,PL_1,1,Arsenal,Premier League,29,38,53,453,140,0.12,0.38,11.92,3.68,0.309050772626932,23,6,6
PL_ARS_1,PL_1,2,Arsenal,Premier League,27,38,60,581,186,0.1,0.32,15.29,4.89,0.32013769363167,21,5,8
PL_ARS_1,PL_1,3,Arsenal,Premier League,26,38,84,589,194,0.14,0.43,15.5,5.11,0.32937181663837,16,3,4
PL_ARS_1,PL_1,4,Arsenal,Premier League,25,38,86,647,209,0.13,0.41,17.03,5.5,0.323029366306028,6,10,10
PL_ARS_1,PL_1,5,Arsenal,Premier League,25,38,67,544,178,0.12,0.38,14.32,4.68,0.327205882352941,10,2,2
PL_AST_2,PL_1,1,Aston Villa,Premier League,24,38,52,514,178,0.1,0.29,13.53,4.68,0.346303501945525,16,5,6
PL_AST_2,PL_1,2,Aston Villa,Premier League,31,38,50,461,159,0.11,0.31,12.13,4.18,0.344902386117137,20,3,3
PL_AST_2,PL_1,3,Aston Villa,Premier League,26,38,49,427,145,0.11,0.34,11.24,3.82,0.339578454332553,18,3,4
PL_AST_2,PL_1,4,Aston Villa,Premier League,31,38,72,511,182,0.14,0.4,13.45,4.79,0.356164383561644,15,4,4
PL_AST_2,PL_1,5,Aston Villa,Premier League,28,38,56,478,159,0.12,0.35,12.58,4.18,0.332635983263598,12,3,6
PL_BOU_3,PL_1,3,Bournemouth,Premier League,31,38,37,358,126,0.1,0.29,9.42,3.32,0.35195530726257,14,0,0
PL_BOU_3,PL_1,4,Bournemouth,Premier League,30,38,52,539,175,0.1,0.3,14.18,4.61,0.324675324675325,18,2,3
PL_BOU_3,PL_1,5,Bournemouth,Premier League,29,38,57,574,192,0.1,0.3,15.11,5.05,0.334494773519164,10,6,7
PL_BRE_4,PL_1,2,Brentford,Premier League,29,38,46,436,141,0.11,0.33,11.47,3.71,0.323394495412844,11,6,6
PL_BRE_4,PL_1,3,Brentford,Premier League,25,38,56,400,147,0.14,0.38,10.53,3.87,0.3675,14,7,8
PL_BRE_4,PL_1,4,Brentford,Premier League,28,38,54,470,159,0.11,0.34,12.37,4.18,0.338297872340426,17,3,3
PL_BRE_4,PL_1,5,Brentford,Premier League,28,38,65,434,173,0.15,0.38,11.42,4.55,0.398617511520737,10,5,6
PL_BRI_5,PL_1,1,Brighton,Premier League,27,38,39,478,134,0.08,0.29,12.58,3.53,0.280334728033473,15,6,9
PL_BRI_5,PL_1,2,Brighton,Premier League,26,38,40,482,141,0.08,0.28,12.68,3.71,0.29253112033195,15,4,7
PL_BRI_5,PL_1,3,Brighton,Premier League,29,38,68,607,219,0.11,0.31,15.97,5.76,0.360790774299835,12,6,6
PL_BRI_5,PL_1,4,Brighton,Premier League,30,38,50,555,198,0.09,0.25,14.61,5.21,0.356756756756757,11,5,6
PL_BRI_5,PL_1,5,Brighton,Premier League,32,38,64,526,183,0.12,0.35,13.84,4.82,0.347908745247148,25,7,7
PL_BUR_21,PL_1,1,Burnley,Premier League,25,38,32,381,124,0.08,0.26,10.03,3.26,0.325459317585302,15,3,3
PL_BUR_21,PL_1,2,Burnley,Premier League,23,38,32,405,119,0.08,0.27,10.66,3.13,0.293827160493827,14,1,2
PL_BUR_21,PL_1,4,Burnley,Premier League,31,38,40,430,137,0.09,0.29,11.32,3.61,0.318604651162791,13,3,3
PL_CHE_6,PL_1,1,Chelsea,Premier League,27,38,56,546,193,0.1,0.29,14.37,5.08,0.353479853479854,16,8,10
PL_CHE_6,PL_1,2,Chelsea,Premier League,26,38,75,583,200,0.13,0.38,15.34,5.26,0.343053173241852,26,8,9
PL_CHE_6,PL_1,3,Chelsea,Premier League,32,38,37,481,151,0.08,0.25,12.66,3.97,0.313929313929314,10,3,3
PL_CHE_6,PL_1,4,Chelsea,Premier League,32,38,76,537,194,0.14,0.39,14.13,5.11,0.361266294227188,22,11,12
PL_CHE_6,PL_1,5,Chelsea,Premier League,29,38,61,590,203,0.1,0.3,15.53,5.34,0.34406779661017,17,4,5
PL_CRY_7,PL_1,1,Crystal Palace,Premier League,24,38,39,345,127,0.11,0.31,9.08,3.34,0.368115942028986,18,3,4
PL_CRY_7,PL_1,2,Crystal Palace,Premier League,24,38,50,404,140,0.12,0.36,10.63,3.68,0.346534653465346,13,6,8
PL_CRY_7,PL_1,3,Crystal Palace,Premier League,26,38,38,423,133,0.09,0.29,11.13,3.5,0.314420803782506,23,1,3
PL_CRY_7,PL_1,4,Crystal Palace,Premier League,26,38,56,452,162,0.12,0.35,11.89,4.26,0.358407079646018,20,4,4
PL_CRY_7,PL_1,5,Crystal Palace,Premier League,29,38,49,512,175,0.1,0.28,13.47,4.61,0.341796875,19,3,4
PL_EVE_8,PL_1,1,Everton,Premier League,29,38,45,395,143,0.11,0.31,10.39,3.76,0.362025316455696,15,4,5
PL_EVE_8,PL_1,2,Everton,Premier League,33,38,42,430,130,0.1,0.32,11.32,3.42,0.302325581395349,18,6,7
PL_EVE_8,PL_1,3,Everton,Premier League,28,38,32,426,143,0.08,0.22,11.21,3.76,0.335680751173709,12,3,3
PL_EVE_8,PL_1,4,Everton,Premier League,26,38,40,504,152,0.08,0.26,13.26,4,0.301587301587302,14,2,3
PL_EVE_8,PL_1,5,Everton,Premier League,26,38,39,404,139,0.1,0.28,10.63,3.66,0.344059405940594,11,2,2
PL_FUL_9,PL_1,1,Fulham,Premier League,28,38,26,436,125,0.06,0.21,11.47,3.29,0.286697247706422,12,3,6
PL_FUL_9,PL_1,3,Fulham,Premier League,29,38,52,420,137,0.12,0.38,11.05,3.61,0.326190476190476,17,5,9
PL_FUL_9,PL_1,4,Fulham,Premier League,25,38,54,499,175,0.11,0.31,13.13,4.61,0.350701402805611,14,2,2
PL_FUL_9,PL_1,5,Fulham,Premier League,26,38,53,516,167,0.1,0.32,13.58,4.39,0.323643410852713,10,3,4
PL_IPS_10,PL_1,5,Ipswich Town,Premier League,32,38,35,374,120,0.09,0.29,9.84,3.16,0.320855614973262,10,2,2
PL_LEE_24,PL_1,1,Leeds United,Premier League,23,38,60,518,193,0.12,0.31,13.63,5.08,0.372586872586873,9,4,4
PL_LEE_24,PL_1,2,Leeds United,Premier League,29,38,42,480,142,0.09,0.3,12.63,3.74,0.295833333333333,13,5,5
PL_LEE_24,PL_1,3,Leeds United,Premier League,29,38,45,459,141,0.1,0.32,12.08,3.71,0.30718954248366,19,1,3
PL_LEI_11,PL_1,1,Leicester City,Premier League,27,38,64,473,170,0.14,0.38,12.45,4.47,0.359408033826638,20,10,12
PL_LEI_11,PL_1,2,Leicester City,Premier League,28,38,62,433,164,0.14,0.38,11.39,4.32,0.378752886836028,14,2,2
PL_LEI_11,PL_1,3,Leicester City,Premier League,28,38,49,412,142,0.12,0.35,10.84,3.74,0.344660194174757,14,3,6
PL_LEI_11,PL_1,5,Leicester City,Premier League,32,38,33,332,105,0.1,0.31,8.74,2.76,0.316265060240964,8,2,3
PL_LIV_12,PL_1,1,Liverpool,Premier League,28,38,65,602,204,0.11,0.32,15.84,5.37,0.338870431893688,22,6,6
PL_LIV_12,PL_1,2,Liverpool,Premier League,27,38,94,721,237,0.13,0.4,18.97,6.24,0.32871012482663,13,7,8
PL_LIV_12,PL_1,3,Liverpool,Premier League,28,38,71,601,203,0.12,0.35,15.82,5.34,0.337770382695507,7,2,4
PL_LIV_12,PL_1,4,Liverpool,Premier League,30,38,80,781,263,0.1,0.3,20.55,6.92,0.336747759282971,18,6,9
PL_LIV_12,PL_1,5,Liverpool,Premier League,24,38,85,639,215,0.13,0.4,16.82,5.66,0.336463223787168,11,9,9
PL_LUT_22,PL_1,4,Luton Town,Premier League,28,38,49,427,134,0.11,0.37,11.24,3.53,0.313817330210773,11,5,5
PL_MCI_13,PL_1,1,Manchester City,Premier League,24,38,82,590,211,0.14,0.39,15.53,5.55,0.357627118644068,21,5,9
PL_MCI_13,PL_1,2,Manchester City,Premier League,26,38,96,704,237,0.14,0.41,18.53,6.24,0.336647727272727,17,7,9
PL_MCI_13,PL_1,3,Manchester City,Premier League,24,38,92,590,205,0.16,0.45,15.53,5.39,0.347457627118644,20,9,10
PL_MCI_13,PL_1,4,Manchester City,Premier League,25,38,94,683,264,0.14,0.36,17.97,6.95,0.386530014641288,25,9,10
PL_MCI_13,PL_1,5,Manchester City,Premier League,30,38,71,603,208,0.12,0.34,15.87,5.47,0.344941956882255,21,3,4
PL_MUN_14,PL_1,1,Manchester Utd,Premier League,29,38,70,515,196,0.14,0.36,13.55,5.16,0.380582524271845,21,10,11
PL_MUN_14,PL_1,2,Manchester Utd,Premier League,29,38,56,503,179,0.11,0.31,13.24,4.71,0.355864811133201,19,3,5
PL_MUN_14,PL_1,3,Manchester Utd,Premier League,26,38,56,590,206,0.09,0.27,15.53,5.42,0.349152542372881,20,3,3
PL_MUN_14,PL_1,4,Manchester Utd,Premier League,31,38,57,543,182,0.1,0.31,14.29,4.79,0.335174953959484,15,6,7
PL_MUN_14,PL_1,5,Manchester Utd,Premier League,31,38,42,524,168,0.08,0.25,13.79,4.42,0.320610687022901,15,4,4
PL_NEW_15,PL_1,1,Newcastle Utd,Premier League,27,38,44,390,130,0.11,0.34,10.26,3.42,0.333333333333333,25,6,7
PL_NEW_15,PL_1,2,Newcastle Utd,Premier League,29,38,41,446,142,0.09,0.29,11.74,3.74,0.318385650224215,15,3,3
PL_NEW_15,PL_1,3,Newcastle Utd,Premier League,27,38,64,565,184,0.11,0.35,14.87,4.84,0.325663716814159,15,6,6
PL_NEW_15,PL_1,4,Newcastle Utd,Premier League,32,38,83,542,196,0.15,0.42,14.26,5.16,0.361623616236162,9,8,9
PL_NEW_15,PL_1,5,Newcastle Utd,Premier League,24,38,66,519,163,0.13,0.4,13.66,4.29,0.314065510597302,14,5,6
PL_NOR_25,PL_1,2,Norwich City,Premier League,28,38,21,370,104,0.06,0.2,9.74,2.74,0.281081081081081,18,3,3
PL_NOT_16,PL_1,3,Nott'ham Forest,Premier League,33,38,36,362,111,0.1,0.32,9.53,2.92,0.306629834254144,9,3,6
PL_NOT_16,PL_1,4,Nott'ham Forest,Premier League,33,38,49,450,143,0.11,0.34,11.84,3.76,0.317777777777778,7,1,1
PL_NOT_16,PL_1,5,Nott'ham Forest,Premier League,23,38,57,460,162,0.12,0.35,12.11,4.26,0.352173913043478,15,3,3
PL_SHE_23,PL_1,1,Sheffield Utd,Premier League,27,38,19,319,92,0.06,0.21,8.39,2.42,0.288401253918495,5,3,4
PL_SHE_23,PL_1,4,Sheffield Utd,Premier League,35,38,31,360,117,0.09,0.26,9.47,3.08,0.325,8,5,5
PL_SOU_17,PL_1,1,Southampton,Premier League,29,38,47,418,157,0.11,0.3,11,4.13,0.375598086124402,20,5,6
PL_SOU_17,PL_1,2,Southampton,Premier League,25,38,41,478,161,0.09,0.25,12.58,4.24,0.336820083682008,24,4,4
PL_SOU_17,PL_1,3,Southampton,Premier League,36,38,36,413,132,0.09,0.27,10.87,3.47,0.319612590799032,17,2,4
PL_SOU_17,PL_1,5,Southampton,Premier League,36,38,25,341,106,0.07,0.24,8.97,2.79,0.310850439882698,7,0,2
PL_TOT_18,PL_1,1,Tottenham,Premier League,24,38,66,438,167,0.15,0.4,11.53,4.39,0.381278538812785,35,5,5
PL_TOT_18,PL_1,2,Tottenham,Premier League,25,38,63,486,185,0.13,0.34,12.79,4.87,0.380658436213992,16,5,5
PL_TOT_18,PL_1,3,Tottenham,Premier League,29,38,68,512,186,0.13,0.37,13.47,4.89,0.36328125,14,5,6
PL_TOT_18,PL_1,4,Tottenham,Premier League,29,38,69,582,207,0.12,0.33,15.32,5.45,0.355670103092784,11,2,2
PL_TOT_18,PL_1,5,Tottenham,Premier League,31,38,61,493,177,0.12,0.34,12.97,4.66,0.359026369168357,13,3,4
PL_WAT_26,PL_1,2,Watford,Premier League,30,38,33,397,123,0.08,0.27,10.45,3.24,0.309823677581864,24,1,2
PL_WES_19,PL_1,1,West Ham,Premier League,24,38,60,464,158,0.13,0.38,12.21,4.16,0.34051724137931,17,2,4
PL_WES_19,PL_1,2,West Ham,Premier League,25,38,58,443,142,0.13,0.41,11.66,3.74,0.320541760722348,13,4,6
PL_WES_19,PL_1,3,West Ham,Premier League,25,38,41,466,133,0.09,0.31,12.26,3.5,0.285407725321888,13,6,8
PL_WES_19,PL_1,4,West Ham,Premier League,26,38,58,445,146,0.13,0.4,11.71,3.84,0.328089887640449,17,4,5
PL_WES_19,PL_1,5,West Ham,Premier League,27,38,43,473,137,0.09,0.31,12.45,3.61,0.289640591966173,14,3,3
PL_WES_27,PL_1,1,West Brom,Premier League,30,38,33,335,106,0.1,0.31,8.82,2.79,0.316417910447761,16,4,4
PL_WOL_20,PL_1,1,Wolves,Premier League,27,38,34,459,149,0.07,0.23,12.08,3.92,0.324618736383442,18,4,4
PL_WOL_20,PL_1,2,Wolves,Premier League,26,38,35,401,133,0.09,0.26,10.55,3.5,0.331670822942643,13,1,1
PL_WOL_20,PL_1,3,Wolves,Premier League,32,38,28,409,119,0.07,0.24,10.76,3.13,0.290953545232274,18,3,3
PL_WOL_20,PL_1,4,Wolves,Premier League,27,38,47,425,153,0.11,0.31,11.18,4.03,0.36,12,4,4
PL_WOL_20,PL_1,5,Wolves,Premier League,32,38,53,431,155,0.12,0.34,11.34,4.08,0.359628770301624,18,0,0
SA_ATL_1,SA_1,1,Atalanta,Serie A,30,38,90,614,221,0.15,0.41,16.16,5.82,0.359934853420195,28,6,7
SA_ATL_1,SA_1,2,Atalanta,Serie A,32,38,62,598,167,0.1,0.37,15.74,4.39,0.279264214046823,16,5,6
SA_ATL_1,SA_1,3,Atalanta,Serie A,27,38,64,506,168,0.13,0.38,13.32,4.42,0.33201581027668,13,6,8
SA_ATL_1,SA_1,4,Atalanta,Serie A,29,38,72,539,197,0.13,0.37,14.18,5.18,0.365491651205937,6,5,5
SA_ATL_1,SA_1,5,Atalanta,Serie A,32,38,76,538,181,0.14,0.42,14.16,4.76,0.336431226765799,5,5,7
SA_BEE_2,SA_1,1,Benevento,Serie A,29,38,40,411,128,0.1,0.31,10.82,3.37,0.311435523114355,17,5,7
SA_BOL_3,SA_1,1,Bologna,Serie A,37,38,49,495,175,0.1,0.28,13.03,4.61,0.353535353535354,24,3,4
SA_BOL_3,SA_1,2,Bologna,Serie A,36,38,43,434,143,0.1,0.3,11.42,3.76,0.329493087557604,14,4,5
SA_BOL_3,SA_1,3,Bologna,Serie A,27,38,52,479,150,0.11,0.35,12.61,3.95,0.313152400835073,18,6,6
SA_BOL_3,SA_1,4,Bologna,Serie A,28,38,52,472,159,0.11,0.33,12.42,4.18,0.336864406779661,19,4,5
SA_BOL_3,SA_1,5,Bologna,Serie A,30,38,56,505,166,0.11,0.34,13.29,4.37,0.328712871287129,18,6,7
SA_CAL_4,SA_1,1,Cagliari,Serie A,32,38,43,429,122,0.1,0.35,11.29,3.21,0.284382284382284,13,4,5
SA_CAL_4,SA_1,2,Cagliari,Serie A,33,38,34,420,117,0.08,0.29,11.05,3.08,0.278571428571429,17,3,4
SA_CAL_4,SA_1,4,Cagliari,Serie A,29,38,41,442,127,0.09,0.32,11.63,3.34,0.287330316742081,15,4,6
SA_CAL_4,SA_1,5,Cagliari,Serie A,28,38,38,421,115,0.09,0.33,11.08,3.03,0.273159144893112,10,3,3
SA_COO_28,SA_1,5,Como,Serie A,38,38,44,519,176,0.08,0.25,13.66,4.63,0.339113680154143,17,0,2
SA_CRM_24,SA_1,3,Cremonese,Serie A,33,38,35,458,122,0.08,0.29,12.05,3.21,0.266375545851528,15,5,7
SA_CRT_5,SA_1,1,Crotone,Serie A,31,38,44,353,111,0.12,0.4,9.29,2.92,0.314447592067989,15,9,9
SA_EMP_21,SA_1,2,Empoli,Serie A,28,38,47,490,151,0.1,0.31,12.89,3.97,0.308163265306122,16,7,7
SA_EMP_21,SA_1,3,Empoli,Serie A,32,38,35,447,129,0.08,0.27,11.76,3.39,0.288590604026846,19,2,2
SA_EMP_21,SA_1,4,Empoli,Serie A,34,38,26,413,112,0.06,0.23,10.87,2.95,0.271186440677966,22,5,5
SA_EMP_21,SA_1,5,Empoli,Serie A,34,38,31,367,107,0.08,0.29,9.66,2.82,0.291553133514986,21,2,3
SA_FIR_6,SA_1,1,Fiorentina,Serie A,30,38,44,366,115,0.12,0.38,9.63,3.03,0.314207650273224,14,6,6
SA_FIR_6,SA_1,2,Fiorentina,Serie A,28,38,59,501,172,0.12,0.34,13.18,4.53,0.343313373253493,25,9,12
SA_FIR_6,SA_1,3,Fiorentina,Serie A,30,38,51,597,171,0.09,0.3,15.71,4.5,0.28643216080402,23,4,6
SA_FIR_6,SA_1,4,Fiorentina,Serie A,30,38,60,515,171,0.12,0.35,13.55,4.5,0.332038834951456,13,4,8
SA_FIR_6,SA_1,5,Fiorentina,Serie A,34,38,58,439,166,0.13,0.35,11.55,4.37,0.378132118451025,20,6,8
SA_FRS_27,SA_1,4,Frosinone,Serie A,34,38,44,460,147,0.1,0.3,12.11,3.87,0.319565217391304,18,8,10
SA_GEO_7,SA_1,1,Genoa,Serie A,34,38,46,338,120,0.14,0.38,8.89,3.16,0.355029585798817,11,4,4
SA_GEO_7,SA_1,2,Genoa,Serie A,40,38,26,397,106,0.07,0.25,10.45,2.79,0.267002518891688,12,6,7
SA_GEO_7,SA_1,4,Genoa,Serie A,34,38,43,397,119,0.11,0.36,10.45,3.13,0.299748110831234,21,5,6
SA_GEO_7,SA_1,5,Genoa,Serie A,37,38,35,383,117,0.09,0.3,10.08,3.08,0.305483028720627,16,0,2
SA_HEL_8,SA_1,1,Hellas Verona,Serie A,32,38,38,400,118,0.1,0.32,10.53,3.11,0.295,13,3,3
SA_HEL_8,SA_1,2,Hellas Verona,Serie A,31,38,63,455,152,0.14,0.41,11.97,4,0.334065934065934,15,7,8
SA_HEL_8,SA_1,3,Hellas Verona,Serie A,36,38,29,415,116,0.07,0.25,10.92,3.05,0.279518072289157,13,1,1
SA_HEL_8,SA_1,4,Hellas Verona,Serie A,36,38,38,435,146,0.09,0.26,11.45,3.84,0.335632183908046,13,3,7
SA_HEL_8,SA_1,5,Hellas Verona,Serie A,32,38,31,372,95,0.08,0.33,9.79,2.5,0.255376344086022,12,2,2
SA_INT_9,SA_1,1,Inter,Serie A,25,38,84,543,194,0.15,0.43,14.29,5.11,0.357274401473296,17,8,9
SA_INT_9,SA_1,2,Inter,Serie A,27,38,83,667,239,0.12,0.35,17.55,6.29,0.35832083958021,13,7,11
SA_INT_9,SA_1,3,Inter,Serie A,25,38,68,625,197,0.11,0.35,16.45,5.18,0.3152,21,4,5
SA_INT_9,SA_1,4,Inter,Serie A,27,38,87,580,196,0.15,0.44,15.26,5.16,0.337931034482759,19,13,14
SA_INT_9,SA_1,5,Inter,Serie A,26,38,76,565,179,0.13,0.42,14.87,4.71,0.316814159292035,17,8,9
SA_JUV_10,SA_1,1,Juventus,Serie A,30,38,76,585,206,0.13,0.37,15.39,5.42,0.352136752136752,23,8,10
SA_JUV_10,SA_1,2,Juventus,Serie A,32,38,56,517,166,0.11,0.34,13.61,4.37,0.321083172147002,18,5,6
SA_JUV_10,SA_1,3,Juventus,Serie A,29,38,56,529,171,0.11,0.33,13.92,4.5,0.323251417769376,19,3,6
SA_JUV_10,SA_1,4,Juventus,Serie A,31,38,52,531,146,0.1,0.36,13.97,3.84,0.274952919020716,19,3,5
SA_JUV_10,SA_1,5,Juventus,Serie A,29,38,56,509,175,0.11,0.32,13.39,4.61,0.343811394891945,11,6,6
SA_LAZ_11,SA_1,1,Lazio,Serie A,30,38,59,514,175,0.11,0.34,13.53,4.61,0.340466926070039,14,6,10
SA_LAZ_11,SA_1,2,Lazio,Serie A,27,38,74,445,185,0.17,0.4,11.71,4.87,0.415730337078652,14,7,9
SA_LAZ_11,SA_1,3,Lazio,Serie A,24,38,59,430,161,0.14,0.37,11.32,4.24,0.374418604651163,14,6,8
SA_LAZ_11,SA_1,4,Lazio,Serie A,22,38,46,436,135,0.11,0.34,11.47,3.55,0.309633027522936,15,4,4
SA_LAZ_11,SA_1,5,Lazio,Serie A,27,38,60,528,185,0.11,0.32,13.89,4.87,0.350378787878788,13,6,7
SA_LEC_25,SA_1,3,Lecce,Serie A,29,38,31,412,106,0.08,0.29,10.84,2.79,0.257281553398058,14,4,6
SA_LEC_25,SA_1,4,Lecce,Serie A,26,38,30,503,147,0.06,0.2,13.24,3.87,0.292246520874752,11,3,5
SA_LEC_25,SA_1,5,Lecce,Serie A,31,38,27,450,119,0.06,0.23,11.84,3.13,0.264444444444444,22,3,4
SA_MIL_12,SA_1,1,Milan,Serie A,29,38,72,537,184,0.13,0.39,14.13,4.84,0.342644320297952,30,15,20
SA_MIL_12,SA_1,2,Milan,Serie A,28,38,66,592,187,0.11,0.35,15.58,4.92,0.315878378378378,23,5,8
SA_MIL_12,SA_1,3,Milan,Serie A,30,38,61,546,178,0.11,0.34,14.37,4.68,0.326007326007326,26,5,5
SA_MIL_12,SA_1,4,Milan,Serie A,35,38,76,554,202,0.14,0.38,14.58,5.32,0.364620938628159,9,6,8
SA_MIL_12,SA_1,5,Milan,Serie A,35,38,59,555,185,0.11,0.32,14.61,4.87,0.333333333333333,8,4,8
SA_MON_26,SA_1,3,Monza,Serie A,31,38,46,406,139,0.11,0.33,10.68,3.66,0.342364532019704,13,5,6
SA_MON_26,SA_1,4,Monza,Serie A,31,38,38,451,123,0.08,0.31,11.87,3.24,0.272727272727273,15,4,5
SA_MON_26,SA_1,5,Monza,Serie A,36,38,27,333,99,0.08,0.27,8.76,2.61,0.297297297297297,17,3,3
SA_NAP_13,SA_1,1,Napoli,Serie A,25,38,83,637,217,0.13,0.38,16.76,5.71,0.340659340659341,25,7,8
SA_NAP_13,SA_1,2,Napoli,Serie A,27,38,74,565,186,0.13,0.4,14.87,4.89,0.329203539823009,25,10,14
SA_NAP_13,SA_1,3,Napoli,Serie A,27,38,75,605,212,0.12,0.35,15.92,5.58,0.350413223140496,18,8,10
SA_NAP_13,SA_1,4,Napoli,Serie A,29,38,54,638,196,0.08,0.28,16.79,5.16,0.307210031347962,18,6,10
SA_NAP_13,SA_1,5,Napoli,Serie A,27,38,56,499,150,0.11,0.37,13.13,3.95,0.30060120240481,11,4,5
SA_PAM_14,SA_1,1,Parma,Serie A,42,38,39,392,123,0.1,0.32,10.32,3.24,0.313775510204082,20,5,5
SA_PAM_14,SA_1,5,Parma,Serie A,32,38,43,418,140,0.1,0.31,11,3.68,0.334928229665072,22,6,7
SA_ROM_15,SA_1,1,Roma,Serie A,31,38,67,537,191,0.12,0.35,14.13,5.03,0.355679702048417,14,7,8
SA_ROM_15,SA_1,2,Roma,Serie A,29,38,58,592,184,0.1,0.32,15.58,4.84,0.310810810810811,21,7,9
SA_ROM_15,SA_1,3,Roma,Serie A,30,38,50,488,155,0.1,0.32,12.84,4.08,0.317622950819672,15,7,10
SA_ROM_15,SA_1,4,Roma,Serie A,30,38,64,464,142,0.14,0.45,12.21,3.74,0.306034482758621,16,11,12
SA_ROM_15,SA_1,5,Roma,Serie A,28,38,55,514,162,0.11,0.34,13.53,4.26,0.315175097276265,15,8,8
SA_SAL_22,SA_1,2,Salernitana,Serie A,42,38,32,426,130,0.08,0.25,11.21,3.42,0.305164319248826,20,4,5
SA_SAL_22,SA_1,3,Salernitana,Serie A,30,38,46,381,115,0.12,0.4,10.03,3.03,0.301837270341207,14,2,2
SA_SAL_22,SA_1,4,Salernitana,Serie A,39,38,32,398,118,0.08,0.27,10.47,3.11,0.296482412060302,11,2,2
SA_SAP_16,SA_1,1,Sampdoria,Serie A,27,38,52,422,134,0.12,0.39,11.11,3.53,0.317535545023697,15,5,6
SA_SAP_16,SA_1,2,Sampdoria,Serie A,34,38,42,386,118,0.11,0.36,10.16,3.11,0.305699481865285,12,2,4
SA_SAP_16,SA_1,3,Sampdoria,Serie A,40,38,23,376,114,0.06,0.2,9.89,3,0.303191489361702,16,1,2
SA_SAS_17,SA_1,1,Sassuolo,Serie A,28,38,61,516,164,0.12,0.37,13.58,4.32,0.317829457364341,25,13,14
SA_SAS_17,SA_1,2,Sassuolo,Serie A,29,38,60,569,204,0.11,0.29,14.97,5.37,0.358523725834798,14,7,7
SA_SAS_17,SA_1,3,Sassuolo,Serie A,31,38,46,477,161,0.1,0.29,12.55,4.24,0.337526205450734,20,9,10
SA_SAS_17,SA_1,4,Sassuolo,Serie A,30,38,42,453,144,0.09,0.29,11.92,3.79,0.317880794701987,18,7,8
SA_SPZ_18,SA_1,1,Spezia,Serie A,35,38,52,382,130,0.14,0.4,10.05,3.42,0.340314136125654,10,4,5
SA_SPZ_18,SA_1,2,Spezia,Serie A,30,38,38,381,127,0.1,0.3,10.03,3.34,0.333333333333333,17,3,5
SA_SPZ_18,SA_1,3,Spezia,Serie A,34,38,29,419,120,0.07,0.24,11.03,3.16,0.286396181384248,19,4,4
SA_TOR_19,SA_1,1,Torino,Serie A,29,38,49,457,144,0.11,0.34,12.03,3.79,0.315098468271335,40,5,6
SA_TOR_19,SA_1,2,Torino,Serie A,31,38,43,470,142,0.09,0.3,12.37,3.74,0.302127659574468,16,6,6
SA_TOR_19,SA_1,3,Torino,Serie A,28,38,41,444,146,0.09,0.28,11.68,3.84,0.328828828828829,6,2,2
SA_TOR_19,SA_1,4,Torino,Serie A,30,38,35,432,121,0.08,0.29,11.37,3.18,0.280092592592593,15,2,2
SA_TOR_19,SA_1,5,Torino,Serie A,31,38,36,383,123,0.09,0.29,10.08,3.24,0.321148825065274,12,2,4
SA_UDN_20,SA_1,1,Udinese,Serie A,33,38,40,410,125,0.1,0.32,10.79,3.29,0.304878048780488,13,4,4
SA_UDN_20,SA_1,2,Udinese,Serie A,29,38,58,505,181,0.11,0.32,13.29,4.76,0.358415841584158,19,3,4
SA_UDN_20,SA_1,3,Udinese,Serie A,30,38,46,503,145,0.09,0.32,13.24,3.82,0.288270377733598,23,1,2
SA_UDN_20,SA_1,4,Udinese,Serie A,32,38,36,457,134,0.08,0.27,12.03,3.53,0.293216630196937,21,3,4
SA_UDN_20,SA_1,5,Udinese,Serie A,31,38,41,430,137,0.1,0.3,11.32,3.61,0.318604651162791,15,2,4
SA_VEN_23,SA_1,2,Venezia,Serie A,39,38,34,349,113,0.1,0.3,9.18,2.97,0.32378223495702,22,3,5
SA_VEN_23,SA_1,5,Venezia,Serie A,36,38,31,381,120,0.08,0.26,10.03,3.16,0.31496062992126,25,4,5
