team_id,league_id,season_id,team_name,Comp,# Pl,90s,team_total_passes_Cmp,team_total_passes_Att,team_total_passes_Cmp%_new,team_total_passes_TotDist,team_total_passes_PrgDist,team_short_passes_Cmp,team_short_passes_Att,team_short_passes_Cmp%_new,team_medium_passes_Cmp,team_medium_passes_Att,team_medium_passes_Cmp%_new,team_long_passes_Cmp,team_long_passes_Att,team_long_passes_Cmp%_new,team_Ast,team_passes_KP,team_passes_PPA,team_passes_into_finalthird,team_passes_CrsPA,team_passes_PrgP
BL_ARM_1,BL_1,1,Arminia,Bundesliga,26,34,10582,14604,0.72459600109559,214163,88686,3914,4823,0.811528094546962,4806,5879,0.817485967001191,1610,3097,0.519857927026154,16,229,172,795,50,880
BL_ARM_1,BL_1,2,Arminia,Bundesliga,26,34,9382,13511,0.694397157871364,182069,82699,3765,4741,0.794136258173381,4031,5156,0.781807602792863,1305,2712,0.481194690265487,18,247,195,763,55,887
BL_AUG_2,BL_1,1,Augsburg,Bundesliga,25,34,10257,14168,0.723955392433653,193960,77974,4167,5063,0.823029824214892,4515,5469,0.825562260010971,1322,2716,0.486745213549337,23,245,182,691,56,987
BL_AUG_2,BL_1,2,Augsburg,Bundesliga,26,34,9181,13035,0.70433448408132,181255,75935,3586,4449,0.806023825578782,3892,4935,0.788652482269504,1455,2827,0.514679872656526,26,264,218,657,85,895
BL_AUG_2,BL_1,3,Augsburg,Bundesliga,34,34,8422,12742,0.660963741955737,169408,75215,3104,4032,0.76984126984127,3844,5050,0.761188118811881,1253,2819,0.444483859524654,29,240,191,662,44,847
BL_AUG_2,BL_1,4,Augsburg,Bundesliga,29,34,10545,14262,0.739377366428271,199672,80511,4147,4989,0.831228703146923,4851,5902,0.821924771263978,1272,2491,0.51063829787234,35,299,284,919,89,1137
BL_AUG_2,BL_1,5,Augsburg,Bundesliga,29,34,11577,14936,0.775107123727906,213228,82617,4900,5714,0.857542877143857,5187,6033,0.859771258080557,1267,2377,0.533024821203197,26,296,248,905,77,1162
BL_BAY_3,BL_1,1,Bayern Munich,Bundesliga,29,34,18358,22039,0.832977902808657,327421,111389,7794,8735,0.892272467086434,7997,9011,0.887470868937965,1993,3021,0.659715326050976,75,461,464,1578,113,2084
BL_BAY_3,BL_1,2,Bayern Munich,Bundesliga,30,34,20087,23780,0.844701429772918,342875,124219,9343,10393,0.898970460887136,8473,9518,0.890208026896407,1747,2675,0.653084112149533,70,516,500,1677,71,2164
BL_BAY_3,BL_1,3,Bayern Munich,Bundesliga,28,34,19404,22716,0.854199683042789,335478,115394,8781,9678,0.907315561066336,8580,9490,0.904109589041096,1653,2553,0.647473560517039,67,488,474,1561,70,2041
BL_BAY_3,BL_1,4,Bayern Munich,Bundesliga,30,34,19987,22946,0.87104506232023,340799,109694,9254,10094,0.916782246879334,8928,9742,0.91644426195853,1476,2208,0.668478260869565,71,506,458,1563,86,1941
BL_BAY_3,BL_1,5,Bayern Munich,Bundesliga,29,34,22755,25733,0.884273112346015,376161,117553,11338,12153,0.932938369126964,9489,10320,0.919476744186046,1548,2329,0.664662945470159,66,511,464,2131,67,2138
BL_BOC_20,BL_1,2,Bochum,Bundesliga,28,34,9624,13679,0.703560201769135,200296,84521,3445,4288,0.803404850746269,4176,5235,0.797707736389685,1764,3334,0.529094181163767,22,276,179,761,66,926
BL_BOC_20,BL_1,3,Bochum,Bundesliga,26,34,9209,13549,0.67968115728098,185905,86106,3742,4704,0.795493197278912,3734,4954,0.753734356075898,1534,3145,0.487758346581876,28,289,225,856,73,1022
BL_BOC_20,BL_1,4,Bochum,Bundesliga,25,34,9786,14203,0.689009364218827,185281,85808,4234,5278,0.802197802197802,3854,5032,0.765898251192369,1393,2934,0.474778459441036,30,371,265,902,85,1151
BL_BOC_20,BL_1,5,Bochum,Bundesliga,27,34,10281,14230,0.722487702037948,202499,85811,3889,4696,0.828151618398637,4761,5852,0.813568010936432,1433,2841,0.504399859204506,23,308,235,865,76,1090
BL_BRE_18,BL_1,1,Werder Bremen,Bundesliga,27,34,11648,15559,0.748634230991709,211793,84074,5201,6190,0.840226171243942,4826,5900,0.817966101694915,1349,2551,0.528812230497844,25,252,190,822,81,1065
BL_BRE_18,BL_1,3,Werder Bremen,Bundesliga,25,34,12443,16554,0.75166122991422,236998,93050,5048,6006,0.84049284049284,5399,6523,0.827686647248199,1688,3071,0.549658091826766,37,274,274,922,66,1140
BL_BRE_18,BL_1,4,Werder Bremen,Bundesliga,30,34,12821,16418,0.780911195029845,237961,91530,5250,6169,0.851029340249635,5760,6739,0.854726220507494,1549,2676,0.578849028400598,33,321,276,882,83,1172
BL_BRE_18,BL_1,5,Werder Bremen,Bundesliga,23,34,13999,17550,0.797663817663818,250040,91419,5827,6663,0.874530992045625,6247,7263,0.860112901005094,1455,2530,0.575098814229249,38,327,335,954,91,1351
BL_BVB_4,BL_1,1,Dortmund,Bundesliga,26,34,18812,22396,0.839971423468476,330898,107300,8274,9247,0.894776684330053,8007,8942,0.895437262357414,1936,2917,0.663695577648269,57,389,401,1374,45,1745
BL_BVB_4,BL_1,2,Dortmund,Bundesliga,33,34,17410,21052,0.8269998099943,292376,101965,8010,8996,0.890395731436194,7168,8170,0.877356181150551,1495,2454,0.60920945395273,57,331,301,1091,48,1468
BL_BVB_4,BL_1,3,Dortmund,Bundesliga,30,34,16445,19889,0.826838956206949,290786,100043,7277,8180,0.88960880195599,6704,7585,0.883849703361898,1853,2872,0.645194986072424,61,423,341,1265,78,1628
BL_BVB_4,BL_1,4,Dortmund,Bundesliga,32,34,17191,20445,0.840841281486916,300426,100507,7696,8552,0.899906454630496,7352,8202,0.896366739819556,1651,2584,0.638931888544892,49,389,301,1144,46,1452
BL_BVB_4,BL_1,5,Dortmund,Bundesliga,28,34,17077,20321,0.840362186900251,295202,98274,7783,8536,0.911785379568885,7542,8376,0.900429799426934,1403,2463,0.569630531871701,56,372,324,1348,86,1563
BL_DAR_22,BL_1,4,Darmstadt 98,Bundesliga,32,34,11807,15336,0.769887845592071,223927,86971,4830,5582,0.865281261196704,5247,6139,0.854699462453168,1494,2813,0.531105581230004,21,302,226,873,65,1083
BL_FRA_5,BL_1,1,Eint Frankfurt,Bundesliga,25,34,14241,18424,0.772959183673469,253275,99451,6399,7455,0.858350100603622,6095,7255,0.840110268780152,1446,2758,0.524292965917331,52,361,301,1143,103,1548
BL_FRA_5,BL_1,2,Eint Frankfurt,Bundesliga,27,34,12628,17023,0.741819890736063,229563,88663,5346,6380,0.837931034482759,5660,6861,0.824952630811835,1313,2783,0.471793029105282,33,331,223,908,78,1255
BL_FRA_5,BL_1,3,Eint Frankfurt,Bundesliga,28,34,13930,17975,0.774965229485396,240605,87723,6239,7247,0.860907961915275,6164,7319,0.842191556223528,1196,2423,0.493602971522906,33,289,263,1003,64,1372
BL_FRA_5,BL_1,4,Eint Frankfurt,Bundesliga,34,34,15017,18809,0.798394385666436,260025,91225,6582,7496,0.878068303094984,6907,7959,0.867822590777736,1204,2409,0.499792444997924,36,292,276,1007,60,1305
BL_FRA_5,BL_1,5,Eint Frankfurt,Bundesliga,26,34,13925,17138,0.812521881199673,233650,85985,6627,7329,0.90421612771183,5810,6682,0.869500149655792,1094,2198,0.497725204731574,47,354,308,1033,55,1347
BL_FRE_6,BL_1,1,Freiburg,Bundesliga,24,34,12177,15960,0.76296992481203,235666,88608,4649,5516,0.842820884699057,5693,6655,0.855447032306536,1571,2930,0.53617747440273,34,286,222,858,85,1170
BL_FRE_6,BL_1,2,Freiburg,Bundesliga,26,34,11641,15652,0.743738819320215,219063,88322,4842,5855,0.826985482493595,4953,5947,0.832856902639986,1504,2875,0.523130434782609,37,333,293,919,73,1229
BL_FRE_6,BL_1,3,Freiburg,Bundesliga,27,34,11653,15533,0.750209231957767,224503,85849,4532,5503,0.823550790477921,5212,6241,0.835122576510175,1565,2829,0.553199010250972,34,288,237,884,67,1039
BL_FRE_6,BL_1,4,Freiburg,Bundesliga,25,34,12337,16023,0.769955688697497,223388,83596,5228,6120,0.854248366013072,5515,6445,0.855702094647013,1296,2579,0.502520356727414,32,296,246,936,81,1208
BL_FRE_6,BL_1,5,Freiburg,Bundesliga,26,34,12892,16460,0.783232077764277,230139,83746,5552,6386,0.869401816473536,5789,6731,0.860050512553855,1209,2417,0.500206868018204,35,285,253,981,74,1129
BL_FÜR_21,BL_1,2,Greuther Fürth,Bundesliga,29,34,10180,13971,0.728652208145444,187432,77521,4297,5107,0.841394164871745,4428,5407,0.818938413168116,1187,2565,0.462768031189084,15,208,150,737,43,976
BL_GLA_7,BL_1,1,Gladbach,Bundesliga,23,34,15207,18955,0.802268530730678,258868,94260,7096,8048,0.881709741550696,6254,7326,0.853671853671854,1364,2401,0.568096626405664,44,333,248,974,42,1371
BL_GLA_7,BL_1,2,Gladbach,Bundesliga,26,34,14537,17978,0.808599399265769,251602,93864,6542,7467,0.876121601714209,6272,7138,0.878677500700476,1318,2354,0.559898045879354,38,357,250,920,46,1291
BL_GLA_7,BL_1,3,Gladbach,Bundesliga,27,34,15516,18854,0.822955341041689,267610,95706,7012,7776,0.901748971193416,6828,7668,0.890453834115806,1280,2371,0.539856600590468,39,327,247,885,50,1168
BL_GLA_7,BL_1,4,Gladbach,Bundesliga,27,34,13544,16946,0.799244659506668,232267,84618,6222,7073,0.87968330270041,5785,6704,0.862917661097852,1162,2210,0.52579185520362,43,374,261,801,83,1227
BL_GLA_7,BL_1,5,Gladbach,Bundesliga,26,34,14148,17507,0.808133889301422,245327,87390,6502,7257,0.895962518947223,6076,7009,0.866885433014695,1261,2322,0.54306632213609,39,308,278,848,93,1112
BL_HEI_23,BL_1,4,Heidenheim,Bundesliga,22,34,10264,14339,0.715810028593347,206040,85936,3699,4713,0.784850413749204,4741,5858,0.809320587231137,1578,2863,0.551170101292351,34,279,201,730,73,983
BL_HEI_23,BL_1,5,Heidenheim,Bundesliga,27,34,11127,14684,0.757763552165622,215269,83343,4145,4986,0.831327717609306,5303,6225,0.851887550200803,1428,2682,0.532438478747204,26,294,231,806,84,974
BL_HER_8,BL_1,1,Hertha BSC,Bundesliga,32,34,12566,16169,0.777166182200507,248502,87307,4473,5282,0.846838318818629,5998,6958,0.862029318769761,1814,3023,0.600066159444261,29,278,224,839,75,1176
BL_HER_8,BL_1,2,Hertha BSC,Bundesliga,36,34,10314,14077,0.732684520849613,185733,76968,4615,5523,0.83559659605287,4151,5105,0.813124387855044,1226,2478,0.494753833736885,23,271,181,650,56,975
BL_HER_8,BL_1,3,Hertha BSC,Bundesliga,32,34,8876,12800,0.6934375,165190,72608,3726,4615,0.807367280606717,3761,4869,0.772437872253029,1117,2467,0.45277665180381,23,247,161,665,42,914
BL_HOF_9,BL_1,1,Hoffenheim,Bundesliga,30,34,14269,18046,0.790701540507592,259701,96648,6008,6880,0.873255813953488,6296,7287,0.864004391381913,1608,2822,0.569808646350106,38,328,313,1113,101,1517
BL_HOF_9,BL_1,2,Hoffenheim,Bundesliga,32,34,14323,18141,0.789537511713798,256560,98199,6165,7101,0.868187579214195,6198,7189,0.862150507720128,1564,2758,0.567077592458303,42,336,343,1046,112,1474
BL_HOF_9,BL_1,3,Hoffenheim,Bundesliga,31,34,11754,15564,0.75520431765613,218184,88463,4941,5830,0.847512864493996,5108,6136,0.832464146023468,1405,2668,0.526611694152924,30,294,260,928,77,1175
BL_HOF_9,BL_1,4,Hoffenheim,Bundesliga,30,34,13457,17038,0.789822749148961,240505,94518,5931,6757,0.877756400769572,5840,6864,0.850815850815851,1372,2563,0.535310183378853,47,346,292,1069,76,1359
BL_HOF_9,BL_1,5,Hoffenheim,Bundesliga,35,34,12827,16506,0.777111353447231,225491,85704,5746,6593,0.871530411042014,5461,6522,0.837319840539712,1221,2444,0.499590834697218,30,324,298,1041,108,1218
BL_KIE_24,BL_1,5,Holstein Kiel,Bundesliga,27,34,10537,13961,0.75474536208008,201828,79435,4072,4768,0.854026845637584,5038,5991,0.840928058754799,1261,2558,0.492963252541048,29,266,181,676,69,875
BL_KÖL_11,BL_1,1,Köln,Bundesliga,28,34,11954,15870,0.753245116572149,227260,90858,4798,5675,0.845462555066079,5204,6246,0.833173230867756,1650,3005,0.549084858569052,23,254,214,837,83,1131
BL_KÖL_11,BL_1,2,Köln,Bundesliga,26,34,12636,16910,0.747250147841514,245192,96608,4661,5646,0.82554020545519,5989,7240,0.827209944751381,1722,3053,0.564035375040943,40,355,319,921,125,1406
BL_KÖL_11,BL_1,3,Köln,Bundesliga,27,34,12242,16367,0.747968473147186,229690,84892,4634,5485,0.844849589790337,6017,7208,0.83476692563818,1352,2725,0.496146788990826,31,307,259,840,84,1247
BL_KÖL_11,BL_1,4,Köln,Bundesliga,26,34,11704,15411,0.759457530335475,209861,79468,4930,5779,0.853088769683336,5377,6369,0.844245564452818,1146,2378,0.481917577796468,17,319,217,821,85,1086
BL_LEI_14,BL_1,1,RB Leipzig,Bundesliga,25,34,17500,21450,0.815850815850816,292079,103411,8233,9297,0.885554479939766,7169,8272,0.866658607350097,1453,2493,0.582831929402326,44,418,367,1436,81,1718
BL_LEI_14,BL_1,2,RB Leipzig,Bundesliga,29,34,16163,19771,0.817510495169693,265026,97087,7780,8702,0.89404734543783,6442,7384,0.872426868905742,1269,2311,0.549112938122025,53,329,376,1144,75,1467
BL_LEI_14,BL_1,3,RB Leipzig,Bundesliga,25,34,16911,20529,0.823761508110478,297606,99659,7461,8392,0.889061010486177,7606,8572,0.887307512832478,1511,2537,0.595585337012219,39,376,320,1237,53,1450
BL_LEI_14,BL_1,4,RB Leipzig,Bundesliga,26,34,16254,19590,0.829709035222052,282017,96743,6994,7859,0.889935106247614,7624,8554,0.891278933832125,1287,2207,0.583144540099683,53,404,334,1185,75,1541
BL_LEI_14,BL_1,5,RB Leipzig,Bundesliga,29,34,14698,18207,0.807271928379195,247957,90938,6822,7749,0.880371660859466,6428,7472,0.860278372591006,1090,2013,0.541480377545951,36,313,306,1138,52,1353
BL_LEV_12,BL_1,1,Leverkusen,Bundesliga,30,34,17887,21683,0.824931974357792,323019,109005,7511,8391,0.895125729948755,7884,8922,0.883658372562206,1988,3185,0.624175824175824,41,351,263,1252,75,1522
BL_LEV_12,BL_1,2,Leverkusen,Bundesliga,29,34,14735,18338,0.803522739666267,258289,94652,6448,7325,0.880273037542662,6309,7258,0.869247726646459,1474,2579,0.571539356339666,58,351,296,991,60,1341
BL_LEV_12,BL_1,3,Leverkusen,Bundesliga,27,34,14683,18206,0.806492365154345,247352,87593,7075,8019,0.88227958598329,5908,6837,0.864121690800059,1279,2372,0.53920741989882,44,349,230,926,48,1243
BL_LEV_12,BL_1,4,Leverkusen,Bundesliga,24,34,21192,24301,0.872062878070861,322890,106373,12041,12986,0.927229323887263,7316,8125,0.900430769230769,1249,1977,0.631765300961052,71,490,457,1716,72,1997
BL_LEV_12,BL_1,5,Leverkusen,Bundesliga,23,34,18301,21589,0.84770021770346,299589,100139,9397,10227,0.918842280238584,7044,7969,0.883925210189484,1397,2377,0.587715607909129,53,387,319,1610,83,1692
BL_MAI_13,BL_1,1,Mainz 05,Bundesliga,31,34,9531,13776,0.691855400696864,176200,76432,4003,5020,0.797410358565737,4037,5275,0.765308056872038,1206,2557,0.471646460696128,23,274,218,781,73,1046
BL_MAI_13,BL_1,2,Mainz 05,Bundesliga,28,34,10773,15000,0.7182,190321,80921,4904,5893,0.832173765484473,4358,5557,0.78423609861436,1175,2534,0.463693764798737,36,317,255,878,72,1178
BL_MAI_13,BL_1,3,Mainz 05,Bundesliga,27,34,10075,14492,0.695211150979851,186572,81107,4418,5434,0.813029076186971,4059,5270,0.770208728652751,1293,2828,0.457213578500707,35,278,270,872,80,1155
BL_MAI_13,BL_1,4,Mainz 05,Bundesliga,30,34,10974,15120,0.725793650793651,201446,81453,4718,5730,0.823385689354276,4623,5826,0.79351184346035,1323,2702,0.489637305699482,31,346,248,939,78,1169
BL_MAI_13,BL_1,5,Mainz 05,Bundesliga,25,34,12478,16434,0.759279542412072,222290,85770,5681,6560,0.866006097560976,5218,6226,0.838098297462255,1280,2671,0.479221265443654,37,319,309,1038,93,1286
BL_SCH_15,BL_1,1,Schalke 04,Bundesliga,42,34,11084,14706,0.753705970352237,202831,76224,4611,5483,0.840962976472734,4847,5750,0.84295652173913,1290,2483,0.519532823197745,20,217,182,668,39,943
BL_SCH_15,BL_1,3,Schalke 04,Bundesliga,35,34,9234,13360,0.691167664670659,182759,80288,3511,4414,0.795423652016312,4162,5223,0.796860042121386,1331,2803,0.474848376739208,24,282,250,698,110,934
BL_STP_25,BL_1,5,St. Pauli,Bundesliga,28,34,11751,15300,0.768039215686274,208523,79611,5086,5835,0.871636675235647,5248,6213,0.844680508610977,1110,2391,0.464240903387704,22,278,201,892,72,1073
BL_STU_16,BL_1,1,Stuttgart,Bundesliga,29,34,14115,17768,0.794405673120216,245018,95221,6481,7378,0.878422336676606,5864,6865,0.854187909686817,1332,2415,0.551552795031056,42,358,267,1063,53,1467
BL_STU_16,BL_1,2,Stuttgart,Bundesliga,34,34,13753,17353,0.792543076125166,244827,91553,6094,7015,0.868709907341411,5735,6674,0.859304764758765,1484,2611,0.568364611260054,31,337,239,976,60,1269
BL_STU_16,BL_1,3,Stuttgart,Bundesliga,30,34,13460,16987,0.792370636368988,253792,92829,5463,6341,0.861536035325658,6101,7070,0.862942008486563,1637,2756,0.593976777939042,34,361,260,970,78,1278
BL_STU_16,BL_1,4,Stuttgart,Bundesliga,27,34,19201,22456,0.855049875311721,312129,108823,9516,10371,0.917558576800694,7721,8581,0.899778580585014,1352,2320,0.582758620689655,60,413,356,1338,80,1618
BL_STU_16,BL_1,5,Stuttgart,Bundesliga,29,34,16513,19767,0.835382202661001,272424,97064,8302,9120,0.91030701754386,6590,7479,0.88113384142265,1230,2270,0.541850220264317,45,370,372,1291,90,1493
BL_UNI_17,BL_1,1,Union Berlin,Bundesliga,27,34,11859,15951,0.743464359601279,222470,86090,4864,5826,0.83487813250944,5148,6256,0.822890025575448,1521,2901,0.52430196483971,39,296,193,835,87,1059
BL_UNI_17,BL_1,2,Union Berlin,Bundesliga,28,34,10673,14818,0.720272641382103,204003,82846,4154,5080,0.817716535433071,4744,5871,0.808039516266394,1458,2914,0.500343170899108,33,299,248,815,111,1123
BL_UNI_17,BL_1,3,Union Berlin,Bundesliga,28,34,10312,14418,0.715217089748925,197596,82612,4140,5021,0.824536944831707,4555,5629,0.809202344999112,1359,2892,0.469917012448133,38,272,255,878,115,1012
BL_UNI_17,BL_1,4,Union Berlin,Bundesliga,30,34,11004,14784,0.744318181818182,204399,86273,4534,5371,0.844163098119531,4773,5802,0.822647362978283,1356,2658,0.510158013544018,23,300,233,859,80,1146
BL_UNI_17,BL_1,5,Union Berlin,Bundesliga,28,34,9960,13705,0.726742064939803,178823,74942,4467,5296,0.843466767371601,3994,4998,0.799119647859144,1156,2400,0.481666666666667,25,292,239,792,75,1049
BL_WOL_19,BL_1,1,Wolfsburg,Bundesliga,26,34,13133,17236,0.761951728939429,251433,91864,4953,5972,0.829370395177495,6223,7378,0.843453510436433,1661,2905,0.571772805507745,48,353,282,1004,70,1397
BL_WOL_19,BL_1,2,Wolfsburg,Bundesliga,30,34,12596,16439,0.766226656122635,238876,90051,4894,5882,0.832029921795308,5811,6785,0.856448047162859,1568,2774,0.565248738284066,25,295,253,862,69,1220
BL_WOL_19,BL_1,3,Wolfsburg,Bundesliga,28,34,12571,16129,0.779403558807118,245765,94282,4610,5453,0.845406198422886,6097,7016,0.869013683010262,1638,2876,0.569541029207232,44,303,272,1009,67,1306
BL_WOL_19,BL_1,4,Wolfsburg,Bundesliga,28,34,13092,16624,0.787536092396535,232194,87396,5883,6706,0.877274082910826,5603,6605,0.848296744890235,1288,2422,0.531791907514451,27,310,263,954,67,1235
BL_WOL_19,BL_1,5,Wolfsburg,Bundesliga,27,34,11590,15088,0.768160127253446,219100,82094,4735,5598,0.845837799214005,5178,6041,0.857142857142857,1421,2665,0.533208255159475,38,316,247,999,53,1205
L1_AJA_23,L1_1,3,Ajaccio,Ligue 1,36,38,11216,15286,0.73374329451786,206467,81586,4741,5780,0.820242214532872,4578,5701,0.803017014558849,1448,2889,0.501211491865698,12,234,188,954,71,1169
L1_ANG_1,L1_1,1,Angers,Ligue 1,31,38,14883,18822,0.79072362129423,260279,99308,6976,7852,0.888436067244014,5985,7038,0.850383631713555,1531,2897,0.52847773558854,23,294,221,1059,62,1435
L1_ANG_1,L1_1,2,Angers,Ligue 1,30,38,15307,18797,0.81433207426717,281097,99557,6193,7006,0.883956608621182,6960,7916,0.879231935320869,1724,2880,0.598611111111111,25,277,186,1029,56,1349
L1_ANG_1,L1_1,3,Angers,Ligue 1,33,38,14103,17463,0.807593197045181,252709,88748,5934,6810,0.87136563876652,6249,7208,0.866953385127636,1435,2536,0.565851735015773,18,276,214,1124,65,1393
L1_ANG_1,L1_1,5,Angers,Ligue 1,30,34,11082,14057,0.788361670342178,195284,73447,4970,5624,0.88371266002845,4828,5656,0.853606789250354,1022,2043,0.500244738130201,17,216,200,777,63,953
L1_AUX_24,L1_1,3,Auxerre,Ligue 1,33,38,12386,15989,0.774657577084246,240572,90967,4837,5709,0.847258714310737,5262,6177,0.851869839728023,1838,3237,0.567809700339821,17,301,243,1020,82,1284
L1_AUX_24,L1_1,5,Auxerre,Ligue 1,29,34,11002,14162,0.776867674057336,201495,77527,4812,5517,0.87221315932572,4576,5349,0.855487006917181,1301,2498,0.520816653322658,35,296,212,804,68,1084
L1_BOR_2,L1_1,1,Bordeaux,Ligue 1,28,38,15862,19490,0.813853258081067,283184,102852,7065,7953,0.888344021124104,6665,7634,0.873067854335866,1694,2878,0.58860319666435,32,319,186,978,57,1303
L1_BOR_2,L1_1,2,Bordeaux,Ligue 1,39,38,13552,17385,0.779522576934139,253745,96071,5738,6654,0.862338443041779,5627,6682,0.842113139778509,1815,3091,0.587188612099644,39,326,221,952,59,1271
L1_BRE_3,L1_1,1,Brest,Ligue 1,26,38,15437,19407,0.795434636986654,292474,108202,6267,7228,0.867044825677919,6798,7856,0.865325865580448,2034,3384,0.601063829787234,31,337,301,1178,123,1438
L1_BRE_3,L1_1,2,Brest,Ligue 1,25,38,12684,16506,0.768447837150127,242103,96714,5325,6290,0.846581875993641,5126,6166,0.83133311709374,1852,3141,0.589621139764406,32,305,252,1087,88,1349
L1_BRE_3,L1_1,3,Brest,Ligue 1,29,38,12486,16452,0.758935083880379,242407,93329,4874,5833,0.835590605177439,5395,6456,0.835656753407683,1807,3246,0.556685150955022,28,314,243,1027,94,1311
L1_BRE_3,L1_1,4,Brest,Ligue 1,25,34,14111,17733,0.795748040376699,274556,96326,5352,6275,0.852908366533864,6263,7237,0.865413845516098,2059,3359,0.612980053587377,33,357,269,1155,105,1402
L1_BRE_3,L1_1,5,Brest,Ligue 1,30,34,12678,16021,0.791336371013045,235901,85305,5284,6055,0.872667217175888,5575,6467,0.862068965517241,1526,2732,0.558565153733528,32,302,189,929,64,1096
L1_CLE_21,L1_1,2,Clermont Foot,Ligue 1,28,38,15713,19560,0.803323108384458,268742,97045,7638,8645,0.883516483516484,5961,6974,0.854746200172068,1598,2805,0.56969696969697,25,326,263,1066,102,1370
L1_CLE_21,L1_1,3,Clermont Foot,Ligue 1,28,38,14212,17961,0.791269973832192,256952,96617,6081,7055,0.86194188518781,6018,7037,0.85519397470513,1613,2887,0.558711465188777,26,267,239,1004,62,1304
L1_CLE_21,L1_1,4,Clermont Foot,Ligue 1,31,34,13390,16784,0.79778360343184,238625,85204,5792,6628,0.873868436934218,5654,6606,0.855888586133818,1435,2665,0.538461538461538,18,282,208,989,57,1247
L1_DIJ_4,L1_1,1,Dijon,Ligue 1,33,38,13948,17901,0.779174347801799,255832,97586,5993,6862,0.873360536286797,6024,7094,0.849168311248943,1638,3054,0.536345776031434,15,253,185,936,56,1203
L1_LEH_26,L1_1,4,Le Havre,Ligue 1,27,34,11739,15121,0.77633754381324,206687,77964,5123,6042,0.847898047004303,5019,5901,0.850533807829182,1150,2291,0.501964207769533,23,290,209,945,57,1199
L1_LEH_26,L1_1,5,Le Havre,Ligue 1,31,34,11125,14115,0.788168614948636,205190,72072,4445,5095,0.872423945044161,5289,6120,0.86421568627451,1156,2182,0.529789184234647,21,230,201,786,85,1051
L1_LEN_5,L1_1,1,Lens,Ligue 1,27,38,15078,18957,0.795379015667036,276447,96848,6283,7229,0.869138193387744,6713,7778,0.863075340704551,1682,2916,0.57681755829904,35,327,264,1132,90,1567
L1_LEN_5,L1_1,2,Lens,Ligue 1,28,38,16573,20178,0.82134007334721,283832,99071,7613,8583,0.88698590236514,6900,7932,0.869894099848714,1477,2498,0.591273018414732,39,383,281,1263,70,1692
L1_LEN_5,L1_1,3,Lens,Ligue 1,29,38,17809,21203,0.839928312031316,307973,105609,7942,8840,0.89841628959276,7624,8652,0.881183541377716,1618,2642,0.612414837244512,49,395,354,1547,105,1829
L1_LEN_5,L1_1,4,Lens,Ligue 1,27,34,14709,18083,0.813415915500746,249644,91474,6666,7617,0.875147695943285,6203,7157,0.866703926226072,1255,2217,0.566080288678394,29,368,349,1312,95,1624
L1_LEN_5,L1_1,5,Lens,Ligue 1,33,34,14837,18173,0.816430969019975,244876,87655,7330,8209,0.892922402241442,5806,6685,0.868511593118923,1219,2163,0.563569116967175,26,365,354,1117,100,1451
L1_LIL_6,L1_1,1,Lille,Ligue 1,21,38,17886,21892,0.817010780193678,305333,103853,8342,9348,0.892383397518186,7195,8239,0.873285592911761,1668,2938,0.567733151803948,39,365,251,1488,58,1660
L1_LIL_6,L1_1,2,Lille,Ligue 1,26,38,15086,18926,0.797104512311106,265491,93760,6923,7842,0.882810507523591,5970,6972,0.856282271944922,1658,2862,0.579315164220825,29,344,266,1124,61,1487
L1_LIL_6,L1_1,3,Lille,Ligue 1,26,38,19266,22826,0.844037501095242,325045,109059,8924,9956,0.89634391321816,8012,8981,0.892105556174146,1622,2635,0.615559772296015,40,421,398,1602,61,1982
L1_LIL_6,L1_1,4,Lille,Ligue 1,28,34,16278,19319,0.842590196179926,279186,90871,7309,8169,0.894723956420614,7084,7941,0.892079083238887,1351,2273,0.594368675758909,32,324,279,1191,50,1468
L1_LIL_6,L1_1,5,Lille,Ligue 1,27,34,16765,19728,0.849807380373074,293593,93730,7248,8031,0.902502801643631,7757,8568,0.905345471521942,1382,2203,0.627326373127553,29,318,345,1393,70,1616
L1_LOR_7,L1_1,1,Lorient,Ligue 1,27,38,13171,17085,0.770910155106819,232514,87993,6009,6910,0.869609261939218,5392,6409,0.84131689811203,1381,2801,0.493038200642628,26,289,191,910,55,1169
L1_LOR_7,L1_1,2,Lorient,Ligue 1,29,38,13156,16818,0.782257105482221,241458,86977,5597,6471,0.864935867717509,5492,6467,0.849234575537344,1630,2876,0.566759388038943,20,321,218,998,76,1258
L1_LOR_7,L1_1,3,Lorient,Ligue 1,30,38,14837,18087,0.820312931940068,248618,91944,6810,7694,0.885105276839095,6246,7147,0.873933118791101,1173,2192,0.535127737226277,32,295,240,994,38,1329
L1_LOR_7,L1_1,4,Lorient,Ligue 1,38,34,13284,16298,0.815069333660572,233137,84711,5717,6546,0.87335777574091,5786,6600,0.876666666666667,1284,2251,0.57041314971124,27,274,251,1004,56,1293
L1_LYO_8,L1_1,1,Lyon,Ligue 1,29,38,17683,21396,0.826462890259862,304026,112587,8263,9252,0.893104193687851,7091,8150,0.870061349693252,1737,2736,0.634868421052632,46,455,426,1444,77,1991
L1_LYO_8,L1_1,2,Lyon,Ligue 1,30,38,19787,23388,0.846032153240978,340268,116719,8987,9961,0.902218652745708,8403,9364,0.8973729175566,1780,2835,0.627865961199294,45,422,346,1486,66,1756
L1_LYO_8,L1_1,3,Lyon,Ligue 1,29,38,18956,22698,0.835139659881928,326617,110346,8477,9572,0.885603844546594,8134,9170,0.887022900763359,1688,2738,0.616508400292184,45,393,381,1575,76,1883
L1_LYO_8,L1_1,4,Lyon,Ligue 1,35,34,14823,17984,0.824232651245552,257980,90576,6513,7395,0.880730223123732,6362,7223,0.88079745258203,1409,2376,0.593013468013468,32,335,330,1163,74,1600
L1_LYO_8,L1_1,5,Lyon,Ligue 1,31,34,16061,19063,0.842522163353092,263677,88666,7944,8738,0.909132524605173,6605,7372,0.895957677699403,1102,1978,0.557128412537917,46,350,371,1215,58,1615
L1_MAR_9,L1_1,1,Marseille,Ligue 1,31,38,16481,20532,0.802698227157608,280703,101346,7937,8895,0.89229904440697,6509,7552,0.861890889830508,1511,2858,0.528691392582225,45,299,228,1196,52,1499
L1_MAR_9,L1_1,2,Marseille,Ligue 1,27,38,21253,24524,0.866620453433371,361998,109449,9918,10745,0.923033969288041,8776,9635,0.910845874416191,1878,2900,0.647586206896552,40,384,336,1547,59,1866
L1_MAR_9,L1_1,3,Marseille,Ligue 1,30,38,16817,20689,0.81284740683455,300757,97471,7113,8165,0.87115737905695,7385,8560,0.862733644859813,1744,2795,0.62397137745975,38,397,443,1555,98,1919
L1_MAR_9,L1_1,4,Marseille,Ligue 1,33,34,14716,18000,0.817555555555556,259765,88302,6190,7030,0.880512091038407,6752,7732,0.87325400931195,1310,2344,0.558873720136519,32,349,324,1272,88,1613
L1_MAR_9,L1_1,5,Marseille,Ligue 1,32,34,20427,23240,0.878958691910499,323783,101486,10229,10983,0.931348447600838,8543,9350,0.913689839572192,1062,1793,0.592303402119353,49,381,325,1513,69,1714
L1_MET_10,L1_1,1,Metz,Ligue 1,27,38,13167,16956,0.776539278131635,242610,90624,5653,6462,0.874806561436088,5598,6622,0.845363938387194,1579,2982,0.529510395707579,28,316,191,936,70,1221
L1_MET_10,L1_1,2,Metz,Ligue 1,36,38,12069,15688,0.769314125446201,222449,84751,5120,6014,0.85134685733289,5157,6079,0.848330317486429,1430,2715,0.52670349907919,24,275,126,818,49,1015
L1_MET_10,L1_1,4,Metz,Ligue 1,30,34,8816,11986,0.735524778908727,177167,68613,3132,3872,0.808884297520661,4173,5024,0.830613057324841,1317,2559,0.514654161781946,25,234,152,685,61,910
L1_MON_11,L1_1,1,Monaco,Ligue 1,30,38,17738,21991,0.806602701104998,318971,108259,7468,8476,0.881075979235488,8001,9214,0.868352507054482,1824,3175,0.574488188976378,52,370,364,1347,80,1750
L1_MON_11,L1_1,2,Monaco,Ligue 1,27,38,16300,20559,0.792840118682815,293011,105287,6964,8024,0.8678963110668,7227,8416,0.858721482889734,1702,3045,0.558949096880131,45,348,393,1387,82,1871
L1_MON_11,L1_1,3,Monaco,Ligue 1,27,38,14414,18378,0.784307323974317,263795,99640,5987,7079,0.845740923859302,6203,7320,0.8474043715847,1718,2930,0.586348122866894,47,358,374,1373,59,1820
L1_MON_11,L1_1,4,Monaco,Ligue 1,30,34,14825,18346,0.808078055161888,260568,96791,6362,7376,0.862527114967462,6547,7589,0.862696007379101,1414,2430,0.581893004115226,45,370,365,1364,46,1726
L1_MON_11,L1_1,5,Monaco,Ligue 1,28,34,14561,17916,0.812737218129047,245412,90154,6877,7784,0.883478931140802,6192,7109,0.871008580672387,1143,2134,0.535613870665417,49,390,391,1232,59,1638
L1_MOP_12,L1_1,1,Montpellier,Ligue 1,25,38,12720,16620,0.765342960288809,250354,102518,5023,5873,0.855269879107781,5305,6394,0.829684078823897,2068,3425,0.603795620437956,42,333,250,1011,121,1315
L1_MOP_12,L1_1,2,Montpellier,Ligue 1,27,38,13951,17804,0.783587957762301,246694,95721,6234,7133,0.87396607318099,5560,6581,0.844856404801702,1585,2917,0.543366472403154,31,290,239,957,70,1282
L1_MOP_12,L1_1,3,Montpellier,Ligue 1,31,38,12420,16221,0.765674126132791,223908,86793,5391,6416,0.840243142144638,4978,5904,0.843157181571816,1511,2866,0.527215631542219,41,310,215,906,60,1250
L1_MOP_12,L1_1,4,Montpellier,Ligue 1,31,34,11198,14618,0.766041866192366,209508,81796,4428,5251,0.843267948962102,4815,5705,0.843996494303243,1503,2790,0.538709677419355,26,304,216,900,64,1174
L1_MOP_12,L1_1,5,Montpellier,Ligue 1,35,34,11442,14420,0.793481276005548,210740,76029,4844,5530,0.875949367088608,4897,5675,0.862907488986784,1384,2425,0.570721649484536,13,255,169,875,75,1039
L1_NAN_13,L1_1,1,Nantes,Ligue 1,25,38,12326,16537,0.74535889218117,217118,85188,5694,6654,0.855725879170424,4978,6151,0.809299300926679,1305,2790,0.467741935483871,28,298,175,1103,49,1350
L1_NAN_13,L1_1,2,Nantes,Ligue 1,26,38,12580,16481,0.763303197621504,232016,88021,5386,6257,0.860795908582388,5234,6315,0.828820269200317,1572,2976,0.528225806451613,37,327,204,1086,76,1330
L1_NAN_13,L1_1,3,Nantes,Ligue 1,29,38,13283,17169,0.773661832372299,249004,92349,5334,6308,0.845592897907419,5788,6906,0.838111786852013,1710,3062,0.558458523840627,27,330,248,1217,103,1565
L1_NAN_13,L1_1,4,Nantes,Ligue 1,35,34,12180,15384,0.791731669266771,219808,81996,5084,5814,0.874441004471964,5410,6278,0.861739407454604,1273,2486,0.51206757843926,17,275,230,971,78,1243
L1_NAN_13,L1_1,5,Nantes,Ligue 1,30,34,10999,13956,0.788119805101748,198112,76026,4741,5379,0.881390593047035,4886,5607,0.871410736579276,1116,2236,0.499105545617174,27,257,216,878,85,1053
L1_NIC_14,L1_1,1,Nice,Ligue 1,31,38,18110,21589,0.838853119644263,309198,101348,8487,9373,0.90547316760909,7619,8561,0.889966125452634,1563,2622,0.596109839816934,26,282,230,1156,59,1531
L1_NIC_14,L1_1,2,Nice,Ligue 1,27,38,16159,19832,0.814794271883824,281750,98166,7356,8328,0.88328530259366,6858,7835,0.875303126994256,1515,2645,0.572778827977316,35,334,261,1151,102,1474
L1_NIC_14,L1_1,3,Nice,Ligue 1,34,38,17325,20784,0.83357390300231,302310,104293,7763,8659,0.896523848019402,7395,8322,0.888608507570296,1612,2744,0.587463556851312,32,389,294,1195,81,1534
L1_NIC_14,L1_1,4,Nice,Ligue 1,27,34,15511,18379,0.843952336906252,255169,85900,7507,8293,0.905221270951405,6438,7248,0.888245033112583,1061,1950,0.544102564102564,23,326,255,899,68,1245
L1_NIC_14,L1_1,5,Nice,Ligue 1,31,34,13129,16103,0.815313916661492,221429,82784,6345,7100,0.893661971830986,5509,6336,0.86947601010101,1015,1909,0.531691985332635,43,353,321,951,65,1320
L1_NÎM_15,L1_1,1,Nîmes,Ligue 1,33,38,12696,16714,0.759602728251765,239437,90404,5153,5992,0.85997997329773,5509,6565,0.839146991622239,1656,3200,0.5175,26,285,199,903,58,1200
L1_PSG_16,L1_1,1,Paris S-G,Ligue 1,33,38,22941,26137,0.877721238091594,354458,118629,12123,13008,0.931964944649446,8404,9299,0.903753091730294,1439,2205,0.652607709750567,52,411,427,1831,74,2089
L1_PSG_16,L1_1,2,Paris S-G,Ligue 1,36,38,23831,26660,0.893885971492873,379833,120661,12093,12973,0.932166807985817,9125,9855,0.925925925925926,1662,2239,0.742295667708799,65,433,403,1844,51,2055
L1_PSG_16,L1_1,3,Paris S-G,Ligue 1,26,38,23694,26476,0.894923704487083,370887,117063,12058,13038,0.924835097407578,8984,9684,0.927715819909128,1551,2115,0.733333333333333,62,435,479,1901,46,2029
L1_PSG_16,L1_1,4,Paris S-G,Ligue 1,29,34,21536,24396,0.882767666830628,366597,106542,9423,10335,0.911756168359942,9980,10802,0.923902980929458,1507,2177,0.692237023426734,61,425,365,1763,53,1915
L1_PSG_16,L1_1,5,Paris S-G,Ligue 1,28,34,23156,25781,0.89818083084442,384671,110280,10887,11622,0.936757872999484,10098,10815,0.93370319001387,1623,2267,0.715924128804588,69,521,450,1849,71,2123
L1_REI_17,L1_1,1,Reims,Ligue 1,29,38,13535,17170,0.788293535235876,258466,89989,5325,6112,0.871236910994764,6107,7064,0.864524348810872,1800,3175,0.566929133858268,23,275,210,968,57,1246
L1_REI_17,L1_1,2,Reims,Ligue 1,35,38,12097,15811,0.765100246663715,222517,84221,5187,6061,0.855799373040752,5070,6048,0.838293650793651,1511,2767,0.546078785688471,27,307,233,878,76,1185
L1_REI_17,L1_1,3,Reims,Ligue 1,34,38,13670,17565,0.77825220609166,255023,95219,5346,6462,0.827298050139276,6288,7422,0.847210994341148,1634,2771,0.589678816311801,31,383,323,1234,87,1717
L1_REI_17,L1_1,4,Reims,Ligue 1,29,34,12995,16365,0.794072716162542,243795,83980,4942,5830,0.847684391080618,6140,7027,0.873772591433044,1553,2684,0.578614008941878,28,318,241,1098,76,1425
L1_REI_17,L1_1,5,Reims,Ligue 1,34,34,11657,14602,0.798315299274072,203427,75490,5338,6018,0.887005649717514,4868,5628,0.864960909737029,1110,2150,0.516279069767442,19,276,224,861,80,1156
L1_REN_18,L1_1,1,Rennes,Ligue 1,32,38,20011,23914,0.836790164757046,351486,119377,9190,10204,0.90062720501764,8499,9564,0.888644918444166,1926,3135,0.614354066985646,39,376,293,1556,83,1883
L1_REN_18,L1_1,2,Rennes,Ligue 1,28,38,17605,21263,0.827964069040117,330949,109096,7052,8029,0.878316104122556,7902,8886,0.889264010803511,2224,3332,0.667466986794718,61,426,367,1287,89,1737
L1_REN_18,L1_1,3,Rennes,Ligue 1,32,38,17618,21193,0.831312225734912,329357,104782,6547,7582,0.863492482194672,8678,9724,0.892431098313451,1943,2973,0.653548604103599,47,396,378,1422,75,1922
L1_REN_18,L1_1,4,Rennes,Ligue 1,29,34,14481,17580,0.823720136518771,266518,91799,5645,6490,0.86979969183359,6806,7723,0.881263757607148,1575,2513,0.626740947075209,29,351,311,1257,61,1639
L1_REN_18,L1_1,5,Rennes,Ligue 1,35,34,13914,16913,0.822680778099687,244981,84751,6055,6811,0.889003083247688,6276,7138,0.879237881759596,1246,2132,0.584427767354597,32,318,265,1083,62,1440
L1_SAI_19,L1_1,1,Saint-Étienne,Ligue 1,40,38,13609,17666,0.77034982452168,244243,93333,6072,7028,0.863972680705748,5531,6605,0.837395912187736,1579,2986,0.528801071667783,28,330,228,934,87,1229
L1_SAI_19,L1_1,2,Saint-Étienne,Ligue 1,39,38,13880,17876,0.776460058178564,248217,88269,6137,7086,0.866073948631104,5607,6671,0.840503672612802,1593,2972,0.53600269179004,25,312,200,1058,62,1400
L1_SAI_19,L1_1,5,Saint-Étienne,Ligue 1,32,34,13001,15954,0.814905352889558,218182,80494,6224,6913,0.900332706495009,5489,6265,0.876137270550678,973,1997,0.487230846269404,28,269,237,1024,34,1262
L1_STR_20,L1_1,1,Strasbourg,Ligue 1,26,38,13120,17175,0.763901018922853,263920,100553,4985,5851,0.85199111263032,5680,6733,0.843606119114808,2137,3638,0.58741066520066,26,272,253,1012,98,1301
L1_STR_20,L1_1,2,Strasbourg,Ligue 1,26,38,14576,18653,0.781429260708733,269517,97463,6112,7060,0.8657223796034,6190,7296,0.848410087719298,1856,3259,0.569499846578705,40,348,334,1184,108,1589
L1_STR_20,L1_1,3,Strasbourg,Ligue 1,29,38,13337,17277,0.771951148926318,243280,88687,5565,6548,0.849877825290165,5799,6916,0.83849045691151,1518,2902,0.523087525844245,28,324,313,1110,97,1351
L1_STR_20,L1_1,4,Strasbourg,Ligue 1,30,34,12021,15031,0.799747189142439,225581,77797,4556,5286,0.861899356791525,5863,6761,0.867179411329685,1315,2383,0.551825430130088,24,280,218,903,67,1152
L1_STR_20,L1_1,5,Strasbourg,Ligue 1,30,34,14667,17462,0.8399381514145,252607,87865,6434,7096,0.906708004509583,6989,7831,0.892478610649981,998,1882,0.53028692879915,43,273,216,896,50,1204
L1_TOU_25,L1_1,3,Toulouse,Ligue 1,29,38,15392,19236,0.800166354751508,275031,102525,6715,7800,0.860897435897436,6477,7508,0.862679808204582,1671,2815,0.59360568383659,33,329,297,1259,59,1737
L1_TOU_25,L1_1,4,Toulouse,Ligue 1,26,34,13014,16304,0.798209028459274,231736,82869,5571,6480,0.859722222222222,5860,6824,0.85873388042204,1239,2195,0.564464692482916,30,301,259,1057,60,1405
L1_TOU_25,L1_1,5,Toulouse,Ligue 1,27,34,11674,14867,0.785229030739221,203673,74918,5182,5953,0.870485469511171,5259,6118,0.85959463877084,964,2027,0.475579674395659,34,297,284,879,65,1219
L1_TRO_22,L1_1,2,Troyes,Ligue 1,35,38,13093,16828,0.778048490610887,232760,90537,6026,6920,0.870809248554913,5156,6130,0.841109298531811,1466,2726,0.537784299339692,23,285,216,937,85,1216
L1_TRO_22,L1_1,3,Troyes,Ligue 1,32,38,12751,16193,0.787439016859137,226331,85483,5580,6477,0.861509958314034,5447,6399,0.851226754180341,1278,2441,0.523555919705039,26,303,206,941,63,1235
LL_ALA_1,LL_1,1,Alavés,La Liga,30,38,10217,14390,0.710006949270326,196749,86617,4465,5486,0.813889901567626,4015,5139,0.781280404748006,1482,2923,0.50701334245638,21,256,189,789,82,939
LL_ALA_1,LL_1,2,Alavés,La Liga,33,38,9676,14175,0.682610229276896,191044,85739,4158,5174,0.803633552377271,3774,4954,0.761808639483246,1524,3158,0.482583913869538,20,260,199,835,84,984
LL_ALA_1,LL_1,4,Alavés,La Liga,30,38,10091,14116,0.714862567299518,191648,83394,4443,5283,0.840999432140829,4011,5052,0.793942992874109,1375,2889,0.475943232952579,28,341,273,937,105,1260
LL_ALA_1,LL_1,5,Alavés,La Liga,29,38,10534,14746,0.714363217143632,199550,84871,4546,5494,0.827448125227521,4441,5542,0.801335258029592,1312,2838,0.462297392529951,20,284,229,963,99,1160
LL_ALM_24,LL_1,3,Almería,La Liga,29,38,12151,15855,0.76638284452854,225475,89276,5232,6003,0.871564217891054,5084,6022,0.844237794752574,1512,2911,0.519409137753349,33,316,218,846,81,1090
LL_ALM_24,LL_1,4,Almería,La Liga,35,38,12774,16540,0.772309552599758,228494,85956,5654,6480,0.872530864197531,5476,6405,0.85495706479313,1322,2747,0.481252275209319,25,349,212,870,86,1097
LL_ATM_3,LL_1,1,Atlético Madrid,La Liga,25,38,16757,20680,0.810299806576402,276506,95008,8278,9219,0.89792819177785,5931,6995,0.847891350964975,1653,2869,0.576158940397351,54,347,370,1144,53,1604
LL_ATM_3,LL_1,2,Atlético Madrid,La Liga,26,38,15076,19098,0.789402031626348,253140,88718,7378,8289,0.890095307033418,5269,6266,0.840887328439196,1640,3060,0.535947712418301,45,347,325,989,66,1463
LL_ATM_3,LL_1,3,Atlético Madrid,La Liga,27,38,16814,20488,0.820675517376025,277627,101839,8616,9432,0.913486005089059,6028,7038,0.856493321966468,1549,2765,0.560216998191682,51,418,335,1200,68,1571
LL_ATM_3,LL_1,4,Atlético Madrid,La Liga,27,38,17064,20709,0.823989569752282,282535,101502,8654,9535,0.907603565810173,6433,7422,0.866747507410402,1442,2542,0.56726986624705,48,359,380,1226,68,1597
LL_ATM_3,LL_1,5,Atlético Madrid,La Liga,24,38,17826,21418,0.832290596694369,295213,100382,8814,9752,0.903814602132896,6993,7984,0.875876753507014,1486,2519,0.589916633584756,51,348,365,1233,96,1559
LL_BAR_4,LL_1,1,Barcelona,La Liga,25,38,25192,28488,0.884302162313957,384110,119170,13304,14257,0.933155642842113,9056,9893,0.915394723541898,1599,2287,0.69916921731526,51,452,517,1874,52,2157
LL_BAR_4,LL_1,2,Barcelona,La Liga,38,38,21489,25006,0.859353755098776,359280,114923,10207,11109,0.918804572868845,8433,9401,0.897032230613764,1949,2912,0.66929945054945,52,402,390,1698,99,2079
LL_BAR_4,LL_1,3,Barcelona,La Liga,29,38,21298,24733,0.861116726640521,364375,115139,10267,11175,0.918747203579418,8599,9543,0.901079325159803,1990,2923,0.680807389668149,56,449,482,1859,104,2182
LL_BAR_4,LL_1,4,Barcelona,La Liga,29,38,21506,24761,0.868543273696539,359810,114447,10598,11481,0.923090323142584,8724,9617,0.907143599875221,1717,2604,0.65937019969278,55,457,405,1702,83,1925
LL_BAR_4,LL_1,5,Barcelona,La Liga,28,38,22321,25721,0.867812293456709,371914,116385,10452,11341,0.921611850806807,9674,10643,0.908954242224936,1577,2424,0.650577557755776,72,500,479,2020,77,2212
LL_BET_5,LL_1,1,Betis,La Liga,25,38,15816,19679,0.80369937496824,273427,94370,7406,8310,0.891215403128761,6094,7035,0.866240227434257,1673,3002,0.557295136575616,35,335,297,1048,80,1442
LL_BET_5,LL_1,2,Betis,La Liga,31,38,15702,19444,0.807549886854557,273534,99419,7360,8284,0.888459681313375,6318,7309,0.86441373648926,1583,2873,0.550991994430908,45,395,294,1136,51,1518
LL_BET_5,LL_1,3,Betis,La Liga,30,38,14678,18249,0.804318044824374,245275,92460,7288,8070,0.903097893432466,5334,6273,0.850310856049737,1432,2667,0.536932883389576,26,310,270,988,54,1272
LL_BET_5,LL_1,4,Betis,La Liga,35,38,15310,18979,0.806681068549449,256941,94528,7398,8260,0.895641646489104,5944,6913,0.85982930710256,1383,2561,0.540023428348301,31,368,327,1037,53,1441
LL_BET_5,LL_1,5,Betis,La Liga,36,38,15770,19284,0.817776394938809,264738,91436,7583,8423,0.900273061854446,6318,7291,0.866547798655877,1341,2443,0.548915268112976,37,417,329,1127,75,1486
LL_BIL_2,LL_1,1,Athletic Club,La Liga,27,38,13577,17841,0.76099994394933,251118,91439,5872,6901,0.850891175192001,5484,6607,0.830028757378538,1791,3120,0.574038461538462,31,303,284,1054,79,1496
LL_BIL_2,LL_1,2,Athletic Club,La Liga,26,38,12947,17283,0.749117630041081,229197,91473,5845,6826,0.856284793436859,5198,6434,0.807895554864781,1437,2830,0.507773851590106,34,351,306,1056,82,1572
LL_BIL_2,LL_1,3,Athletic Club,La Liga,26,38,14440,18630,0.775093934514224,261620,96037,6451,7431,0.868120037679989,6030,7262,0.830349765904709,1634,2878,0.567755385684503,33,413,341,1385,107,1816
LL_BIL_2,LL_1,4,Athletic Club,La Liga,27,38,14509,18724,0.774887844477676,256772,96209,6598,7600,0.868157894736842,6186,7288,0.848792535675082,1393,2832,0.491878531073446,41,355,343,1205,113,1610
LL_BIL_2,LL_1,5,Athletic Club,La Liga,31,38,13665,17375,0.786474820143885,253362,90647,5552,6396,0.868042526579112,6520,7522,0.866790747141718,1395,2733,0.510428100987925,40,351,274,1283,90,1579
LL_CAD_6,LL_1,1,Cádiz,La Liga,34,38,7949,12067,0.658738708875445,158876,72248,3244,4091,0.792960156440968,3064,4071,0.752640628838123,1319,2992,0.440842245989305,16,196,152,653,73,854
LL_CAD_6,LL_1,2,Cádiz,La Liga,33,38,10136,14415,0.703156434269858,195586,77863,4254,5031,0.845557543231962,3979,5054,0.787297190344282,1552,3292,0.471445929526124,21,277,233,829,120,1080
LL_CAD_6,LL_1,3,Cádiz,La Liga,38,38,9940,13952,0.712442660550459,190101,78677,4341,5147,0.843403924616281,3874,4864,0.796463815789474,1452,3117,0.465832531280077,20,269,192,830,93,969
LL_CAD_6,LL_1,4,Cádiz,La Liga,34,38,10763,14990,0.718012008005337,202974,86219,4837,5694,0.849490691956445,4144,5163,0.802634127445284,1455,3198,0.454971857410882,17,292,219,899,106,1017
LL_CEL_7,LL_1,1,Celta Vigo,La Liga,30,38,15176,19318,0.785588570245367,263065,91357,6912,7946,0.869871633526303,6117,7188,0.851001669449082,1552,2914,0.532601235415237,39,267,248,978,48,1308
LL_CEL_7,LL_1,2,Celta Vigo,La Liga,25,38,16007,20591,0.777378466320237,286771,95793,6936,7982,0.868955149085442,6579,7795,0.844002565747274,1837,3366,0.545751633986928,29,286,285,1105,84,1447
LL_CEL_7,LL_1,3,Celta Vigo,La Liga,26,38,14700,18499,0.794637547975566,267004,91075,6259,7148,0.875629546726357,6536,7569,0.863522261857577,1565,2844,0.55028129395218,31,353,274,1143,77,1403
LL_CEL_7,LL_1,4,Celta Vigo,La Liga,31,38,13890,17776,0.781390639063906,235944,93057,6703,7631,0.878390774472546,5538,6545,0.846142093200917,1223,2495,0.490180360721443,35,367,293,1129,71,1345
LL_CEL_7,LL_1,5,Celta Vigo,La Liga,30,38,17798,21253,0.837434715099045,312877,104182,7549,8367,0.902234970718298,8368,9325,0.897372654155496,1480,2521,0.587068623562079,40,339,300,1424,53,1659
LL_EIB_8,LL_1,1,Eibar,La Liga,30,38,11810,16890,0.699230313795145,234607,92605,4840,5844,0.828199863107461,4584,5965,0.76848281642917,2002,4026,0.497267759562842,20,309,254,1119,118,1295
LL_ELC_9,LL_1,1,Elche,La Liga,30,38,13481,17054,0.790489034830538,244141,94274,6024,6751,0.892312250037032,5311,6194,0.857442686470778,1653,3001,0.550816394535155,25,190,148,785,79,929
LL_ELC_9,LL_1,2,Elche,La Liga,28,38,12948,16836,0.769066286528867,237191,93098,5745,6572,0.874163116250761,5080,6020,0.843853820598006,1676,3129,0.535634387983381,29,261,204,861,78,1102
LL_ELC_9,LL_1,3,Elche,La Liga,32,38,12051,15758,0.76475441045818,218542,87460,5427,6202,0.875040309577556,4762,5677,0.838823322177206,1477,2793,0.528822055137845,21,313,211,941,82,1197
LL_ESP_21,LL_1,2,Espanyol,La Liga,34,38,13360,16919,0.789644778060169,237866,88599,6031,6763,0.891764010054709,5391,6281,0.858302818022608,1475,2817,0.523606673766418,25,300,212,993,59,1212
LL_ESP_21,LL_1,3,Espanyol,La Liga,33,38,10827,14698,0.736630834127092,208293,86401,4483,5312,0.843938253012048,4607,5640,0.816843971631206,1483,2971,0.499158532480646,31,319,233,906,83,1146
LL_ESP_21,LL_1,5,Espanyol,La Liga,27,38,10580,13996,0.755930265790226,199624,80026,4245,4942,0.858963982193444,4814,5678,0.847833744276154,1297,2629,0.493343476607075,27,256,204,772,81,1000
LL_GET_10,LL_1,1,Getafe,La Liga,31,38,8977,13863,0.647551035129481,170990,76315,4043,5155,0.784287099903007,3111,4340,0.716820276497696,1417,3219,0.440198819509164,14,261,225,863,102,1090
LL_GET_10,LL_1,2,Getafe,La Liga,31,38,10278,14607,0.703635243376463,196813,82509,4550,5489,0.828930588449626,3938,5092,0.77336999214454,1516,3176,0.477329974811083,26,288,166,808,73,917
LL_GET_10,LL_1,3,Getafe,La Liga,25,38,9690,14126,0.685969134928501,189556,83925,4104,5044,0.813639968279144,3760,4936,0.761750405186386,1502,3175,0.473070866141732,21,248,214,844,94,1003
LL_GET_10,LL_1,4,Getafe,La Liga,33,38,10713,15193,0.705127361284802,207208,83225,4641,5528,0.839544138929088,4142,5344,0.775074850299401,1625,3436,0.472933643771828,27,324,220,1037,103,1141
LL_GET_10,LL_1,5,Getafe,La Liga,30,38,8695,12922,0.672883454573596,169125,74933,3711,4579,0.810438960471719,3515,4628,0.759507346585998,1250,2951,0.42358522534734,21,296,226,958,104,981
LL_GIR_25,LL_1,3,Girona,La Liga,29,38,15146,18604,0.814125994409804,264810,95707,7006,7806,0.897514732257238,6295,7222,0.871642204375519,1449,2560,0.566015625,41,366,265,1086,91,1378
LL_GIR_25,LL_1,4,Girona,La Liga,25,38,18793,21914,0.857579629460619,318093,108506,8986,9734,0.923155948222724,7878,8692,0.906350667280258,1460,2446,0.596892886345053,64,377,362,1431,88,1685
LL_GIR_25,LL_1,5,Girona,La Liga,30,38,18273,21401,0.853838605672632,322614,100730,8002,8697,0.9200873864551,8458,9319,0.907608112458418,1526,2565,0.594931773879142,31,308,302,1494,87,1691
LL_GRA_11,LL_1,1,Granada,La Liga,34,38,9083,13336,0.681088782243551,173761,74249,3915,4776,0.819723618090452,3574,4629,0.772089004104558,1288,2951,0.436462216197899,30,224,173,813,58,975
LL_GRA_11,LL_1,2,Granada,La Liga,32,38,10582,14889,0.710726039357915,199289,81817,4550,5400,0.842592592592592,4234,5295,0.799622285174693,1460,3218,0.453697949036669,28,306,205,840,82,1047
LL_GRA_11,LL_1,4,Granada,La Liga,40,38,12127,15976,0.759076114171257,225286,88195,5270,6031,0.873818603879954,5127,6099,0.840629611411707,1458,2965,0.491736930860034,27,283,263,834,94,1044
LL_HUE_12,LL_1,1,Huesca,La Liga,27,38,13511,17483,0.772807870502774,250957,87960,5695,6489,0.877639081522576,5786,6819,0.848511511951899,1679,3199,0.524851516098781,23,295,221,898,113,1185
LL_LAP_26,LL_1,4,Las Palmas,La Liga,29,38,19105,22882,0.834935757363867,298427,110392,10201,11174,0.912922856631466,7170,8097,0.885513153019637,1145,2312,0.495242214532872,23,295,271,1295,54,1596
LL_LAP_26,LL_1,5,Las Palmas,La Liga,34,38,14352,18209,0.788181668405734,254010,92291,6396,7255,0.881598897312199,6214,7269,0.854863117347641,1395,2776,0.502521613832853,27,304,246,1059,79,1210
LL_LEG_27,LL_1,5,Leganés,La Liga,26,38,11207,14840,0.755188679245283,201808,76373,5038,5734,0.878618765259854,4716,5600,0.842142857142857,1169,2735,0.427422303473492,27,241,187,796,45,1030
LL_LEV_13,LL_1,1,Levante,La Liga,29,38,14189,18113,0.783360017666869,256983,95961,6357,7201,0.882794056381058,5757,6801,0.846493162770181,1695,3077,0.550861228469288,35,286,306,1087,83,1537
LL_LEV_13,LL_1,2,Levante,La Liga,31,38,12584,16422,0.76628912434539,226757,88940,5742,6544,0.877444987775061,4982,5929,0.840276606510373,1501,2917,0.514569763455605,34,318,254,968,63,1343
LL_MAL_22,LL_1,2,Mallorca,La Liga,33,38,11046,15023,0.735272582040871,194935,82006,5149,6054,0.850512058143376,4101,5153,0.79584707937124,1312,2691,0.487551096246748,23,303,235,806,64,1129
LL_MAL_22,LL_1,3,Mallorca,La Liga,31,38,10451,14261,0.73283780941028,199896,84037,4575,5313,0.861095426312818,4184,5157,0.811324413418654,1424,2932,0.485675306957708,27,252,182,815,69,948
LL_MAL_22,LL_1,4,Mallorca,La Liga,25,38,11476,15645,0.733525087887504,218346,89351,4934,5790,0.852158894645941,4717,5815,0.811177987962167,1549,3119,0.496633536389869,27,308,235,978,103,1174
LL_MAL_22,LL_1,5,Mallorca,La Liga,28,38,12613,16224,0.777428500986193,232365,90368,5538,6293,0.880025425075481,5349,6310,0.84770206022187,1466,2803,0.523011059579022,24,282,239,973,112,1184
LL_OSA_14,LL_1,1,Osasuna,La Liga,28,38,10233,15031,0.680793027742665,201352,91555,4401,5541,0.794260963724959,3869,5149,0.751408040396194,1649,3329,0.495343947131271,25,259,261,968,101,1220
LL_OSA_14,LL_1,2,Osasuna,La Liga,29,38,11904,16522,0.720493886938627,228055,96276,5076,6144,0.826171875,4756,6063,0.784430150090714,1702,3278,0.519219035997559,23,297,298,1099,124,1328
LL_OSA_14,LL_1,3,Osasuna,La Liga,26,38,12725,16835,0.755865755865756,242236,95597,5565,6377,0.872667398463227,5130,6255,0.820143884892086,1759,3323,0.529340956966596,30,322,271,1140,114,1356
LL_OSA_14,LL_1,4,Osasuna,La Liga,29,38,12874,17335,0.742659359676954,243978,96863,5474,6420,0.852647975077882,5487,6696,0.819444444444444,1666,3277,0.508391821788221,32,301,263,1128,104,1322
LL_OSA_14,LL_1,5,Osasuna,La Liga,25,38,12184,16028,0.760169703019716,230479,92624,5022,5858,0.857289177193581,5403,6487,0.83289656235548,1489,2835,0.525220458553792,28,300,265,963,127,1221
LL_RAY_23,LL_1,2,Rayo Vallecano,La Liga,28,38,12747,16933,0.752790409260025,237761,93060,5524,6408,0.862047440699126,5119,6188,0.827246283128636,1719,3277,0.524565151052792,28,359,267,1012,109,1312
LL_RAY_23,LL_1,3,Rayo Vallecano,La Liga,28,38,13497,17666,0.7640099626401,251321,91899,5811,6629,0.87660280585307,5654,6716,0.841870160810006,1717,3329,0.515770501652148,29,386,269,1247,102,1390
LL_RAY_23,LL_1,4,Rayo Vallecano,La Liga,26,38,13282,17459,0.760753765965978,240192,94205,5918,6783,0.872475305911838,5584,6657,0.838816283611236,1436,3063,0.468821416911525,12,314,255,1082,81,1335
LL_RAY_23,LL_1,5,Rayo Vallecano,La Liga,26,38,13936,17861,0.780247466547226,247359,94801,6459,7310,0.883584131326949,5793,6748,0.858476585655009,1401,2920,0.479794520547945,27,374,242,1081,85,1362
LL_RMA_15,LL_1,1,Real Madrid,La Liga,30,38,20652,24119,0.856254405240682,352965,111437,9790,10620,0.921845574387947,7728,8593,0.899336669382055,2214,3224,0.686724565756824,53,438,401,1525,77,1920
LL_RMA_15,LL_1,2,Real Madrid,La Liga,31,38,21373,24517,0.87176245054452,355560,112655,10630,11395,0.932865291794647,7948,8751,0.908239058393326,1987,2902,0.684700206753963,59,526,455,1694,57,2078
LL_RMA_15,LL_1,3,Real Madrid,La Liga,26,38,22082,25012,0.882856229010075,357586,113878,11462,12245,0.936055532870559,8069,8810,0.91589103291714,1812,2595,0.698265895953757,56,522,384,1880,50,2017
LL_RMA_15,LL_1,4,Real Madrid,La Liga,27,38,21794,24691,0.882669798712081,349864,112682,11641,12391,0.939472197562747,7949,8734,0.910121364781314,1624,2474,0.65642683912692,66,476,391,1701,59,1935
LL_RMA_15,LL_1,5,Real Madrid,La Liga,30,38,21356,24221,0.881714214937451,356264,110503,10517,11248,0.9350106685633,8566,9311,0.919987112018043,1723,2595,0.663969171483622,55,501,359,1773,34,1967
LL_RSC_16,LL_1,1,Real Sociedad,La Liga,30,38,14915,18995,0.785206633324559,264692,91984,6592,7589,0.868625642377125,6282,7368,0.852605863192182,1582,2840,0.557042253521127,39,308,343,1100,64,1554
LL_RSC_16,LL_1,2,Real Sociedad,La Liga,32,38,15403,19304,0.797917530045586,269268,98185,6964,7887,0.882971979206289,6383,7429,0.85920043074438,1569,2800,0.560357142857143,22,313,315,1067,69,1462
LL_RSC_16,LL_1,3,Real Sociedad,La Liga,30,38,15324,19134,0.80087801818752,269422,96159,6955,7910,0.879266750948167,6451,7502,0.859904025593175,1505,2659,0.566002256487401,36,346,290,1145,65,1483
LL_RSC_16,LL_1,4,Real Sociedad,La Liga,31,38,15263,19249,0.792924307756247,276751,93632,6489,7461,0.869722557297949,6923,8022,0.863001745200698,1553,2800,0.554642857142857,36,320,246,1133,63,1414
LL_RSC_16,LL_1,5,Real Sociedad,La Liga,31,38,14880,18759,0.793219254757716,261975,89905,6750,7619,0.885943037143982,6360,7434,0.855528652138822,1421,2687,0.528842575362858,22,284,242,1087,64,1341
LL_SEV_17,LL_1,1,Sevilla,La Liga,26,38,19248,22873,0.841516198137542,342985,106478,8654,9471,0.913736669834231,7775,8720,0.891628440366972,2190,3442,0.636257989540965,36,387,346,1234,122,1627
LL_SEV_17,LL_1,2,Sevilla,La Liga,33,38,18327,22234,0.824278132589728,341688,109518,7686,8529,0.901160745691171,7941,8940,0.888255033557047,2275,3745,0.607476635514019,40,342,305,1207,112,1596
LL_SEV_17,LL_1,3,Sevilla,La Liga,35,38,15379,19193,0.801281717292763,273953,95369,7106,7918,0.897448850719879,6324,7354,0.859940168615719,1599,2958,0.540567951318458,31,341,302,1230,95,1513
LL_SEV_17,LL_1,4,Sevilla,La Liga,35,38,14628,18599,0.786493897521372,267530,97170,6501,7367,0.882448757974752,6128,7177,0.853838651247039,1667,3111,0.535840565734491,30,363,286,1207,134,1416
LL_SEV_17,LL_1,5,Sevilla,La Liga,35,38,14432,18057,0.79924682948441,252909,88471,6743,7466,0.903160996517546,6146,7086,0.86734405870731,1267,2706,0.468218773096822,32,357,210,1072,60,1193
LL_VAL_18,LL_1,1,Valencia,La Liga,30,38,12755,16480,0.773968446601942,241622,89245,5332,6142,0.868121133181374,5304,6236,0.850545221295702,1735,3073,0.564594858444517,35,283,239,926,62,1180
LL_VAL_18,LL_1,2,Valencia,La Liga,34,38,9627,13777,0.698773317848588,187440,77723,3923,4782,0.820368046842325,3835,4951,0.774590991718845,1506,3098,0.486120077469335,30,288,256,900,75,1202
LL_VAL_18,LL_1,3,Valencia,La Liga,28,38,13592,17492,0.777040932997942,240816,86465,6320,7184,0.879732739420936,5505,6588,0.835610200364299,1420,2753,0.515800944424264,23,355,302,1155,111,1472
LL_VAL_18,LL_1,4,Valencia,La Liga,29,38,12233,16255,0.752568440479852,217671,80185,5491,6436,0.853169670602859,5177,6140,0.843159609120521,1226,2710,0.45239852398524,24,267,218,886,72,1162
LL_VAL_18,LL_1,5,Valencia,La Liga,32,38,13938,17708,0.787101874858821,246799,86682,6341,7094,0.893853961093882,6081,7066,0.860600056609114,1284,2634,0.4874715261959,26,284,254,1109,91,1340
LL_VLD_19,LL_1,1,Valladolid,La Liga,32,38,11145,15385,0.724406889827754,206105,80260,4972,5863,0.848030018761726,4299,5283,0.8137421919364,1489,3187,0.467210542830248,21,263,213,873,90,1101
LL_VLD_19,LL_1,3,Valladolid,La Liga,36,38,12627,16425,0.768767123287671,238766,87767,5273,6049,0.871714332947594,5251,6199,0.847072108404581,1734,3141,0.552053486150907,24,324,223,969,92,1244
LL_VLD_19,LL_1,5,Valladolid,La Liga,38,38,12052,15387,0.783258594917788,228419,83632,4795,5456,0.878848973607038,5607,6494,0.86341238065907,1410,2699,0.522415709522045,15,256,176,752,93,991
LL_VLR_20,LL_1,1,Villarreal,La Liga,29,38,17508,21129,0.828624165838421,305401,104843,8074,8963,0.900814459444382,7097,8015,0.885464753587024,1788,2857,0.625831291564578,33,317,358,1175,81,1628
LL_VLR_20,LL_1,2,Villarreal,La Liga,29,38,16679,20401,0.817557962844959,294002,103203,7388,8290,0.891194209891436,7135,8109,0.879886545813294,1669,2743,0.608457892818082,51,363,349,1278,66,1698
LL_VLR_20,LL_1,3,Villarreal,La Liga,32,38,16634,19862,0.837478602356258,295552,101196,7381,8147,0.905977660488523,7101,7924,0.896138313982837,1743,2737,0.636828644501279,33,374,349,1304,52,1622
LL_VLR_20,LL_1,4,Villarreal,La Liga,32,38,15349,18637,0.823576755915652,278006,102363,6662,7409,0.899176677014442,6931,7828,0.885411343893715,1525,2599,0.586764140053867,47,365,339,1160,88,1558
LL_VLR_20,LL_1,5,Villarreal,La Liga,31,38,14532,17825,0.815259467040673,262800,96388,6234,6978,0.893379191745486,6564,7485,0.876953907815631,1463,2559,0.571707698319656,51,427,371,1146,102,1522
PL_ARS_1,PL_1,1,Arsenal,Premier League,29,38,18041,21807,0.827303159535929,306094,93540,8319,9236,0.900714595062798,7770,8814,0.881552076242342,1453,2621,0.554368561617703,38,332,325,1377,67,1760
PL_ARS_1,PL_1,2,Arsenal,Premier League,27,38,16176,19843,0.815199314619765,280868,91114,7325,8210,0.892204628501827,7187,8140,0.882923832923833,1326,2584,0.513157894736842,41,437,329,1354,74,1655
PL_ARS_1,PL_1,3,Arsenal,Premier League,26,38,18281,21969,0.832127088169694,310206,100635,8542,9478,0.901244988394176,7825,8821,0.887087631787779,1454,2548,0.570643642072214,64,443,459,1637,62,2049
PL_ARS_1,PL_1,4,Arsenal,Premier League,25,38,19094,22558,0.846440287259509,309533,102210,9719,10643,0.913182373390961,7809,8765,0.89092983456931,1178,2162,0.54486586493987,62,513,548,1546,68,2106
PL_ARS_1,PL_1,5,Arsenal,Premier League,25,38,17066,20241,0.843140161059236,278808,87055,8591,9363,0.917547794510306,7129,7999,0.891236404550569,1031,2022,0.509891196834817,55,428,437,1397,75,1826
PL_AST_2,PL_1,1,Aston Villa,Premier League,24,38,12940,16998,0.7612660312978,235952,93019,5731,6656,0.861027644230769,5222,6209,0.841037204058624,1571,3074,0.511060507482108,38,403,323,1086,76,1420
PL_AST_2,PL_1,2,Aston Villa,Premier League,31,38,12748,16499,0.772652888053822,220973,85405,5916,6803,0.869616345729825,5184,6136,0.844850065189048,1239,2571,0.481913652275379,42,356,293,1019,70,1300
PL_AST_2,PL_1,3,Aston Villa,Premier League,26,38,13782,17396,0.792251092205104,244073,87581,6111,6947,0.879660285015114,5979,6934,0.862272858379002,1345,2579,0.521519968980225,35,318,268,964,80,1242
PL_AST_2,PL_1,4,Aston Villa,Premier League,31,38,16133,19363,0.833187006145742,281128,95293,7110,7878,0.902513328255902,7381,8273,0.892179378701801,1330,2368,0.561655405405405,55,398,363,1160,67,1451
PL_AST_2,PL_1,5,Aston Villa,Premier League,28,38,14701,17797,0.826038096308366,252637,88182,6778,7510,0.902529960053262,6555,7386,0.88748984565394,1088,2065,0.526876513317191,45,358,319,1137,56,1344
PL_BOU_3,PL_1,3,Bournemouth,Premier League,31,38,11715,15381,0.761653988687342,206704,82672,5412,6278,0.862057980248487,4751,5644,0.84177888022679,1192,2491,0.478522681653954,24,261,237,850,75,1006
PL_BOU_3,PL_1,4,Bournemouth,Premier League,30,38,11899,15920,0.747424623115578,220978,83235,4976,5868,0.847989093387866,5270,6214,0.848084969423882,1393,2964,0.469973009446694,39,414,352,1074,88,1314
PL_BOU_3,PL_1,5,Bournemouth,Premier League,29,38,12977,16900,0.767869822485207,233955,86767,5648,6514,0.867055572612834,5659,6670,0.848425787106447,1365,2819,0.48421426037602,41,437,339,1242,106,1489
PL_BRE_4,PL_1,2,Brentford,Premier League,29,38,11676,16272,0.717551622418879,211867,85983,5201,6312,0.823986058301648,4797,6120,0.783823529411765,1357,2852,0.475806451612903,33,311,262,942,81,1189
PL_BRE_4,PL_1,3,Brentford,Premier League,25,38,11317,15551,0.727734550832744,209962,87002,5142,6116,0.840745585349902,4475,5602,0.798821849339522,1438,2947,0.487953851374279,36,284,279,922,87,1131
PL_BRE_4,PL_1,4,Brentford,Premier League,28,38,12551,16818,0.746283743608039,225971,88492,5616,6628,0.847314423657212,5236,6432,0.814054726368159,1382,2776,0.497838616714697,38,332,333,965,106,1283
PL_BRE_4,PL_1,5,Brentford,Premier League,28,38,13358,17100,0.781169590643275,245539,93263,5849,6739,0.867932927734085,5826,6875,0.847418181818182,1449,2741,0.528639182780007,44,330,325,1104,91,1356
PL_BRI_5,PL_1,1,Brighton,Premier League,27,38,15772,19871,0.793719490715112,283213,95248,6694,7654,0.874575385419388,6893,7960,0.865954773869347,1689,3090,0.546601941747573,24,358,358,1132,80,1516
PL_BRI_5,PL_1,2,Brighton,Premier League,26,38,16410,20588,0.797066252185739,288827,95307,7195,8172,0.880445423396965,7130,8208,0.868664717348928,1579,2953,0.534710463934981,30,356,342,1187,72,1547
PL_BRI_5,PL_1,3,Brighton,Premier League,29,38,19210,22888,0.83930443900734,319736,106474,9346,10305,0.906938379427462,7892,8919,0.884852561946406,1463,2462,0.594232331437855,46,480,391,1459,78,1849
PL_BRI_5,PL_1,4,Brighton,Premier League,30,38,21810,25029,0.871389188541292,341060,113686,11574,12473,0.927924316523691,8261,9125,0.905315068493151,1296,2164,0.598890942698706,36,429,384,1484,81,1780
PL_BRI_5,PL_1,5,Brighton,Premier League,32,38,15820,19188,0.824473629351678,268916,90984,7629,8443,0.903588771763591,6541,7472,0.875401498929336,1313,2397,0.547768043387568,41,377,339,1189,87,1539
PL_BUR_21,PL_1,1,Burnley,Premier League,25,38,10825,15562,0.695604678061946,196816,82192,5117,6058,0.844668207329152,3688,4824,0.764510779436152,1553,3535,0.439321074964639,20,267,292,923,80,1012
PL_BUR_21,PL_1,2,Burnley,Premier League,23,38,9454,14107,0.670163748493656,178791,80195,4297,5327,0.80664539140229,3306,4472,0.739266547406082,1457,3216,0.453047263681592,26,286,240,877,84,972
PL_BUR_21,PL_1,4,Burnley,Premier League,31,38,13937,17959,0.776045436828331,246047,83556,6311,7267,0.868446401541214,6017,7042,0.85444476001136,1324,2755,0.480580762250454,30,326,216,976,54,1181
PL_CHE_6,PL_1,1,Chelsea,Premier League,27,38,21969,25799,0.851544633512927,360450,112392,10454,11454,0.912694255281998,8965,9976,0.898656776263031,1667,2703,0.616722160562338,38,448,377,1441,70,1798
PL_CHE_6,PL_1,2,Chelsea,Premier League,26,38,21190,24888,0.851414336226294,342325,113085,10628,11617,0.914866144443488,8318,9322,0.892297790173782,1524,2514,0.606205250596659,52,439,437,1614,66,1967
PL_CHE_6,PL_1,3,Chelsea,Premier League,32,38,19147,22836,0.838456822560869,316440,104718,9510,10494,0.906232132647227,7700,8709,0.884142840739465,1461,2499,0.584633853541417,27,376,370,1426,68,1737
PL_CHE_6,PL_1,4,Chelsea,Premier League,32,38,20039,23364,0.85768703989043,328448,109853,10006,10877,0.919922772823389,8176,9060,0.90242825607064,1365,2328,0.586340206185567,51,419,352,1351,51,1615
PL_CHE_6,PL_1,5,Chelsea,Premier League,29,38,18033,21320,0.845825515947467,311166,98339,8067,8802,0.916496250852079,8244,9120,0.903947368421053,1369,2547,0.53749509226541,47,457,346,1488,73,1595
PL_CRY_7,PL_1,1,Crystal Palace,Premier League,24,38,11627,15597,0.745463871257293,193706,81274,5889,6882,0.855710549258936,4127,5088,0.811124213836478,1131,2449,0.461821151490404,29,264,232,838,54,1132
PL_CRY_7,PL_1,2,Crystal Palace,Premier League,24,38,14983,19081,0.78523138200304,265538,92523,6553,7495,0.874316210807205,6521,7610,0.856898817345598,1467,2871,0.510971786833856,31,305,270,990,75,1229
PL_CRY_7,PL_1,3,Crystal Palace,Premier League,26,38,13395,17308,0.773919574763115,238779,88389,6005,6901,0.870163744384872,5794,6772,0.85558180744241,1309,2751,0.475826972010178,29,316,239,1013,51,1243
PL_CRY_7,PL_1,4,Crystal Palace,Premier League,26,38,12915,16754,0.770860689984481,225542,84922,6040,6920,0.872832369942196,5338,6287,0.849053602672181,1204,2608,0.461656441717791,43,353,273,995,60,1176
PL_CRY_7,PL_1,5,Crystal Palace,Premier League,29,38,11875,15754,0.753776818585756,213257,80237,5198,6077,0.855356261313148,5285,6317,0.836631312331803,1137,2545,0.446758349705305,38,379,272,886,69,1158
PL_EVE_8,PL_1,1,Everton,Premier League,29,38,14792,18696,0.791185280273855,263227,93921,6563,7438,0.882360849690777,6125,7073,0.865969178566379,1580,2924,0.540355677154583,32,300,257,944,60,1184
PL_EVE_8,PL_1,2,Everton,Premier League,33,38,10366,14557,0.712097272789723,184813,76163,4889,5859,0.834442737668544,3844,4901,0.784329728626811,1215,2704,0.449334319526627,29,323,255,898,77,1100
PL_EVE_8,PL_1,3,Everton,Premier League,28,38,11790,15783,0.747006272571754,214056,82478,5336,6174,0.864269517330742,4771,5750,0.829739130434783,1366,2947,0.463522225992535,24,308,224,964,67,1052
PL_EVE_8,PL_1,4,Everton,Premier League,26,38,11349,15514,0.731532809075674,208537,88374,5198,6091,0.853390247906748,4386,5405,0.811470860314524,1469,3057,0.480536473666994,17,339,284,958,77,1129
PL_EVE_8,PL_1,5,Everton,Premier League,26,38,11405,14953,0.762723199357988,215027,85013,5039,5809,0.867447064899294,4604,5451,0.844615666850119,1526,2901,0.526025508445364,27,298,261,1003,92,1041
PL_FUL_9,PL_1,1,Fulham,Premier League,28,38,15401,19512,0.789309143091431,270640,94395,6853,7837,0.874441750669899,6528,7611,0.857705951911707,1529,2866,0.533496161898116,18,334,290,1019,94,1354
PL_FUL_9,PL_1,3,Fulham,Premier League,29,38,13974,18014,0.775729987787276,255629,89303,5867,6818,0.860516280434145,6222,7333,0.848493113323333,1551,2860,0.542307692307692,33,306,284,1044,97,1326
PL_FUL_9,PL_1,4,Fulham,Premier League,25,38,16311,20237,0.805998912882344,290238,100538,7028,7907,0.888832679903883,7277,8347,0.871810231220798,1586,2853,0.555906063792499,40,379,355,1117,94,1467
PL_FUL_9,PL_1,5,Fulham,Premier League,26,38,16199,19753,0.820077962841088,289508,97635,7195,8007,0.898588734857,7222,8198,0.880946572334716,1504,2703,0.556418793932667,44,398,343,1346,108,1558
PL_IPS_10,PL_1,5,Ipswich Town,Premier League,32,38,11524,14775,0.779966159052454,204832,77912,5157,5835,0.883804627249357,5115,5988,0.854208416833667,1021,2184,0.467490842490842,26,283,173,865,54,935
PL_LEE_24,PL_1,1,Leeds United,Premier League,23,38,16284,20629,0.789374181976829,286488,99274,6970,7933,0.878608344888441,7130,8308,0.858208955223881,1631,3014,0.541141340411413,45,394,349,1110,68,1633
PL_LEE_24,PL_1,2,Leeds United,Premier League,29,38,13989,18288,0.76492782152231,242664,89161,6271,7285,0.860809883321894,5921,7050,0.839858156028369,1325,2754,0.481118373275236,26,347,272,995,53,1483
PL_LEE_24,PL_1,3,Leeds United,Premier League,29,38,12437,16924,0.73487355235169,206567,84295,6115,7225,0.84636678200692,4782,5973,0.800602712204922,1072,2528,0.424050632911392,31,337,270,1086,70,1429
PL_LEI_11,PL_1,1,Leicester City,Premier League,27,38,17014,21216,0.801941930618401,285395,94092,7893,8978,0.87914903096458,7010,8113,0.864045359299889,1461,2737,0.533796127146511,45,360,283,1209,57,1464
PL_LEI_11,PL_1,2,Leicester City,Premier League,28,38,16129,20137,0.80096340070517,269547,94214,7751,8789,0.881897826828991,6573,7579,0.867264810661037,1329,2581,0.514916698953894,46,312,254,1025,57,1356
PL_LEI_11,PL_1,3,Leicester City,Premier League,28,38,14887,18871,0.788882412166817,249219,89055,7245,8221,0.881279649677655,6087,7165,0.849546406140963,1165,2422,0.481007431874484,36,319,220,1142,52,1304
PL_LEI_11,PL_1,5,Leicester City,Premier League,32,38,13945,17486,0.797495138968318,234016,83996,6703,7482,0.895883453622026,5797,6664,0.869897959183674,1073,2370,0.452742616033755,25,252,216,953,67,1082
PL_LIV_12,PL_1,1,Liverpool,Premier League,28,38,21929,26226,0.836154960725997,360990,115400,10789,11862,0.90954307873883,8747,9940,0.879979879275654,1715,2969,0.577635567531155,43,455,524,1608,82,2057
PL_LIV_12,PL_1,2,Liverpool,Premier League,27,38,21163,25552,0.82823262366938,370621,127087,9420,10506,0.896630496858938,9245,10569,0.874727978049011,2000,3211,0.622858922454064,71,527,511,1878,92,2243
PL_LIV_12,PL_1,3,Liverpool,Premier League,28,38,20043,24361,0.82274947662247,352929,120466,9023,10114,0.892129721178564,8561,9758,0.877331420373027,1962,3283,0.597624124276576,58,458,452,1615,85,1992
PL_LIV_12,PL_1,4,Liverpool,Premier League,30,38,20376,24379,0.835801304401329,346550,118702,9656,10641,0.90743351188798,8627,9763,0.883642323056438,1637,2814,0.581734186211798,60,598,506,1666,80,2110
PL_LIV_12,PL_1,5,Liverpool,Premier League,24,38,18303,21758,0.841207831602169,312343,104887,8615,9382,0.918247708377744,7893,8905,0.886355979786637,1412,2550,0.553725490196078,65,509,430,1583,83,1924
PL_LUT_22,PL_1,4,Luton Town,Premier League,28,38,11048,15099,0.731704086363335,201475,81352,4969,5784,0.859094052558783,4443,5431,0.818081384643712,1289,2879,0.447724904480722,33,315,250,835,90,1113
PL_MCI_13,PL_1,1,Manchester City,Premier League,24,38,23819,27167,0.876762248315972,390212,110951,11548,12409,0.93061487629946,9673,10628,0.910143018441852,1771,2616,0.676987767584098,55,433,412,1772,41,2051
PL_MCI_13,PL_1,2,Manchester City,Premier League,26,38,24406,27902,0.874704322270805,412596,117964,11713,12605,0.929234430781436,10158,11162,0.910051962013976,1972,2895,0.681174438687392,63,536,535,2110,74,2421
PL_MCI_13,PL_1,3,Manchester City,Premier League,24,38,23263,26642,0.873170182418737,396454,114920,11020,11888,0.926985195154778,9848,10836,0.908822443706164,1932,2849,0.678132678132678,69,464,445,1770,75,2073
PL_MCI_13,PL_1,4,Manchester City,Premier League,25,38,24616,27758,0.886807406873694,394064,112270,12895,13721,0.939800306100138,9449,10306,0.916844556568989,1652,2498,0.6613290632506,69,545,484,1890,65,2060
PL_MCI_13,PL_1,5,Manchester City,Premier League,30,38,21531,24443,0.880865687517899,349984,98901,11071,11923,0.928541474461126,8884,9710,0.914933058702369,1281,2040,0.627941176470588,51,472,440,1685,62,1944
PL_MUN_14,PL_1,1,Manchester Utd,Premier League,29,38,18800,22624,0.830975954738331,310438,100811,9248,10259,0.901452383273224,7258,8255,0.879224712295578,1597,2585,0.61779497098646,51,414,377,1419,54,1832
PL_MUN_14,PL_1,2,Manchester Utd,Premier League,29,38,16690,20641,0.808584855384914,280259,93084,8162,9234,0.883907299111978,6398,7436,0.860408821947284,1548,2626,0.58948971820259,46,407,312,1315,65,1568
PL_MUN_14,PL_1,3,Manchester Utd,Premier League,26,38,16603,20525,0.808915956151035,276625,97026,8273,9294,0.890144179040241,6359,7306,0.870380509170545,1438,2651,0.542436816295738,42,478,398,1268,57,1595
PL_MUN_14,PL_1,4,Manchester Utd,Premier League,31,38,15785,19538,0.807912785341386,260507,91226,7892,8866,0.890142115948568,5965,6943,0.859138700849777,1355,2517,0.538339292808899,36,434,338,1202,50,1479
PL_MUN_14,PL_1,5,Manchester Utd,Premier League,31,38,16837,20415,0.824736713201078,278154,89708,8233,9125,0.902246575342466,6855,7768,0.882466529351184,1257,2438,0.515586546349467,29,406,335,1141,73,1448
PL_NEW_15,PL_1,1,Newcastle Utd,Premier League,27,38,10839,14709,0.736895778095044,197161,77098,4828,5635,0.85678793256433,4197,5131,0.817969206782304,1387,2879,0.481764501563043,26,289,207,739,83,903
PL_NEW_15,PL_1,2,Newcastle Utd,Premier League,29,38,10201,14036,0.72677400968937,188373,77685,4545,5432,0.836708394698086,3917,4880,0.80266393442623,1343,2746,0.489075018208303,23,308,193,791,55,923
PL_NEW_15,PL_1,3,Newcastle Utd,Premier League,27,38,13925,17837,0.780680607725514,246297,90893,6433,7370,0.872862957937585,5580,6605,0.844814534443603,1523,2774,0.54902667627974,42,435,403,1083,64,1618
PL_NEW_15,PL_1,4,Newcastle Utd,Premier League,32,38,16117,19852,0.811857747330244,274265,96401,7681,8623,0.890757277049751,6722,7757,0.866572128400155,1358,2504,0.542332268370607,55,424,380,1107,76,1557
PL_NEW_15,PL_1,5,Newcastle Utd,Premier League,24,38,15416,18898,0.815747698169118,260464,91034,7416,8283,0.895327779789931,6475,7373,0.878204258782042,1193,2313,0.5157803718115,50,399,399,1149,70,1595
PL_NOR_25,PL_1,2,Norwich City,Premier League,28,38,12164,16070,0.756938394523958,217007,80065,5578,6484,0.860271437384331,4912,5949,0.825684989073794,1369,2757,0.496554225607544,16,264,226,739,46,1031
PL_NOT_16,PL_1,3,Nott'ham Forest,Premier League,33,38,9543,13606,0.701381743348523,177315,72656,4046,4952,0.817043618739903,4071,5126,0.794186500195084,1187,2708,0.438330871491876,22,246,172,660,50,859
PL_NOT_16,PL_1,4,Nott'ham Forest,Premier League,33,38,11877,15679,0.7575100452835,210025,83097,5510,6417,0.858656693158797,4760,5855,0.812980358667805,1265,2493,0.507420778178901,43,325,244,905,61,1141
PL_NOT_16,PL_1,5,Nott'ham Forest,Premier League,23,38,10822,14366,0.753306417931226,185832,74897,5322,6094,0.87331801772235,4065,5011,0.811215326282179,1038,2339,0.44377939290295,42,333,241,974,64,1125
PL_SHE_23,PL_1,1,Sheffield Utd,Premier League,27,38,12146,16264,0.746802754549926,207510,78589,6006,6905,0.869804489500362,4331,5303,0.816707524042994,1277,2840,0.449647887323944,13,253,253,946,65,1196
PL_SHE_23,PL_1,4,Sheffield Utd,Premier League,35,38,9531,13509,0.705529646902065,169894,71337,4492,5357,0.838529027440732,3739,4696,0.796209540034072,1042,2626,0.396801218583397,18,257,198,701,48,884
PL_SOU_17,PL_1,1,Southampton,Premier League,29,38,14928,19288,0.773952716715056,239028,85450,7587,8659,0.876198175308927,5629,6690,0.841405082212257,1099,2547,0.431488025127601,33,294,261,894,36,1195
PL_SOU_17,PL_1,2,Southampton,Premier League,25,38,12505,16941,0.738150050174134,211003,80089,6089,7173,0.848877735954273,4893,6093,0.803052683407189,1112,2591,0.429177923581629,26,353,249,1016,58,1326
PL_SOU_17,PL_1,3,Southampton,Premier League,36,38,12319,16391,0.751570984076627,211636,79814,5972,6925,0.862382671480144,4830,5823,0.829469345698094,1170,2625,0.445714285714286,25,302,239,938,71,1125
PL_SOU_17,PL_1,5,Southampton,Premier League,36,38,15530,18561,0.836700608803405,263566,84964,7279,7996,0.910330165082541,6699,7455,0.898591549295775,1175,2271,0.517393218846323,16,269,218,989,60,1127
PL_TOT_18,PL_1,1,Tottenham,Premier League,24,38,16508,20571,0.802488940741821,274912,94098,7801,8828,0.883665609424558,6561,7603,0.862948835985795,1393,2672,0.521332335329341,50,316,257,1035,54,1330
PL_TOT_18,PL_1,2,Tottenham,Premier League,25,38,17204,20696,0.831271743332045,283871,93464,8270,9143,0.904517116920048,6856,7812,0.877624167946749,1376,2371,0.580345845634753,50,379,338,1172,81,1459
PL_TOT_18,PL_1,3,Tottenham,Premier League,29,38,15972,19672,0.811915412769418,277567,92695,7333,8180,0.896454767726161,6707,7682,0.873079927102317,1499,2669,0.561633570625702,46,386,323,1071,104,1449
PL_TOT_18,PL_1,4,Tottenham,Premier League,29,38,20649,24197,0.853370252510642,326221,111380,10630,11617,0.915038305930963,8361,9345,0.89470304975923,1089,1905,0.571653543307087,58,460,454,1588,65,2107
PL_TOT_18,PL_1,5,Tottenham,Premier League,31,38,16513,19960,0.827304609218437,275248,93006,7576,8440,0.897630331753554,7372,8289,0.8893714561467,1101,2084,0.52831094049904,47,375,369,1254,83,1593
PL_WAT_26,PL_1,2,Watford,Premier League,30,38,10423,14641,0.711904924527013,193942,80054,4505,5496,0.819687045123726,4270,5325,0.8018779342723,1330,2904,0.457988980716253,26,298,213,834,70,1070
PL_WES_19,PL_1,1,West Ham,Premier League,24,38,12725,16901,0.752914028755695,225666,88791,5888,6864,0.857808857808858,4948,6052,0.817580964970258,1470,2860,0.513986013986014,46,340,238,1037,95,1282
PL_WES_19,PL_1,2,West Ham,Premier League,25,38,14326,18378,0.779518990096855,251152,89191,6627,7493,0.884425463766182,5789,6856,0.844369894982497,1479,2906,0.508947006194081,46,320,271,1106,87,1449
PL_WES_19,PL_1,3,West Ham,Premier League,25,38,12369,16357,0.756190010393104,219013,84296,5883,6778,0.867955149011508,4784,5831,0.820442462699366,1383,2753,0.502361060661097,25,340,212,990,80,1274
PL_WES_19,PL_1,4,West Ham,Premier League,26,38,12568,16373,0.767605203689,219336,85575,6043,6856,0.881417736289382,4817,5751,0.837593462006608,1330,2718,0.489330389992642,40,305,225,979,71,1207
PL_WES_19,PL_1,5,West Ham,Premier League,27,38,14820,18363,0.807057670315308,258653,90743,6989,7831,0.892478610649981,6245,7153,0.873060254438697,1346,2580,0.521705426356589,29,331,267,1075,72,1222
PL_WES_27,PL_1,1,West Brom,Premier League,30,38,9769,13978,0.698883960509372,177501,75746,4418,5278,0.837059492231906,3696,4783,0.772736776081957,1273,2924,0.435362517099863,20,241,196,822,60,1027
PL_WOL_20,PL_1,1,Wolves,Premier League,27,38,15548,19225,0.808738621586476,275061,93014,6990,7796,0.896613648024628,6320,7342,0.860800871697085,1742,2944,0.591711956521739,21,345,213,1117,85,1283
PL_WOL_20,PL_1,2,Wolves,Premier League,26,38,15253,19103,0.798460974716013,275607,92814,6533,7415,0.881051921780175,6610,7664,0.862473903966597,1718,3005,0.57171381031614,22,294,212,1096,57,1283
PL_WOL_20,PL_1,3,Wolves,Premier League,32,38,14554,18294,0.795561386246857,264071,87310,6350,7195,0.882557331480194,6306,7257,0.868954113269946,1574,2890,0.544636678200692,12,294,252,1110,71,1343
PL_WOL_20,PL_1,4,Wolves,Premier League,27,38,15484,19175,0.807509778357236,255933,84649,7694,8577,0.897050250670398,6100,7016,0.869441277080958,1218,2527,0.481994459833795,36,316,239,910,61,1180
PL_WOL_20,PL_1,5,Wolves,Premier League,32,38,14472,17884,0.809214940729143,246100,83847,6855,7612,0.90055176037835,5909,6712,0.880363528009535,1251,2503,0.499800239712345,42,323,276,1011,72,1185
SA_ATL_1,SA_1,1,Atalanta,Serie A,30,38,18066,22063,0.818836966867606,310229,109918,8542,9641,0.886007675552329,7388,8505,0.868665490887713,1686,2744,0.614431486880466,65,487,490,1635,85,2077
SA_ATL_1,SA_1,2,Atalanta,Serie A,32,38,17108,21261,0.804665820046094,290891,103683,8273,9367,0.883207003309491,6740,7834,0.860352310441664,1583,2760,0.573550724637681,48,479,425,1384,81,1858
SA_ATL_1,SA_1,3,Atalanta,Serie A,27,38,15462,19507,0.792638540011278,267971,97492,7245,8234,0.879888268156425,6234,7350,0.848163265306122,1525,2778,0.548956083513319,42,405,385,1184,89,1637
SA_ATL_1,SA_1,4,Atalanta,Serie A,29,38,16051,19961,0.80411803015881,281418,100413,7280,8321,0.874894844369667,6956,7989,0.87069720866191,1466,2642,0.554882664647994,57,437,381,1223,114,1754
SA_ATL_1,SA_1,5,Atalanta,Serie A,32,38,17454,20998,0.831222021144871,304878,97688,7796,8669,0.899296343292191,7832,8892,0.880791722896986,1506,2528,0.595727848101266,54,425,395,1382,113,1824
SA_BEE_2,SA_1,1,Benevento,Serie A,29,38,11573,15318,0.755516385951169,210156,81278,4998,5811,0.860092927207021,4745,5735,0.827375762859634,1419,2776,0.511167146974063,26,300,270,762,85,1096
SA_BOL_3,SA_1,1,Bologna,Serie A,37,38,14683,18539,0.792006041318302,256726,99247,6691,7649,0.874754869917636,5991,7098,0.844040574809806,1528,2647,0.577257272383831,38,372,262,1192,60,1516
SA_BOL_3,SA_1,2,Bologna,Serie A,36,38,14442,18249,0.791385829360513,246735,94908,6960,7925,0.878233438485804,5408,6437,0.840142923722231,1536,2701,0.568678267308404,34,343,299,1024,89,1276
SA_BOL_3,SA_1,3,Bologna,Serie A,27,38,16763,20552,0.815638380692877,290293,103110,7901,8808,0.897025431425976,6726,7738,0.869216851899716,1675,2874,0.582811412665275,41,371,246,1120,67,1366
SA_BOL_3,SA_1,4,Bologna,Serie A,28,38,19125,22504,0.849848915748311,315900,100821,9408,10260,0.916959064327486,7744,8573,0.903301061472064,1415,2441,0.579680458828349,32,356,256,1267,55,1453
SA_BOL_3,SA_1,5,Bologna,Serie A,30,38,15681,19336,0.810974348365743,295869,97686,6113,6881,0.888388315651795,7530,8561,0.879570143674804,1765,3072,0.574544270833333,43,384,293,1351,109,1468
SA_CAL_4,SA_1,1,Cagliari,Serie A,32,38,13040,16868,0.773061418069718,235882,89906,5808,6707,0.865960936335172,5347,6417,0.833255415303101,1541,2778,0.55471562275018,30,317,276,967,91,1228
SA_CAL_4,SA_1,2,Cagliari,Serie A,33,38,11503,15761,0.729839477190534,221202,88862,4745,5714,0.830416520826041,4799,5957,0.80560684908511,1656,3147,0.526215443279314,26,317,226,853,93,1088
SA_CAL_4,SA_1,4,Cagliari,Serie A,29,38,10731,14709,0.729553334693045,205047,81881,4427,5206,0.85036496350365,4662,5786,0.805737988247494,1441,2966,0.48583951449764,30,330,260,863,125,1109
SA_CAL_4,SA_1,5,Cagliari,Serie A,28,38,12092,15802,0.765219592456651,219114,88994,5258,6076,0.865371955233706,5403,6411,0.842770238652316,1218,2515,0.484294234592445,31,301,234,907,89,1150
SA_COO_28,SA_1,5,Como,Serie A,38,38,15917,19183,0.8297450867956,268133,95134,7607,8351,0.91090887318884,6561,7392,0.887581168831169,1286,2359,0.545146248410343,39,405,279,1150,60,1377
SA_CRM_24,SA_1,3,Cremonese,Serie A,33,38,10872,15041,0.722824280300512,200114,82419,4733,5616,0.842770655270655,4640,5790,0.801381692573402,1236,2782,0.444284687275342,18,325,275,936,107,1107
SA_CRT_5,SA_1,1,Crotone,Serie A,31,38,13532,17229,0.785419931510825,245442,95255,5782,6594,0.876857749469214,6004,7014,0.856002281151982,1437,2695,0.533209647495362,27,269,224,862,68,1217
SA_EMP_21,SA_1,2,Empoli,Serie A,28,38,12796,16700,0.76622754491018,227799,91038,5530,6362,0.869223514618044,5584,6695,0.834055265123226,1315,2560,0.513671875,27,343,337,1013,72,1477
SA_EMP_21,SA_1,3,Empoli,Serie A,32,38,13199,16862,0.782765982682956,234132,88608,5889,6670,0.882908545727136,5521,6484,0.851480567550894,1395,2669,0.522667665792432,20,322,245,776,76,1114
SA_EMP_21,SA_1,4,Empoli,Serie A,34,38,11571,15348,0.753909304143862,210427,82600,4961,5759,0.861434276784164,5094,6059,0.84073279419046,1240,2680,0.462686567164179,19,297,206,827,74,1056
SA_EMP_21,SA_1,5,Empoli,Serie A,34,38,10093,13916,0.725280252946249,186741,74734,4015,4844,0.828860445912469,4558,5549,0.821409262930258,1180,2624,0.44969512195122,21,269,214,799,71,1013
SA_FIR_6,SA_1,1,Fiorentina,Serie A,30,38,13430,17136,0.783730158730159,246275,88848,5748,6592,0.871966019417476,5603,6571,0.852686044742048,1668,2930,0.569283276450512,31,266,245,1130,93,1353
SA_FIR_6,SA_1,2,Fiorentina,Serie A,28,38,17418,20910,0.83299856527977,337614,110293,6638,7448,0.89124597207304,8158,9133,0.893244278988284,2366,3482,0.679494543365882,33,386,346,1211,105,1584
SA_FIR_6,SA_1,3,Fiorentina,Serie A,30,38,15373,19236,0.799178623414431,294347,99945,6120,6942,0.881590319792567,6799,7859,0.865122789158926,2111,3485,0.605738880918221,37,462,353,1219,121,1627
SA_FIR_6,SA_1,4,Fiorentina,Serie A,30,38,16180,19975,0.810012515644556,306932,103541,6368,7193,0.885305157792298,7511,8557,0.87776089751081,2004,3302,0.606904906117505,41,395,374,1327,103,1656
SA_FIR_6,SA_1,5,Fiorentina,Serie A,34,38,14193,17510,0.810565391205026,262148,91970,5771,6478,0.8908613769682,6566,7504,0.875,1565,2733,0.5726308086352,39,336,244,984,74,1240
SA_FRS_27,SA_1,4,Frosinone,Serie A,34,38,13740,17545,0.78312909660872,226596,87424,6769,7660,0.883681462140992,5457,6523,0.836578261536103,1085,2330,0.465665236051502,29,350,279,962,69,1326
SA_GEO_7,SA_1,1,Genoa,Serie A,34,38,13950,17947,0.777288683345406,246168,89422,6409,7297,0.87830615321365,5470,6510,0.840245775729647,1601,3000,0.533666666666667,32,249,226,920,74,1165
SA_GEO_7,SA_1,2,Genoa,Serie A,40,38,11185,15587,0.717585167126451,198763,81665,5123,6155,0.832331437855402,4390,5629,0.779889856102327,1298,2719,0.477381390216992,19,281,211,829,74,1101
SA_GEO_7,SA_1,4,Genoa,Serie A,34,38,12053,15765,0.76454170631145,219285,85245,5128,5934,0.86417256488035,5142,6121,0.840058813919294,1379,2710,0.508856088560886,27,300,223,865,75,1079
SA_GEO_7,SA_1,5,Genoa,Serie A,37,38,12025,15727,0.764608634831818,221047,81991,4811,5621,0.855897527130404,5664,6683,0.847523567260212,1243,2515,0.494234592445328,27,285,201,737,78,980
SA_HEL_8,SA_1,1,Hellas Verona,Serie A,32,38,12926,17419,0.742063264251679,232123,85512,5724,6738,0.849510240427426,5450,6669,0.817213975108712,1405,2918,0.481494174091844,30,304,289,1088,67,1490
SA_HEL_8,SA_1,2,Hellas Verona,Serie A,31,38,13047,17398,0.74991378319347,226861,89360,6087,7199,0.845534101958605,5057,6178,0.818549692457106,1410,2728,0.516862170087977,44,333,350,1046,71,1587
SA_HEL_8,SA_1,3,Hellas Verona,Serie A,36,38,9481,13807,0.686680669225755,186844,85475,3784,4825,0.784248704663212,4041,5180,0.78011583011583,1394,2872,0.485376044568245,22,304,232,861,88,1063
SA_HEL_8,SA_1,4,Hellas Verona,Serie A,36,38,10639,14710,0.72324949014276,211949,86317,4116,5023,0.819430619151901,4666,5727,0.814737209708399,1618,3113,0.519755862512046,29,335,216,958,92,1122
SA_HEL_8,SA_1,5,Hellas Verona,Serie A,32,38,9854,13457,0.732258304228283,178691,69540,4411,5150,0.856504854368932,4092,4944,0.827669902912621,1079,2569,0.420007785130401,20,276,189,824,61,1011
SA_INT_9,SA_1,1,Inter,Serie A,25,38,18384,21624,0.850166481687014,321565,102857,8126,8970,0.905908584169454,7965,8842,0.900814295408279,1776,2636,0.673748103186646,62,422,395,1361,96,1707
SA_INT_9,SA_1,2,Inter,Serie A,27,38,18367,21832,0.84128801758886,329949,112120,8090,8994,0.899488547920836,7784,8750,0.8896,2046,3033,0.67457962413452,57,503,451,1453,128,1778
SA_INT_9,SA_1,3,Inter,Serie A,25,38,17693,21281,0.831398900427611,320024,109417,7531,8348,0.902132247244849,7877,8900,0.885056179775281,1858,3042,0.610782380013149,50,479,390,1272,134,1624
SA_INT_9,SA_1,4,Inter,Serie A,27,38,19136,22447,0.852496992916648,332897,109819,8631,9446,0.913720093161126,8159,9056,0.90094964664311,1839,2800,0.656785714285714,60,440,437,1288,116,1620
SA_INT_9,SA_1,5,Inter,Serie A,26,38,19412,22592,0.859242209631728,343835,107852,8329,9108,0.914470794905578,8987,9926,0.905399959701793,1751,2661,0.658023299511462,57,434,410,1353,119,1730
SA_JUV_10,SA_1,1,Juventus,Serie A,30,38,19839,23031,0.86140419434675,353120,113338,8475,9273,0.913943707538014,8934,9758,0.915556466489035,1969,2877,0.684393465415363,59,470,356,1454,89,1768
SA_JUV_10,SA_1,2,Juventus,Serie A,32,38,16459,19835,0.829795815477691,307159,106118,6680,7513,0.889125515772661,7417,8335,0.889862027594481,2015,3048,0.661089238845144,37,388,305,1266,79,1464
SA_JUV_10,SA_1,3,Juventus,Serie A,29,38,15226,18690,0.81466024612092,285025,99282,6319,7141,0.884890071418569,6719,7633,0.880256779772042,1910,3085,0.619124797406807,41,404,295,1163,90,1394
SA_JUV_10,SA_1,4,Juventus,Serie A,31,38,14757,18079,0.8162508988329,274823,94184,5963,6728,0.886296076099881,6820,7755,0.879432624113475,1727,2762,0.625271542360608,37,417,296,1191,105,1473
SA_JUV_10,SA_1,5,Juventus,Serie A,29,38,18259,21231,0.860016014318685,316000,98768,8378,9109,0.919749698100779,8078,8869,0.910812943962115,1473,2432,0.605674342105263,40,393,305,1390,67,1561
SA_LAZ_11,SA_1,1,Lazio,Serie A,30,38,16972,20795,0.816157730223612,304863,108222,7366,8356,0.881522259454284,7099,8110,0.875339087546239,2007,3161,0.634925656437836,40,391,398,1479,115,1688
SA_LAZ_11,SA_1,2,Lazio,Serie A,27,38,19632,23041,0.852046352154854,320293,109239,9872,10871,0.908104130254806,7249,8150,0.889447852760736,1711,2620,0.653053435114504,48,346,309,1398,53,1527
SA_LAZ_11,SA_1,3,Lazio,Serie A,24,38,18135,21629,0.838457626335013,293491,106673,9434,10386,0.908338147506258,6408,7337,0.873381491072646,1635,2620,0.624045801526718,37,325,283,1214,44,1381
SA_LAZ_11,SA_1,4,Lazio,Serie A,22,38,17462,21071,0.828721940107256,293219,101247,8440,9314,0.90616276572901,6970,7966,0.874968616620638,1557,2657,0.585999247271359,30,331,316,1270,62,1528
SA_LAZ_11,SA_1,5,Lazio,Serie A,27,38,16400,19521,0.84012089544593,296409,96569,6959,7646,0.910149097567356,7447,8298,0.897445167510244,1670,2729,0.611945767680469,43,403,323,1374,102,1588
SA_LEC_25,SA_1,3,Lecce,Serie A,29,38,10083,14358,0.702256581696615,188701,76019,4285,5217,0.821353268161779,4134,5229,0.790590935169248,1351,3015,0.448092868988391,21,313,218,965,79,1232
SA_LEC_25,SA_1,4,Lecce,Serie A,26,38,11742,15397,0.762616094044294,220284,81904,4700,5530,0.849909584086799,5225,6158,0.848489769405651,1487,2846,0.522487702037948,23,378,211,895,87,1183
SA_LEC_25,SA_1,5,Lecce,Serie A,31,38,11490,15087,0.761582819646053,215443,81823,4757,5501,0.864751863297582,5029,5971,0.842237481158935,1465,2862,0.511879804332634,21,322,222,852,93,1071
SA_MIL_12,SA_1,1,Milan,Serie A,29,38,15889,19459,0.816537334909296,275188,97709,7279,8168,0.891160626836435,6493,7406,0.876721577099649,1617,2709,0.596899224806202,47,408,346,1250,80,1483
SA_MIL_12,SA_1,2,Milan,Serie A,28,38,15719,19320,0.813612836438923,283818,100443,6814,7777,0.876173331618876,6719,7647,0.878645220347849,1787,2874,0.62178148921364,39,436,371,1202,95,1486
SA_MIL_12,SA_1,3,Milan,Serie A,30,38,15948,19734,0.808148373365765,289152,100822,6781,7765,0.873277527366388,6974,7961,0.876020600427082,1800,2995,0.601001669449082,49,416,359,1165,88,1584
SA_MIL_12,SA_1,4,Milan,Serie A,35,38,17656,20741,0.851260787811581,304243,102555,7905,8708,0.907785943959577,7904,8738,0.904554818036164,1438,2341,0.614267407090987,56,430,338,1213,94,1569
SA_MIL_12,SA_1,5,Milan,Serie A,35,38,16335,19101,0.855190827705356,290496,97134,6939,7660,0.905874673629243,7732,8519,0.907618265054584,1389,2238,0.620643431635389,43,442,342,1198,77,1589
SA_MON_26,SA_1,3,Monza,Serie A,31,38,17198,20724,0.829859100559738,308969,105210,7443,8250,0.902181818181818,7577,8569,0.884233866262108,1777,2898,0.613181504485852,31,312,278,1154,71,1362
SA_MON_26,SA_1,4,Monza,Serie A,31,38,16734,19870,0.842174131857071,310386,98194,6742,7422,0.908380490433845,7969,8830,0.902491506228766,1771,2837,0.624250969333803,29,348,251,1087,92,1248
SA_MON_26,SA_1,5,Monza,Serie A,36,38,14248,17515,0.813474165001427,257293,87427,5982,6697,0.893235777213678,6561,7422,0.883993532740501,1412,2561,0.551347130027333,18,245,196,895,72,1096
SA_NAP_13,SA_1,1,Napoli,Serie A,25,38,18892,22210,0.85060783430887,319926,104978,9198,10054,0.914859757310523,7244,8103,0.89398988029125,1879,2799,0.671311182565202,56,479,363,1325,69,1703
SA_NAP_13,SA_1,2,Napoli,Serie A,27,38,19572,22921,0.853889446359234,313472,105507,10332,11215,0.921266161390994,6928,7820,0.885933503836317,1611,2509,0.64208848146672,46,450,366,1389,57,1665
SA_NAP_13,SA_1,3,Napoli,Serie A,27,38,21086,24473,0.861602582437789,349837,113047,10412,11275,0.923458980044346,8149,9116,0.893922773146117,1839,2748,0.669213973799127,57,490,411,1638,89,1804
SA_NAP_13,SA_1,4,Napoli,Serie A,29,38,19517,22942,0.85071048731584,335198,107611,9095,9898,0.918872499494847,8105,9121,0.888608705185835,1832,2884,0.635228848821082,36,497,398,1507,84,1758
SA_NAP_13,SA_1,5,Napoli,Serie A,27,38,16894,20033,0.843308540907503,299923,98597,7296,8074,0.903641317810255,7665,8530,0.898593200468933,1582,2497,0.633560272326792,42,391,318,1235,76,1546
SA_PAM_14,SA_1,1,Parma,Serie A,42,38,14837,18427,0.80517718565149,288732,105937,5771,6609,0.873203207747012,6553,7501,0.873616851086522,2179,3355,0.649478390461997,26,286,238,1074,90,1319
SA_PAM_14,SA_1,5,Parma,Serie A,32,38,12509,15805,0.791458399240746,227371,84995,5238,5993,0.874019689637911,5643,6511,0.866687144831823,1289,2504,0.514776357827476,31,316,217,890,59,1059
SA_ROM_15,SA_1,1,Roma,Serie A,31,38,16561,19977,0.829003353856936,303327,98451,6898,7773,0.887430850379519,7551,8390,0.9,1810,2923,0.619226821758467,51,395,328,1207,68,1583
SA_ROM_15,SA_1,2,Roma,Serie A,29,38,15221,18828,0.808423624389208,286185,100442,6118,7018,0.871758335708179,6937,7898,0.87832362623449,1874,3044,0.615637319316688,31,434,332,1200,70,1587
SA_ROM_15,SA_1,3,Roma,Serie A,30,38,14171,17814,0.795497922981924,257681,88761,6089,6899,0.882591679953616,6074,7077,0.858273279638265,1659,2915,0.569125214408233,33,368,261,960,56,1217
SA_ROM_15,SA_1,4,Roma,Serie A,30,38,17066,20523,0.831554840910198,298380,99682,7660,8446,0.906938195595548,7615,8620,0.883410672853828,1474,2569,0.573764110548852,44,363,315,1217,87,1469
SA_ROM_15,SA_1,5,Roma,Serie A,28,38,17016,20265,0.839674315321984,300183,96685,7364,8133,0.905446944546908,7726,8590,0.89941792782305,1535,2676,0.573617339312406,35,391,314,1302,81,1501
SA_SAL_22,SA_1,2,Salernitana,Serie A,42,38,10680,14461,0.738538137058295,195791,85345,4826,5745,0.840034812880766,4093,5155,0.793986420950534,1387,2552,0.543495297805643,19,305,222,841,99,1031
SA_SAL_22,SA_1,3,Salernitana,Serie A,30,38,12667,16508,0.767324933365641,223947,85787,5739,6539,0.877657134118367,5160,6153,0.838615309605071,1342,2755,0.487114337568058,34,280,209,845,70,1089
SA_SAL_22,SA_1,4,Salernitana,Serie A,39,38,12124,15920,0.761557788944724,210672,79322,5624,6417,0.876422004051738,4851,5890,0.823599320882852,1233,2585,0.476982591876209,25,310,207,885,74,1119
SA_SAP_16,SA_1,1,Sampdoria,Serie A,27,38,13423,17643,0.760811653346936,241858,92319,6023,7007,0.859569002426145,5353,6512,0.822020884520884,1630,3045,0.535303776683087,37,321,265,1006,76,1370
SA_SAP_16,SA_1,2,Sampdoria,Serie A,34,38,12901,17022,0.757901539184585,235384,91587,5582,6565,0.85026656511805,5317,6436,0.826134244872592,1566,2904,0.539256198347108,29,295,266,921,89,1187
SA_SAP_16,SA_1,3,Sampdoria,Serie A,40,38,12606,16575,0.760542986425339,231539,88820,5369,6223,0.862767154105737,5427,6538,0.830070357907617,1489,2830,0.526148409893993,18,272,241,886,74,1126
SA_SAS_17,SA_1,1,Sassuolo,Serie A,28,38,20368,23660,0.860862214708369,329660,107912,10297,11141,0.924243784220447,7918,8787,0.901103903493798,1539,2467,0.623834616943656,36,381,353,1539,46,1746
SA_SAS_17,SA_1,2,Sassuolo,Serie A,29,38,17027,20327,0.83765435135534,290090,104090,8123,8959,0.90668601406407,6598,7443,0.886470509203278,1724,2681,0.643043640432674,39,431,316,1178,55,1507
SA_SAS_17,SA_1,3,Sassuolo,Serie A,31,38,14805,18306,0.808751229105211,269825,99100,6480,7323,0.884883244571897,6109,7036,0.868249005116544,1835,2980,0.615771812080537,30,371,328,1092,82,1565
SA_SAS_17,SA_1,4,Sassuolo,Serie A,30,38,11978,15683,0.763756934260027,221423,83557,4986,5788,0.861437456807187,5295,6301,0.840342802729726,1385,2776,0.498919308357349,28,340,248,995,60,1301
SA_SPZ_18,SA_1,1,Spezia,Serie A,35,38,15565,19567,0.795471968109572,303384,99239,6096,6927,0.880034647033348,6763,7842,0.862407549094619,2380,3847,0.618663893943332,37,289,254,1134,69,1388
SA_SPZ_18,SA_1,2,Spezia,Serie A,30,38,11650,15503,0.751467457911372,210448,83575,5218,6112,0.853730366492146,4666,5591,0.834555535682346,1421,2833,0.501588422167314,25,280,209,827,60,999
SA_SPZ_18,SA_1,3,Spezia,Serie A,34,38,12399,16501,0.751409005514817,215537,84262,5772,6701,0.861363975526041,4973,6020,0.826079734219269,1235,2696,0.458086053412463,18,289,267,928,84,1163
SA_TOR_19,SA_1,1,Torino,Serie A,29,38,13369,17163,0.77894307521995,240588,86398,6122,6894,0.888018566869742,5209,6234,0.835579082451075,1675,3057,0.547922800130847,28,309,236,958,96,1138
SA_TOR_19,SA_1,2,Torino,Serie A,31,38,13943,18082,0.771098329830771,249442,87682,6255,7220,0.866343490304709,5904,6933,0.851579402855906,1434,2885,0.497053726169844,27,364,271,1153,95,1320
SA_TOR_19,SA_1,3,Torino,Serie A,28,38,15376,19336,0.795200661977658,275969,93628,6788,7659,0.886277581929756,6681,7680,0.869921875,1502,2948,0.509497964721845,34,375,274,1159,89,1328
SA_TOR_19,SA_1,4,Torino,Serie A,30,38,14578,18229,0.799714740249054,257125,90455,6446,7271,0.886535552193646,6372,7364,0.865290602933188,1345,2609,0.515523188961288,29,338,277,1028,101,1333
SA_TOR_19,SA_1,5,Torino,Serie A,31,38,13578,17008,0.798330197554092,249577,86249,5650,6464,0.874071782178218,6225,7103,0.876390257637618,1445,2696,0.535979228486647,21,276,250,980,86,1113
SA_UDN_20,SA_1,1,Udinese,Serie A,33,38,13917,17414,0.799184564143792,242519,89246,6417,7237,0.886693381235318,5667,6618,0.856300997280145,1389,2492,0.557383627608347,30,294,270,1041,70,1405
SA_UDN_20,SA_1,2,Udinese,Serie A,29,38,11650,15251,0.763884335453413,201058,80592,5511,6357,0.866918357715904,4617,5570,0.828904847396768,1128,2322,0.48578811369509,36,375,280,905,54,1226
SA_UDN_20,SA_1,3,Udinese,Serie A,30,38,13391,16790,0.797558070279929,246847,93352,5689,6485,0.877255204317656,5719,6627,0.862984759317942,1624,2751,0.590330788804071,41,384,295,1009,70,1354
SA_UDN_20,SA_1,4,Udinese,Serie A,32,38,9976,13300,0.750075187969925,185378,75887,4317,5066,0.852151598894591,4174,5111,0.816669927607122,1234,2396,0.515025041736227,23,329,186,874,76,1022
SA_UDN_20,SA_1,5,Udinese,Serie A,31,38,12945,16279,0.795196265126851,239290,82480,5322,6027,0.883026381284221,5751,6676,0.861443978430198,1552,2764,0.56150506512301,28,313,242,969,103,1160
SA_VEN_23,SA_1,2,Venezia,Serie A,39,38,11575,15320,0.755548302872063,214514,84877,4947,5783,0.855438353795608,4826,5800,0.832068965517241,1487,2780,0.534892086330935,23,250,215,802,77,1088
SA_VEN_23,SA_1,5,Venezia,Serie A,36,38,11573,15155,0.763642362256681,201752,77791,5144,5977,0.860632424293124,5103,6078,0.839585389930898,1002,2218,0.45175834084761,16,282,215,813,58,1066
