team_id,league_id,season_id,team_name,Comp,# team_Pl,team_Misc_perform_90s,team_Misc_perform_CrdY,team_Misc_perform_CrdR,team_Misc_perfrom_2CrdY,team_Misc_perform_Fls,team_Misc_perform_Fld,team_Misc_perform_Crs,team_Misc_perform_Int,team_Misc_perform_Off,team_Misc_perform_Recov,team_Misc_perform_TklW,team_Misc_perfrom_OG,team_Misc_perfrom_PKcon,team_Misc_perofrm_PKwon,team_Misc_aeriald_Won,team_Misc_aeriald_Lost,team_Misc_aeriald_Won%_new
BL_ARM_1,BL_1,1,Arminia,Bundesliga,26,34,52,1,0,390,417,471,418,49,1725,328,1,6,2,740,711,0.509993108201241
BL_ARM_1,BL_1,2,Arminia,Bundesliga,26,34,55,2,1,433,307,487,421,54,1907,311,2,7,2,658,734,0.472701149425287
BL_AUG_2,BL_1,1,Augsburg,Bundesliga,25,34,71,4,3,395,403,500,454,67,1802,308,3,9,3,559,688,0.448275862068966
BL_AUG_2,BL_1,2,Augsburg,Bundesliga,26,34,74,0,0,448,357,592,363,73,1927,335,2,5,4,557,604,0.479758828596038
BL_AUG_2,BL_1,3,Augsburg,Bundesliga,34,34,96,5,2,433,356,548,286,58,1792,299,2,4,3,640,777,0.45165843330981
BL_AUG_2,BL_1,4,Augsburg,Bundesliga,29,34,71,3,1,454,338,631,295,81,1669,319,2,10,5,587,602,0.493692178301093
BL_AUG_2,BL_1,5,Augsburg,Bundesliga,29,34,78,5,2,351,373,578,341,59,1441,300,2,5,2,529,491,0.518627450980392
BL_BAY_3,BL_1,1,Bayern Munich,Bundesliga,29,34,44,3,0,317,374,828,399,74,2050,316,0,3,7,430,409,0.512514898688915
BL_BAY_3,BL_1,2,Bayern Munich,Bundesliga,30,34,36,2,0,305,354,656,349,76,2220,338,1,2,1,422,394,0.517156862745098
BL_BAY_3,BL_1,3,Bayern Munich,Bundesliga,28,34,49,3,2,306,335,603,287,84,2085,387,0,10,5,471,381,0.552816901408451
BL_BAY_3,BL_1,4,Bayern Munich,Bundesliga,30,34,47,2,1,304,306,655,288,60,1768,323,0,4,2,410,319,0.56241426611797
BL_BAY_3,BL_1,5,Bayern Munich,Bundesliga,29,34,48,1,0,295,341,612,232,56,1665,300,0,2,6,418,344,0.548556430446194
BL_BOC_20,BL_1,2,Bochum,Bundesliga,28,34,55,2,0,424,391,600,429,75,2088,353,4,8,4,609,599,0.504139072847682
BL_BOC_20,BL_1,3,Bochum,Bundesliga,26,34,64,1,0,429,354,568,337,66,1991,386,3,14,3,770,737,0.510948905109489
BL_BOC_20,BL_1,4,Bochum,Bundesliga,25,34,97,2,0,446,409,649,308,83,1808,366,4,11,4,815,816,0.499693439607603
BL_BOC_20,BL_1,5,Bochum,Bundesliga,27,34,71,2,1,465,293,679,294,63,1447,360,0,6,3,744,665,0.528034066713982
BL_BRE_18,BL_1,1,Werder Bremen,Bundesliga,27,34,67,3,2,396,467,548,407,68,1738,333,3,6,3,609,582,0.511335012594458
BL_BRE_18,BL_1,3,Werder Bremen,Bundesliga,25,34,76,1,0,426,369,514,321,65,1987,349,2,3,3,631,622,0.503591380686353
BL_BRE_18,BL_1,4,Werder Bremen,Bundesliga,30,34,73,2,0,396,396,543,284,70,1758,351,1,6,5,508,575,0.469067405355494
BL_BRE_18,BL_1,5,Werder Bremen,Bundesliga,23,34,75,4,3,335,402,667,315,72,1453,321,3,3,4,473,470,0.501590668080594
BL_BVB_4,BL_1,1,Dortmund,Bundesliga,26,34,44,1,1,359,373,532,413,69,2023,318,1,6,6,432,350,0.552429667519182
BL_BVB_4,BL_1,2,Dortmund,Bundesliga,33,34,63,1,1,362,398,491,347,73,2052,322,2,6,6,419,363,0.535805626598465
BL_BVB_4,BL_1,3,Dortmund,Bundesliga,30,34,66,0,0,322,407,677,298,41,1958,334,1,1,6,425,364,0.538656527249683
BL_BVB_4,BL_1,4,Dortmund,Bundesliga,32,34,59,4,2,315,391,522,251,44,1763,356,2,6,5,389,426,0.477300613496933
BL_BVB_4,BL_1,5,Dortmund,Bundesliga,28,34,71,6,3,330,343,698,249,43,1480,319,1,4,5,474,418,0.531390134529148
BL_DAR_22,BL_1,4,Darmstadt 98,Bundesliga,32,34,83,4,0,429,351,514,317,57,1502,323,2,2,2,510,569,0.472659870250232
BL_FRA_5,BL_1,1,Eint Frankfurt,Bundesliga,25,34,82,1,1,459,366,776,428,69,2094,352,2,6,6,604,552,0.522491349480969
BL_FRA_5,BL_1,2,Eint Frankfurt,Bundesliga,27,34,61,1,1,422,299,697,377,53,2251,330,1,4,1,552,644,0.461538461538462
BL_FRA_5,BL_1,3,Eint Frankfurt,Bundesliga,28,34,71,1,1,429,377,616,284,70,2088,357,1,2,6,467,555,0.456947162426614
BL_FRA_5,BL_1,4,Eint Frankfurt,Bundesliga,34,34,70,5,4,355,318,557,302,51,1792,359,0,11,2,477,525,0.476047904191617
BL_FRA_5,BL_1,5,Eint Frankfurt,Bundesliga,26,34,55,1,1,341,304,539,287,57,1486,341,2,3,2,467,437,0.516592920353982
BL_FRE_6,BL_1,1,Freiburg,Bundesliga,24,34,62,0,0,437,401,636,452,56,1718,247,2,6,5,588,637,0.48
BL_FRE_6,BL_1,2,Freiburg,Bundesliga,26,34,34,0,0,392,375,633,355,58,1920,299,1,2,4,675,638,0.514089870525514
BL_FRE_6,BL_1,3,Freiburg,Bundesliga,27,34,62,2,1,404,424,547,325,57,1754,289,0,6,7,743,686,0.519944016794962
BL_FRE_6,BL_1,4,Freiburg,Bundesliga,25,34,64,4,1,364,376,593,272,52,1633,319,1,5,7,625,628,0.498802873104549
BL_FRE_6,BL_1,5,Freiburg,Bundesliga,26,34,54,2,1,316,325,589,276,61,1368,317,1,4,3,596,608,0.495016611295681
BL_FÜR_21,BL_1,2,Greuther Fürth,Bundesliga,29,34,61,0,0,437,434,478,374,69,1878,336,5,6,3,468,602,0.437383177570094
BL_GLA_7,BL_1,1,Gladbach,Bundesliga,23,34,61,2,0,395,412,561,436,82,1914,307,0,6,9,512,488,0.512
BL_GLA_7,BL_1,2,Gladbach,Bundesliga,26,34,67,1,0,359,472,440,326,73,1850,345,0,5,6,464,419,0.525481313703284
BL_GLA_7,BL_1,3,Gladbach,Bundesliga,27,34,62,3,1,338,447,441,267,72,1718,275,1,6,3,415,419,0.497601918465228
BL_GLA_7,BL_1,4,Gladbach,Bundesliga,27,34,66,2,1,337,372,574,333,53,1701,337,0,6,4,485,478,0.503634475597092
BL_GLA_7,BL_1,5,Gladbach,Bundesliga,26,34,53,3,2,339,326,617,317,65,1308,284,2,8,5,530,473,0.528414755732802
BL_HEI_23,BL_1,4,Heidenheim,Bundesliga,22,34,54,1,0,442,325,663,302,38,1741,352,3,10,1,690,612,0.529953917050691
BL_HEI_23,BL_1,5,Heidenheim,Bundesliga,27,34,66,1,0,385,390,581,312,50,1420,356,0,6,3,553,646,0.461217681401168
BL_HER_8,BL_1,1,Hertha BSC,Bundesliga,32,34,67,3,2,469,428,585,417,77,1743,270,1,8,6,527,513,0.506730769230769
BL_HER_8,BL_1,2,Hertha BSC,Bundesliga,36,34,62,2,0,421,430,505,406,73,1830,321,0,8,3,556,575,0.491600353669319
BL_HER_8,BL_1,3,Hertha BSC,Bundesliga,32,34,82,1,1,422,394,516,366,58,1835,344,0,6,4,633,701,0.474512743628186
BL_HOF_9,BL_1,1,Hoffenheim,Bundesliga,30,34,68,4,2,442,407,658,431,49,1896,296,2,9,4,516,620,0.454225352112676
BL_HOF_9,BL_1,2,Hoffenheim,Bundesliga,32,34,75,0,0,429,348,703,285,70,1905,291,1,4,0,485,574,0.457979225684608
BL_HOF_9,BL_1,3,Hoffenheim,Bundesliga,31,34,80,5,3,471,368,577,285,78,1843,323,1,3,7,550,557,0.49683830171635
BL_HOF_9,BL_1,4,Hoffenheim,Bundesliga,30,34,86,5,4,339,366,603,357,52,1715,304,1,5,5,515,515,0.5
BL_HOF_9,BL_1,5,Hoffenheim,Bundesliga,35,34,66,2,0,391,366,732,291,70,1466,336,3,6,2,577,588,0.495278969957082
BL_KIE_24,BL_1,5,Holstein Kiel,Bundesliga,27,34,77,4,2,407,350,482,294,44,1267,328,3,7,4,546,607,0.473547267996531
BL_KÖL_11,BL_1,1,Köln,Bundesliga,28,34,63,1,1,422,429,655,429,57,1948,328,0,9,4,607,614,0.497133497133497
BL_KÖL_11,BL_1,2,Köln,Bundesliga,26,34,68,1,1,419,459,829,426,67,2137,361,2,1,1,597,590,0.502948609941028
BL_KÖL_11,BL_1,3,Köln,Bundesliga,27,34,75,3,3,400,352,790,372,68,2022,370,3,5,2,659,608,0.520126282557222
BL_KÖL_11,BL_1,4,Köln,Bundesliga,26,34,71,4,3,418,364,779,305,53,1689,375,0,3,5,557,533,0.511009174311927
BL_LEI_14,BL_1,1,RB Leipzig,Bundesliga,25,34,57,0,0,435,404,649,353,81,2060,305,0,3,9,622,466,0.571691176470588
BL_LEI_14,BL_1,2,RB Leipzig,Bundesliga,29,34,49,0,0,360,426,523,349,66,1994,289,1,3,5,504,420,0.545454545454545
BL_LEI_14,BL_1,3,RB Leipzig,Bundesliga,25,34,69,2,1,393,402,489,310,80,1966,312,2,8,5,440,433,0.504009163802978
BL_LEI_14,BL_1,4,RB Leipzig,Bundesliga,26,34,61,1,1,354,388,608,240,67,1743,317,1,5,7,426,394,0.519512195121951
BL_LEI_14,BL_1,5,RB Leipzig,Bundesliga,29,34,68,5,2,376,333,563,268,83,1533,333,0,3,4,480,439,0.522306855277476
BL_LEV_12,BL_1,1,Leverkusen,Bundesliga,30,34,58,0,0,433,335,674,322,72,2006,282,2,2,1,444,487,0.476906552094522
BL_LEV_12,BL_1,2,Leverkusen,Bundesliga,29,34,66,2,1,364,329,537,360,64,2009,281,1,4,5,442,415,0.515752625437573
BL_LEV_12,BL_1,3,Leverkusen,Bundesliga,27,34,75,7,3,382,409,461,294,51,1918,280,2,7,6,430,492,0.466377440347072
BL_LEV_12,BL_1,4,Leverkusen,Bundesliga,24,34,59,0,0,305,342,586,224,73,1847,277,0,0,7,363,316,0.53460972017673
BL_LEV_12,BL_1,5,Leverkusen,Bundesliga,23,34,62,1,1,325,352,735,234,64,1463,259,4,4,5,463,419,0.524943310657596
BL_MAI_13,BL_1,1,Mainz 05,Bundesliga,31,34,63,1,1,500,379,605,500,57,1923,364,1,7,4,613,650,0.48535233570863
BL_MAI_13,BL_1,2,Mainz 05,Bundesliga,28,34,62,4,2,495,386,598,439,63,2097,305,1,6,3,606,580,0.510961214165261
BL_MAI_13,BL_1,3,Mainz 05,Bundesliga,27,34,69,1,0,476,334,610,433,74,2081,341,0,8,5,740,703,0.512820512820513
BL_MAI_13,BL_1,4,Mainz 05,Bundesliga,30,34,99,3,1,473,410,633,346,59,1786,328,1,4,4,665,761,0.466339410939691
BL_MAI_13,BL_1,5,Mainz 05,Bundesliga,25,34,71,5,3,408,329,658,352,78,1545,325,0,5,3,618,697,0.469961977186312
BL_SCH_15,BL_1,1,Schalke 04,Bundesliga,42,34,74,2,2,415,403,425,411,68,1748,337,5,8,3,519,564,0.479224376731302
BL_SCH_15,BL_1,3,Schalke 04,Bundesliga,35,34,68,1,0,427,391,764,306,70,1896,329,1,6,3,692,739,0.483577917540182
BL_STP_25,BL_1,5,St. Pauli,Bundesliga,28,34,53,4,3,353,352,600,257,66,1350,315,1,5,2,533,656,0.448275862068966
BL_STU_16,BL_1,1,Stuttgart,Bundesliga,29,34,65,2,1,420,434,539,426,55,2053,294,1,7,6,544,452,0.546184738955823
BL_STU_16,BL_1,2,Stuttgart,Bundesliga,34,34,64,2,1,371,419,550,342,53,2021,307,1,4,1,586,451,0.565091610414658
BL_STU_16,BL_1,3,Stuttgart,Bundesliga,30,34,72,5,4,346,407,597,308,56,1989,316,1,6,4,547,470,0.537856440511308
BL_STU_16,BL_1,4,Stuttgart,Bundesliga,27,34,56,1,1,329,373,537,269,50,1754,316,3,3,7,430,429,0.50058207217695
BL_STU_16,BL_1,5,Stuttgart,Bundesliga,29,34,72,5,3,358,411,637,298,62,1378,282,1,3,4,468,448,0.510917030567686
BL_UNI_17,BL_1,1,Union Berlin,Bundesliga,27,34,57,2,1,434,375,640,405,84,1977,283,2,5,6,585,669,0.466507177033493
BL_UNI_17,BL_1,2,Union Berlin,Bundesliga,28,34,62,1,1,423,333,663,376,64,1975,296,4,2,2,584,681,0.461660079051383
BL_UNI_17,BL_1,3,Union Berlin,Bundesliga,28,34,65,2,1,445,345,708,262,62,1833,278,0,7,4,767,755,0.503942181340342
BL_UNI_17,BL_1,4,Union Berlin,Bundesliga,30,34,67,7,3,402,339,662,305,61,1705,352,1,7,3,620,619,0.500403551251009
BL_UNI_17,BL_1,5,Union Berlin,Bundesliga,28,34,72,1,0,419,313,608,312,67,1368,318,1,6,3,656,676,0.492492492492492
BL_WOL_19,BL_1,1,Wolfsburg,Bundesliga,26,34,58,3,1,442,379,643,477,77,2088,363,1,5,1,567,566,0.500441306266549
BL_WOL_19,BL_1,2,Wolfsburg,Bundesliga,30,34,61,3,1,411,415,619,388,74,1984,298,1,7,3,621,522,0.543307086614173
BL_WOL_19,BL_1,3,Wolfsburg,Bundesliga,28,34,63,0,0,390,451,568,292,50,1800,324,3,7,6,525,546,0.490196078431372
BL_WOL_19,BL_1,4,Wolfsburg,Bundesliga,28,34,86,5,2,415,412,593,268,41,1580,303,3,3,3,512,467,0.522982635342186
BL_WOL_19,BL_1,5,Wolfsburg,Bundesliga,27,34,75,3,0,350,366,574,312,49,1344,301,1,3,4,519,562,0.480111008325624
L1_AJA_23,L1_1,3,Ajaccio,Ligue 1,36,38,86,10,2,541,495,631,420,63,2053,382,2,10,8,602,711,0.458492003046458
L1_ANG_1,L1_1,1,Angers,Ligue 1,31,38,65,2,1,461,483,662,443,39,2074,376,1,8,6,477,562,0.459095283926853
L1_ANG_1,L1_1,2,Angers,Ligue 1,30,38,70,4,3,471,461,572,423,46,2051,370,3,5,7,408,509,0.444929116684842
L1_ANG_1,L1_1,3,Angers,Ligue 1,33,38,69,5,3,492,422,584,375,47,2025,386,4,11,4,436,441,0.49714937286203
L1_ANG_1,L1_1,5,Angers,Ligue 1,30,34,49,2,0,380,398,575,336,69,1414,392,0,5,6,334,428,0.438320209973753
L1_AUX_24,L1_1,3,Auxerre,Ligue 1,33,38,54,6,4,462,419,617,454,48,2078,378,1,6,6,487,566,0.462488129154796
L1_AUX_24,L1_1,5,Auxerre,Ligue 1,29,34,68,4,1,404,362,542,350,48,1492,403,3,8,4,412,422,0.49400479616307
L1_BOR_2,L1_1,1,Bordeaux,Ligue 1,28,38,78,4,2,465,480,609,503,49,1964,329,1,8,3,570,501,0.532212885154062
L1_BOR_2,L1_1,2,Bordeaux,Ligue 1,39,38,91,5,2,460,391,611,454,58,2134,377,3,9,2,488,506,0.490945674044266
L1_BRE_3,L1_1,1,Brest,Ligue 1,26,38,62,4,1,491,434,720,463,59,1928,355,2,11,4,693,560,0.553072625698324
L1_BRE_3,L1_1,2,Brest,Ligue 1,25,38,59,2,0,427,417,710,469,47,2006,400,2,4,4,618,540,0.533678756476684
L1_BRE_3,L1_1,3,Brest,Ligue 1,29,38,63,2,0,499,462,755,475,59,2115,417,2,9,7,633,569,0.526622296173045
L1_BRE_3,L1_1,4,Brest,Ligue 1,25,34,84,5,2,414,422,792,321,34,1910,427,0,3,2,598,509,0.540198735320686
L1_BRE_3,L1_1,5,Brest,Ligue 1,30,34,69,3,1,430,413,641,316,42,1471,426,2,10,5,534,508,0.512476007677543
L1_CLE_21,L1_1,2,Clermont Foot,Ligue 1,28,38,65,8,3,387,482,713,386,53,2137,361,3,5,2,432,466,0.481069042316258
L1_CLE_21,L1_1,3,Clermont Foot,Ligue 1,28,38,72,5,2,426,592,564,440,52,2051,398,0,12,7,410,427,0.48984468339307
L1_CLE_21,L1_1,4,Clermont Foot,Ligue 1,31,34,60,7,1,396,429,551,347,51,1695,358,1,9,7,393,414,0.486988847583643
L1_DIJ_4,L1_1,1,Dijon,Ligue 1,33,38,76,5,1,515,421,569,471,54,2041,367,2,10,4,530,627,0.458081244598098
L1_LEH_26,L1_1,4,Le Havre,Ligue 1,27,34,67,6,3,433,368,544,363,52,1638,332,2,4,7,485,482,0.501551189245088
L1_LEH_26,L1_1,5,Le Havre,Ligue 1,31,34,56,4,1,379,403,695,324,50,1399,387,1,6,6,451,436,0.508455467869222
L1_LEN_5,L1_1,1,Lens,Ligue 1,27,38,94,7,5,541,465,760,508,49,2004,358,3,11,11,644,630,0.505494505494506
L1_LEN_5,L1_1,2,Lens,Ligue 1,28,38,73,7,1,421,357,699,455,58,2051,359,0,5,3,427,366,0.538461538461538
L1_LEN_5,L1_1,3,Lens,Ligue 1,29,38,63,3,0,492,481,791,339,62,1975,323,1,3,7,406,369,0.523870967741936
L1_LEN_5,L1_1,4,Lens,Ligue 1,27,34,78,4,1,445,424,736,298,75,1775,339,1,8,5,451,388,0.537544696066746
L1_LEN_5,L1_1,5,Lens,Ligue 1,33,34,86,8,3,499,360,706,321,84,1576,365,0,9,2,450,414,0.520833333333333
L1_LIL_6,L1_1,1,Lille,Ligue 1,21,38,68,2,1,487,450,637,424,64,2216,370,2,2,5,572,558,0.506194690265487
L1_LIL_6,L1_1,2,Lille,Ligue 1,26,38,98,6,3,446,441,621,377,89,2145,359,2,6,5,525,492,0.51622418879056
L1_LIL_6,L1_1,3,Lille,Ligue 1,26,38,82,1,0,497,480,624,301,64,2138,370,3,5,10,440,463,0.487264673311185
L1_LIL_6,L1_1,4,Lille,Ligue 1,28,34,67,3,1,376,489,533,292,46,1642,370,2,5,3,355,346,0.50641940085592
L1_LIL_6,L1_1,5,Lille,Ligue 1,27,34,77,2,1,410,376,535,271,48,1535,356,1,4,8,392,350,0.528301886792453
L1_LOR_7,L1_1,1,Lorient,Ligue 1,27,38,69,3,1,475,469,606,527,46,2064,424,1,11,9,507,586,0.463860933211345
L1_LOR_7,L1_1,2,Lorient,Ligue 1,29,38,69,4,3,475,423,588,412,55,2044,412,3,6,3,433,524,0.452455590386625
L1_LOR_7,L1_1,3,Lorient,Ligue 1,30,38,48,4,3,397,501,434,369,49,2019,420,1,2,5,407,479,0.459367945823928
L1_LOR_7,L1_1,4,Lorient,Ligue 1,38,34,66,1,0,403,416,565,337,56,1684,326,1,8,1,410,394,0.509950248756219
L1_LYO_8,L1_1,1,Lyon,Ligue 1,29,38,66,10,3,484,439,710,408,63,2139,344,2,7,11,528,424,0.554621848739496
L1_LYO_8,L1_1,2,Lyon,Ligue 1,30,38,65,6,2,436,424,571,396,62,2129,367,3,8,6,470,409,0.534698521046644
L1_LYO_8,L1_1,3,Lyon,Ligue 1,29,38,61,3,1,500,453,649,481,57,2144,423,3,11,5,452,438,0.507865168539326
L1_LYO_8,L1_1,4,Lyon,Ligue 1,35,34,57,6,1,425,367,560,304,52,1715,331,1,6,4,396,367,0.519003931847969
L1_LYO_8,L1_1,5,Lyon,Ligue 1,31,34,60,0,0,407,357,598,282,71,1422,340,0,3,6,305,332,0.478806907378336
L1_MAR_9,L1_1,1,Marseille,Ligue 1,31,38,98,9,2,500,473,647,442,52,1898,391,1,3,3,552,534,0.50828729281768
L1_MAR_9,L1_1,2,Marseille,Ligue 1,27,38,61,3,1,347,459,619,327,60,1862,319,1,4,10,368,323,0.532561505065123
L1_MAR_9,L1_1,3,Marseille,Ligue 1,30,38,63,4,1,533,419,751,420,68,2291,404,3,5,3,491,484,0.503589743589744
L1_MAR_9,L1_1,4,Marseille,Ligue 1,33,34,61,5,2,374,426,713,332,69,1753,371,1,3,4,372,365,0.504748982360923
L1_MAR_9,L1_1,5,Marseille,Ligue 1,32,34,64,6,4,394,371,609,280,53,1485,358,2,6,5,312,249,0.556149732620321
L1_MET_10,L1_1,1,Metz,Ligue 1,27,38,84,4,1,516,474,659,572,50,2098,417,1,13,6,601,612,0.495465787304204
L1_MET_10,L1_1,2,Metz,Ligue 1,36,38,94,9,2,514,417,581,507,48,2092,442,2,5,1,527,529,0.49905303030303
L1_MET_10,L1_1,4,Metz,Ligue 1,30,34,54,3,0,419,374,563,348,45,1574,334,0,6,5,390,534,0.422077922077922
L1_MON_11,L1_1,1,Monaco,Ligue 1,30,38,78,7,2,486,470,746,436,70,2182,432,1,5,11,611,558,0.522668947818648
L1_MON_11,L1_1,2,Monaco,Ligue 1,27,38,85,4,3,496,408,705,424,94,2287,435,3,9,5,546,498,0.522988505747126
L1_MON_11,L1_1,3,Monaco,Ligue 1,27,38,64,5,3,488,411,661,426,84,2203,400,3,5,8,515,457,0.529835390946502
L1_MON_11,L1_1,4,Monaco,Ligue 1,30,34,79,8,4,481,400,517,394,73,1949,412,2,6,5,402,394,0.505025125628141
L1_MON_11,L1_1,5,Monaco,Ligue 1,28,34,60,4,2,462,444,563,357,69,1763,429,0,3,3,426,421,0.502951593860685
L1_MOP_12,L1_1,1,Montpellier,Ligue 1,25,38,65,7,0,513,452,807,420,48,1876,334,2,12,4,657,643,0.505384615384616
L1_MOP_12,L1_1,2,Montpellier,Ligue 1,27,38,77,8,4,411,465,697,356,53,2018,380,1,6,3,437,560,0.438314944834504
L1_MOP_12,L1_1,3,Montpellier,Ligue 1,31,38,68,10,1,488,523,673,404,71,2095,413,2,11,6,480,553,0.464666021297193
L1_MOP_12,L1_1,4,Montpellier,Ligue 1,31,34,68,4,0,432,447,601,308,55,1784,379,3,5,4,426,449,0.486857142857143
L1_MOP_12,L1_1,5,Montpellier,Ligue 1,35,34,87,7,2,427,438,646,273,65,1349,389,3,9,3,374,442,0.458333333333333
L1_NAN_13,L1_1,1,Nantes,Ligue 1,25,38,70,4,2,514,498,676,465,54,2063,384,1,12,8,671,700,0.489423778264041
L1_NAN_13,L1_1,2,Nantes,Ligue 1,26,38,80,4,2,500,372,731,415,55,2057,405,1,7,2,598,566,0.513745704467354
L1_NAN_13,L1_1,3,Nantes,Ligue 1,29,38,65,4,2,481,414,820,431,54,2075,431,4,9,3,592,598,0.497478991596639
L1_NAN_13,L1_1,4,Nantes,Ligue 1,35,34,67,3,0,448,375,627,332,51,1621,352,0,10,5,387,424,0.477188655980271
L1_NAN_13,L1_1,5,Nantes,Ligue 1,30,34,71,4,0,413,389,611,283,31,1289,376,3,8,3,426,439,0.492485549132948
L1_NIC_14,L1_1,1,Nice,Ligue 1,31,38,73,4,2,459,438,599,435,40,1965,364,0,7,6,391,419,0.482716049382716
L1_NIC_14,L1_1,2,Nice,Ligue 1,27,38,77,6,2,456,371,742,441,53,2064,369,0,5,6,526,471,0.527582748244734
L1_NIC_14,L1_1,3,Nice,Ligue 1,34,38,53,3,1,383,376,690,413,51,2143,467,0,5,5,392,365,0.517833553500661
L1_NIC_14,L1_1,4,Nice,Ligue 1,27,34,62,4,0,402,373,605,292,52,1707,308,1,8,7,374,360,0.509536784741144
L1_NIC_14,L1_1,5,Nice,Ligue 1,31,34,59,5,2,391,417,599,365,56,1608,399,1,3,5,427,402,0.515078407720145
L1_NÎM_15,L1_1,1,Nîmes,Ligue 1,33,38,60,5,2,424,533,617,501,50,1906,372,0,10,6,517,671,0.435185185185185
L1_PSG_16,L1_1,1,Paris S-G,Ligue 1,33,38,79,7,3,463,431,695,373,65,2052,385,1,2,11,355,300,0.541984732824428
L1_PSG_16,L1_1,2,Paris S-G,Ligue 1,36,38,79,4,1,357,416,459,303,93,1824,360,1,3,6,262,221,0.542443064182194
L1_PSG_16,L1_1,3,Paris S-G,Ligue 1,26,38,57,5,2,380,416,399,296,77,1938,362,1,5,5,245,201,0.54932735426009
L1_PSG_16,L1_1,4,Paris S-G,Ligue 1,29,34,51,3,1,353,362,513,268,53,1761,360,0,5,9,275,267,0.507380073800738
L1_PSG_16,L1_1,5,Paris S-G,Ligue 1,28,34,37,0,0,307,336,562,265,54,1654,386,1,3,6,262,214,0.550420168067227
L1_REI_17,L1_1,1,Reims,Ligue 1,29,38,77,8,1,442,414,539,487,61,1936,372,1,8,3,494,578,0.460820895522388
L1_REI_17,L1_1,2,Reims,Ligue 1,35,38,68,7,4,449,451,629,493,76,2074,365,0,7,5,453,495,0.477848101265823
L1_REI_17,L1_1,3,Reims,Ligue 1,34,38,70,9,2,507,423,707,397,85,2368,407,2,3,7,472,465,0.503735325506937
L1_REI_17,L1_1,4,Reims,Ligue 1,29,34,70,3,2,444,324,618,342,84,1825,392,1,7,4,395,390,0.503184713375796
L1_REI_17,L1_1,5,Reims,Ligue 1,34,34,66,6,2,392,372,611,289,59,1407,359,0,5,1,378,430,0.467821782178218
L1_REN_18,L1_1,1,Rennes,Ligue 1,32,38,79,5,0,502,486,764,361,34,2003,337,1,4,3,627,554,0.530906011854361
L1_REN_18,L1_1,2,Rennes,Ligue 1,28,38,56,2,1,434,377,698,315,59,1904,318,1,6,4,547,534,0.506012950971323
L1_REN_18,L1_1,3,Rennes,Ligue 1,32,38,58,6,2,465,379,564,341,54,2035,335,1,5,3,538,520,0.508506616257089
L1_REN_18,L1_1,4,Rennes,Ligue 1,29,34,66,4,0,424,438,554,328,36,1669,311,3,3,10,386,424,0.476543209876543
L1_REN_18,L1_1,5,Rennes,Ligue 1,35,34,67,2,0,445,382,580,337,48,1458,363,2,6,4,443,393,0.529904306220096
L1_SAI_19,L1_1,1,Saint-Étienne,Ligue 1,40,38,76,2,0,529,490,779,471,49,2119,428,2,9,5,611,624,0.494736842105263
L1_SAI_19,L1_1,2,Saint-Étienne,Ligue 1,39,38,81,5,1,464,441,697,452,51,2152,397,4,8,4,463,611,0.431098696461825
L1_SAI_19,L1_1,5,Saint-Étienne,Ligue 1,32,34,65,3,1,449,361,402,328,46,1428,382,2,15,4,342,386,0.46978021978022
L1_STR_20,L1_1,1,Strasbourg,Ligue 1,26,38,58,3,1,499,412,713,521,39,2036,396,1,8,7,691,658,0.512231282431431
L1_STR_20,L1_1,2,Strasbourg,Ligue 1,26,38,72,3,1,497,400,797,433,61,2092,392,1,4,6,654,521,0.556595744680851
L1_STR_20,L1_1,3,Strasbourg,Ligue 1,29,38,73,7,2,529,474,647,437,43,2132,409,0,11,6,677,573,0.5416
L1_STR_20,L1_1,4,Strasbourg,Ligue 1,30,34,59,2,1,462,413,554,347,35,1568,383,3,5,4,374,413,0.475222363405337
L1_STR_20,L1_1,5,Strasbourg,Ligue 1,30,34,71,3,1,393,417,496,282,48,1436,335,2,9,2,339,324,0.51131221719457
L1_TOU_25,L1_1,3,Toulouse,Ligue 1,29,38,62,3,3,473,413,660,409,74,2168,406,3,7,2,483,460,0.51219512195122
L1_TOU_25,L1_1,4,Toulouse,Ligue 1,26,34,77,1,1,501,448,526,294,50,1759,358,0,4,9,472,421,0.528555431131019
L1_TOU_25,L1_1,5,Toulouse,Ligue 1,27,34,54,3,0,441,415,580,281,46,1531,364,3,2,4,426,443,0.490218642117376
L1_TRO_22,L1_1,2,Troyes,Ligue 1,35,38,75,6,3,442,473,708,430,53,1987,351,2,10,7,417,460,0.475484606613455
L1_TRO_22,L1_1,3,Troyes,Ligue 1,32,38,55,5,1,402,404,517,398,57,1986,361,2,8,4,476,495,0.490216271884655
LL_ALA_1,LL_1,1,Alavés,La Liga,30,38,96,8,5,513,487,645,428,73,1737,292,0,3,5,831,602,0.57990230286113
LL_ALA_1,LL_1,2,Alavés,La Liga,33,38,93,4,3,529,455,758,376,72,1910,324,0,9,6,869,674,0.563188593648736
LL_ALA_1,LL_1,4,Alavés,La Liga,30,38,84,1,0,481,449,830,279,69,1807,347,2,8,7,574,625,0.478732276897414
LL_ALA_1,LL_1,5,Alavés,La Liga,29,38,107,5,2,623,476,798,309,77,1499,459,2,11,8,639,694,0.479369842460615
LL_ALM_24,LL_1,3,Almería,La Liga,29,38,98,4,2,443,401,605,322,83,1890,322,1,6,2,482,530,0.476284584980237
LL_ALM_24,LL_1,4,Almería,La Liga,35,38,93,6,4,478,493,659,313,75,1716,372,0,9,2,557,587,0.486888111888112
LL_ATM_3,LL_1,1,Atlético Madrid,La Liga,25,38,100,0,0,489,443,597,386,96,1951,367,3,4,6,530,482,0.523715415019763
LL_ATM_3,LL_1,2,Atlético Madrid,La Liga,26,38,111,7,3,473,503,703,365,85,2002,346,3,8,4,559,539,0.509107468123862
LL_ATM_3,LL_1,3,Atlético Madrid,La Liga,27,38,92,8,3,440,418,625,304,79,1977,408,0,5,0,445,399,0.527251184834123
LL_ATM_3,LL_1,4,Atlético Madrid,La Liga,27,38,89,5,3,438,447,621,256,123,1896,399,0,2,4,422,392,0.518427518427518
LL_ATM_3,LL_1,5,Atlético Madrid,La Liga,24,38,75,3,0,412,427,675,260,72,1563,375,2,5,4,445,420,0.514450867052023
LL_BAR_4,LL_1,1,Barcelona,La Liga,25,38,72,2,2,357,523,494,361,90,1937,293,2,5,6,395,317,0.554775280898876
LL_BAR_4,LL_1,2,Barcelona,La Liga,38,38,97,5,3,499,489,798,325,99,2066,331,0,3,6,454,410,0.525462962962963
LL_BAR_4,LL_1,3,Barcelona,La Liga,29,38,84,6,3,433,452,744,253,98,1995,324,3,3,0,467,359,0.565375302663438
LL_BAR_4,LL_1,4,Barcelona,La Liga,29,38,87,2,1,412,469,651,257,99,1789,363,0,2,6,453,399,0.53169014084507
LL_BAR_4,LL_1,5,Barcelona,La Liga,28,38,63,3,1,368,465,709,227,65,1673,332,0,4,8,380,339,0.528511821974965
LL_BET_5,LL_1,1,Betis,La Liga,25,38,93,8,4,521,483,586,452,65,1938,314,3,10,9,613,628,0.493956486704271
LL_BET_5,LL_1,2,Betis,La Liga,31,38,87,6,1,485,470,547,361,71,1908,392,2,3,4,505,511,0.497047244094488
LL_BET_5,LL_1,3,Betis,La Liga,30,38,83,15,3,414,535,514,364,74,1918,421,1,3,4,453,502,0.47434554973822
LL_BET_5,LL_1,4,Betis,La Liga,35,38,87,3,1,429,497,636,345,73,1921,440,3,8,1,479,500,0.489274770173647
LL_BET_5,LL_1,5,Betis,La Liga,36,38,75,4,0,433,524,627,356,56,1679,397,1,4,9,464,478,0.492569002123142
LL_BIL_2,LL_1,1,Athletic Club,La Liga,27,38,82,3,1,483,477,811,344,77,1836,269,1,6,5,656,601,0.521877486077963
LL_BIL_2,LL_1,2,Athletic Club,La Liga,26,38,90,4,3,487,483,798,339,89,2098,292,1,3,5,585,572,0.50561797752809
LL_BIL_2,LL_1,3,Athletic Club,La Liga,26,38,81,5,1,512,421,918,310,96,2194,369,3,3,3,532,487,0.522080471050049
LL_BIL_2,LL_1,4,Athletic Club,La Liga,27,38,80,5,3,511,428,845,278,78,2010,362,4,5,4,541,525,0.50750469043152
LL_BIL_2,LL_1,5,Athletic Club,La Liga,31,38,64,3,1,483,386,772,344,68,1735,345,1,5,5,496,514,0.491089108910891
LL_CAD_6,LL_1,1,Cádiz,La Liga,34,38,81,3,2,436,483,731,437,56,1809,317,1,10,3,687,753,0.477083333333333
LL_CAD_6,LL_1,2,Cádiz,La Liga,33,38,105,3,3,488,449,865,413,69,2077,380,0,13,5,601,693,0.464451313755796
LL_CAD_6,LL_1,3,Cádiz,La Liga,38,38,116,7,4,532,482,633,270,75,1953,410,0,10,2,606,651,0.482100238663484
LL_CAD_6,LL_1,4,Cádiz,La Liga,34,38,107,7,0,576,498,791,298,90,1831,398,1,2,2,632,673,0.484291187739464
LL_CEL_7,LL_1,1,Celta Vigo,La Liga,30,38,109,5,3,631,492,521,405,65,1988,368,1,8,7,609,669,0.476525821596244
LL_CEL_7,LL_1,2,Celta Vigo,La Liga,25,38,87,3,1,507,463,768,376,83,2144,409,2,8,3,603,696,0.464203233256351
LL_CEL_7,LL_1,3,Celta Vigo,La Liga,26,38,85,6,3,469,493,705,368,81,2031,413,1,8,2,458,539,0.45937813440321
LL_CEL_7,LL_1,4,Celta Vigo,La Liga,31,38,66,5,2,463,485,661,297,63,1908,382,3,8,4,522,548,0.48785046728972
LL_CEL_7,LL_1,5,Celta Vigo,La Liga,30,38,84,6,3,462,436,501,282,67,1532,340,2,4,6,375,439,0.460687960687961
LL_EIB_8,LL_1,1,Eibar,La Liga,30,38,71,3,2,494,387,1052,434,67,2179,309,0,5,4,908,917,0.497534246575342
LL_ELC_9,LL_1,1,Elche,La Liga,30,38,99,3,2,527,456,672,386,51,1811,335,1,10,1,488,539,0.475170399221032
LL_ELC_9,LL_1,2,Elche,La Liga,28,38,104,6,1,518,471,720,305,74,1982,325,0,10,1,527,515,0.505758157389635
LL_ELC_9,LL_1,3,Elche,La Liga,32,38,99,12,3,525,394,750,323,81,1924,363,2,10,4,484,465,0.510010537407798
LL_ESP_21,LL_1,2,Espanyol,La Liga,34,38,99,7,3,440,516,627,326,70,1736,338,2,5,3,447,574,0.437806072477963
LL_ESP_21,LL_1,3,Espanyol,La Liga,33,38,99,10,4,457,493,713,338,62,1791,379,2,6,3,647,596,0.520514883346742
LL_ESP_21,LL_1,5,Espanyol,La Liga,27,38,88,1,0,498,432,619,315,61,1364,397,1,6,5,493,504,0.494483450351053
LL_GET_10,LL_1,1,Getafe,La Liga,31,38,120,7,2,631,520,815,393,74,1943,352,3,8,3,840,946,0.470324748040314
LL_GET_10,LL_1,2,Getafe,La Liga,31,38,121,8,1,559,481,621,401,53,1924,360,1,4,1,721,717,0.501390820584145
LL_GET_10,LL_1,3,Getafe,La Liga,25,38,126,9,6,600,437,649,320,79,1871,339,2,8,3,714,697,0.506024096385542
LL_GET_10,LL_1,4,Getafe,La Liga,33,38,135,10,5,648,437,701,307,78,1773,364,0,7,3,657,692,0.48702742772424
LL_GET_10,LL_1,5,Getafe,La Liga,30,38,110,7,3,602,506,721,276,90,1436,393,0,9,3,771,738,0.510934393638171
LL_GIR_25,LL_1,3,Girona,La Liga,29,38,92,3,2,440,507,713,266,87,1836,321,0,8,7,428,435,0.495944380069525
LL_GIR_25,LL_1,4,Girona,La Liga,25,38,75,1,0,406,471,698,257,95,1808,340,0,7,7,373,390,0.488859764089122
LL_GIR_25,LL_1,5,Girona,La Liga,30,38,76,2,0,437,439,804,279,79,1443,348,1,6,4,321,344,0.482706766917293
LL_GRA_11,LL_1,1,Granada,La Liga,34,38,97,6,1,533,469,613,392,82,1800,279,1,12,4,675,851,0.442332896461337
LL_GRA_11,LL_1,2,Granada,La Liga,32,38,105,4,1,477,466,691,326,62,1867,343,2,9,2,602,743,0.447583643122677
LL_GRA_11,LL_1,4,Granada,La Liga,40,38,98,4,1,514,504,664,280,75,1708,374,2,6,5,484,540,0.47265625
LL_HUE_12,LL_1,1,Huesca,La Liga,27,38,69,2,1,528,518,824,437,101,1876,322,2,5,2,580,598,0.492359932088285
LL_LAP_26,LL_1,4,Las Palmas,La Liga,29,38,84,5,1,411,499,580,281,93,1846,397,3,9,3,395,489,0.44683257918552
LL_LAP_26,LL_1,5,Las Palmas,La Liga,34,38,110,4,2,452,462,674,321,59,1454,370,3,10,1,529,561,0.485321100917431
LL_LEG_27,LL_1,5,Leganés,La Liga,26,38,82,6,0,503,470,495,332,84,1500,384,3,8,7,472,614,0.434622467771639
LL_LEV_13,LL_1,1,Levante,La Liga,29,38,68,1,0,509,397,697,432,69,2023,283,2,4,5,455,522,0.465711361310133
LL_LEV_13,LL_1,2,Levante,La Liga,31,38,109,6,2,550,403,624,377,77,2054,305,0,6,6,441,492,0.472668810289389
LL_MAL_22,LL_1,2,Mallorca,La Liga,33,38,114,7,4,554,535,597,344,67,2007,332,4,8,6,651,703,0.480797636632201
LL_MAL_22,LL_1,3,Mallorca,La Liga,31,38,120,5,0,611,457,635,318,77,1833,344,0,7,4,674,629,0.51726784343822
LL_MAL_22,LL_1,4,Mallorca,La Liga,25,38,105,4,2,567,412,763,365,104,1816,388,1,5,2,773,686,0.529814941740918
LL_MAL_22,LL_1,5,Mallorca,La Liga,28,38,81,6,1,466,432,735,326,78,1523,361,1,3,4,672,609,0.524590163934426
LL_OSA_14,LL_1,1,Osasuna,La Liga,28,38,80,5,3,535,407,700,392,67,2071,281,2,8,3,996,806,0.552719200887902
LL_OSA_14,LL_1,2,Osasuna,La Liga,29,38,84,2,1,498,391,864,368,66,2118,331,2,7,3,808,743,0.520954223081883
LL_OSA_14,LL_1,3,Osasuna,La Liga,26,38,93,7,1,544,410,794,315,60,1930,328,2,4,5,613,628,0.493956486704271
LL_OSA_14,LL_1,4,Osasuna,La Liga,29,38,78,5,1,518,392,813,263,68,1802,311,0,2,4,750,655,0.533807829181495
LL_OSA_14,LL_1,5,Osasuna,La Liga,25,38,88,0,0,508,379,819,266,66,1461,365,1,7,9,617,515,0.545053003533569
LL_RAY_23,LL_1,2,Rayo Vallecano,La Liga,28,38,101,3,1,537,511,862,365,83,2110,359,1,9,4,652,655,0.49885233358837
LL_RAY_23,LL_1,3,Rayo Vallecano,La Liga,28,38,90,6,2,544,490,832,309,98,2085,393,4,5,2,437,527,0.453319502074689
LL_RAY_23,LL_1,4,Rayo Vallecano,La Liga,26,38,108,5,3,563,518,688,308,96,1908,372,2,2,3,506,578,0.466789667896679
LL_RAY_23,LL_1,5,Rayo Vallecano,La Liga,26,38,96,3,0,522,391,769,334,79,1688,396,1,8,1,485,540,0.473170731707317
LL_RMA_15,LL_1,1,Real Madrid,La Liga,30,38,59,2,1,407,474,771,398,86,1901,318,1,8,2,444,381,0.538181818181818
LL_RMA_15,LL_1,2,Real Madrid,La Liga,31,38,76,0,0,394,474,611,334,106,1941,345,0,5,10,397,319,0.554469273743017
LL_RMA_15,LL_1,3,Real Madrid,La Liga,26,38,72,3,2,367,530,574,296,89,1843,353,1,5,8,339,231,0.594736842105263
LL_RMA_15,LL_1,4,Real Madrid,La Liga,27,38,69,4,1,368,523,618,296,79,1766,368,1,1,3,329,272,0.547420965058236
LL_RMA_15,LL_1,5,Real Madrid,La Liga,30,38,57,4,0,332,518,578,331,85,1541,359,1,3,11,334,267,0.555740432612313
LL_RSC_16,LL_1,1,Real Sociedad,La Liga,30,38,81,1,0,566,459,712,315,86,1941,322,1,5,8,663,669,0.497747747747748
LL_RSC_16,LL_1,2,Real Sociedad,La Liga,32,38,77,4,1,491,465,638,348,76,2012,339,0,6,8,678,597,0.531764705882353
LL_RSC_16,LL_1,3,Real Sociedad,La Liga,30,38,90,2,0,621,452,538,271,91,2018,395,2,2,4,664,557,0.543816543816544
LL_RSC_16,LL_1,4,Real Sociedad,La Liga,31,38,98,2,0,604,442,672,253,92,1816,405,1,7,1,759,714,0.515274949083503
LL_RSC_16,LL_1,5,Real Sociedad,La Liga,31,38,85,4,0,501,417,740,283,82,1569,401,0,7,3,578,606,0.488175675675676
LL_SEV_17,LL_1,1,Sevilla,La Liga,26,38,79,2,2,491,488,731,362,69,1944,297,2,6,4,615,534,0.535248041775457
LL_SEV_17,LL_1,2,Sevilla,La Liga,33,38,97,4,2,462,462,787,270,80,2064,302,0,4,3,595,561,0.514705882352941
LL_SEV_17,LL_1,3,Sevilla,La Liga,35,38,121,13,4,474,460,827,339,106,1973,367,3,3,4,497,475,0.511316872427984
LL_SEV_17,LL_1,4,Sevilla,La Liga,35,38,108,4,0,477,443,934,313,77,1901,463,2,5,1,610,525,0.537444933920705
LL_SEV_17,LL_1,5,Sevilla,La Liga,35,38,98,8,3,494,402,612,367,70,1551,390,1,6,1,531,442,0.545734840698869
LL_VAL_18,LL_1,1,Valencia,La Liga,30,38,82,5,3,459,525,613,392,90,1832,277,2,8,6,602,575,0.511469838572642
LL_VAL_18,LL_1,2,Valencia,La Liga,34,38,134,8,6,641,586,765,339,52,2079,364,3,8,8,564,599,0.484952708512468
LL_VAL_18,LL_1,3,Valencia,La Liga,28,38,93,8,3,504,510,924,288,80,2015,428,2,5,6,492,561,0.467236467236467
LL_VAL_18,LL_1,4,Valencia,La Liga,29,38,64,5,2,481,475,593,324,69,1863,379,2,6,7,485,628,0.435759209344115
LL_VAL_18,LL_1,5,Valencia,La Liga,32,38,86,1,0,442,446,763,302,72,1550,415,3,9,4,449,540,0.453993933265925
LL_VLD_19,LL_1,1,Valladolid,La Liga,32,38,93,4,0,510,510,744,431,75,1922,321,0,7,8,628,818,0.434301521438451
LL_VLD_19,LL_1,3,Valladolid,La Liga,36,38,94,6,2,460,516,683,345,98,1966,396,1,10,4,471,617,0.432904411764706
LL_VLD_19,LL_1,5,Valladolid,La Liga,38,38,91,5,2,459,486,671,311,67,1355,357,1,7,3,544,524,0.50936329588015
LL_VLR_20,LL_1,1,Villarreal,La Liga,29,38,67,5,1,449,465,579,371,88,1878,313,2,9,7,489,496,0.496446700507614
LL_VLR_20,LL_1,2,Villarreal,La Liga,29,38,81,1,1,472,459,574,329,91,1946,312,1,5,3,491,437,0.529094827586207
LL_VLR_20,LL_1,3,Villarreal,La Liga,32,38,91,4,2,450,482,520,262,87,1819,370,1,4,5,357,375,0.487704918032787
LL_VLR_20,LL_1,4,Villarreal,La Liga,32,38,110,8,4,488,462,592,304,92,1697,348,1,6,5,474,357,0.570397111913357
LL_VLR_20,LL_1,5,Villarreal,La Liga,31,38,96,4,1,442,463,674,281,77,1547,396,1,8,6,492,399,0.552188552188552
PL_ARS_1,PL_1,1,Arsenal,Premier League,29,38,49,5,1,346,400,751,351,61,1838,252,4,3,5,504,594,0.459016393442623
PL_ARS_1,PL_1,2,Arsenal,Premier League,27,38,67,4,3,365,357,633,296,66,1861,311,1,6,6,463,572,0.447342995169082
PL_ARS_1,PL_1,3,Arsenal,Premier League,26,38,51,0,0,373,435,674,237,56,1984,343,1,5,3,486,559,0.465071770334928
PL_ARS_1,PL_1,4,Arsenal,Premier League,25,38,64,2,1,391,394,670,292,87,1752,348,1,3,9,503,499,0.501996007984032
PL_ARS_1,PL_1,5,Arsenal,Premier League,25,38,70,6,3,401,405,766,225,80,1436,348,0,3,2,471,465,0.503205128205128
PL_AST_2,PL_1,1,Aston Villa,Premier League,24,38,71,4,4,439,553,779,387,71,1906,282,1,6,6,728,665,0.522613065326633
PL_AST_2,PL_1,2,Aston Villa,Premier League,31,38,81,2,1,401,504,670,339,52,1850,382,2,6,2,538,561,0.489535941765241
PL_AST_2,PL_1,3,Aston Villa,Premier League,26,38,80,1,0,417,498,561,324,58,1847,338,4,6,4,442,465,0.487320837927233
PL_AST_2,PL_1,4,Aston Villa,Premier League,31,38,94,2,0,412,473,651,236,47,1619,311,4,2,4,334,363,0.479196556671449
PL_AST_2,PL_1,5,Aston Villa,Premier League,28,38,76,4,2,406,499,604,240,55,1418,372,0,3,6,378,423,0.471910112359551
PL_BOU_3,PL_1,3,Bournemouth,Premier League,31,38,68,0,0,391,365,509,353,38,1942,371,3,7,0,521,539,0.491509433962264
PL_BOU_3,PL_1,4,Bournemouth,Premier League,30,38,79,3,0,507,376,709,357,56,2013,410,1,7,3,582,671,0.464485235434956
PL_BOU_3,PL_1,5,Bournemouth,Premier League,29,38,97,3,0,525,400,832,351,70,1821,399,0,4,7,573,606,0.486005089058524
PL_BRE_4,PL_1,2,Brentford,Premier League,29,38,65,3,2,371,363,640,393,66,2061,342,2,5,6,717,728,0.496193771626298
PL_BRE_4,PL_1,3,Brentford,Premier League,25,38,57,1,1,354,399,661,341,72,1959,338,3,2,7,664,617,0.518345042935207
PL_BRE_4,PL_1,4,Brentford,Premier League,28,38,89,2,0,385,419,706,378,70,1892,399,0,2,3,632,607,0.510088781275222
PL_BRE_4,PL_1,5,Brentford,Premier League,28,38,62,1,0,320,339,674,285,63,1644,380,3,1,6,624,567,0.523929471032746
PL_BRI_5,PL_1,1,Brighton,Premier League,27,38,49,6,2,428,357,686,425,52,2040,334,2,7,7,531,574,0.480542986425339
PL_BRI_5,PL_1,2,Brighton,Premier League,26,38,72,2,0,393,355,728,358,53,2154,403,0,4,4,569,498,0.533270852858482
PL_BRI_5,PL_1,3,Brighton,Premier League,29,38,58,0,0,427,407,694,303,70,2013,340,6,8,4,444,387,0.534296028880866
PL_BRI_5,PL_1,4,Brighton,Premier League,30,38,90,3,0,414,454,671,288,84,1751,366,2,6,6,406,345,0.540612516644474
PL_BRI_5,PL_1,5,Brighton,Premier League,32,38,78,3,2,438,411,704,315,46,1624,431,2,9,6,518,463,0.528032619775739
PL_BUR_21,PL_1,1,Burnley,Premier League,25,38,48,0,0,384,389,772,416,80,2000,293,1,3,3,874,854,0.505787037037037
PL_BUR_21,PL_1,2,Burnley,Premier League,23,38,68,2,0,394,332,747,410,101,2027,324,2,5,2,827,733,0.530128205128205
PL_BUR_21,PL_1,4,Burnley,Premier League,31,38,77,7,3,429,353,550,280,76,1727,342,3,7,3,561,696,0.446300715990453
PL_CHE_6,PL_1,1,Chelsea,Premier League,27,38,51,3,1,433,364,749,382,79,1999,341,1,4,10,569,515,0.524907749077491
PL_CHE_6,PL_1,2,Chelsea,Premier League,26,38,63,1,0,409,392,745,347,69,2084,348,1,6,8,538,486,0.525390625
PL_CHE_6,PL_1,3,Chelsea,Premier League,32,38,81,3,2,397,462,693,341,74,2024,445,3,1,3,493,453,0.521141649048626
PL_CHE_6,PL_1,4,Chelsea,Premier League,32,38,109,4,2,446,451,558,298,85,1846,376,3,5,11,440,402,0.522565320665083
PL_CHE_6,PL_1,5,Chelsea,Premier League,29,38,101,2,1,436,444,663,272,65,1577,371,0,6,5,402,390,0.507575757575758
PL_CRY_7,PL_1,1,Crystal Palace,Premier League,24,38,56,2,1,409,436,533,396,67,1923,366,0,4,2,685,658,0.510052122114669
PL_CRY_7,PL_1,2,Crystal Palace,Premier League,24,38,69,1,1,414,481,643,333,63,2103,374,2,4,6,610,618,0.496742671009772
PL_CRY_7,PL_1,3,Crystal Palace,Premier League,26,38,82,3,2,446,479,591,359,58,2093,421,3,4,2,496,578,0.461824953445065
PL_CRY_7,PL_1,4,Crystal Palace,Premier League,26,38,73,2,2,457,427,583,323,72,1909,464,2,3,4,553,555,0.499097472924188
PL_CRY_7,PL_1,5,Crystal Palace,Premier League,29,38,80,4,3,417,403,605,334,74,1698,450,3,2,4,511,636,0.445510026155187
PL_EVE_8,PL_1,1,Everton,Premier League,29,38,59,2,0,386,392,662,392,65,2030,381,1,4,4,665,486,0.577758470894874
PL_EVE_8,PL_1,2,Everton,Premier League,33,38,82,6,2,368,388,653,365,53,2023,402,5,2,7,634,725,0.466519499632082
PL_EVE_8,PL_1,3,Everton,Premier League,28,38,81,2,1,396,382,704,390,64,2049,424,0,6,3,582,613,0.487029288702929
PL_EVE_8,PL_1,4,Everton,Premier League,26,38,82,1,1,457,361,752,358,89,1970,442,3,8,2,676,577,0.53950518754988
PL_EVE_8,PL_1,5,Everton,Premier League,26,38,82,2,1,430,384,682,345,81,1524,433,0,2,1,614,564,0.521222410865874
PL_FUL_9,PL_1,1,Fulham,Premier League,28,38,67,3,0,484,372,710,437,43,2010,329,1,7,5,649,625,0.509419152276295
PL_FUL_9,PL_1,3,Fulham,Premier League,29,38,80,1,0,411,405,769,340,60,1979,350,2,8,8,511,550,0.481621112158341
PL_FUL_9,PL_1,4,Fulham,Premier League,25,38,84,4,3,384,364,736,371,51,1837,384,4,8,2,487,509,0.488955823293173
PL_FUL_9,PL_1,5,Fulham,Premier League,26,38,80,2,0,432,359,894,302,43,1610,411,2,4,3,533,532,0.500469483568075
PL_IPS_10,PL_1,5,Ipswich Town,Premier League,32,38,93,5,4,430,404,505,303,52,1437,340,2,6,2,552,533,0.508755760368664
PL_LEE_24,PL_1,1,Leeds United,Premier League,23,38,61,1,0,432,410,786,397,76,2160,417,2,9,3,538,605,0.470691163604549
PL_LEE_24,PL_1,2,Leeds United,Premier League,29,38,101,3,0,469,368,648,395,63,2260,437,1,5,4,470,626,0.428832116788321
PL_LEE_24,PL_1,3,Leeds United,Premier League,29,38,89,3,2,467,405,653,392,60,2206,480,1,6,2,586,607,0.491198658843252
PL_LEI_11,PL_1,1,Leicester City,Premier League,27,38,61,0,0,413,421,649,438,71,2111,403,2,4,11,600,590,0.504201680672269
PL_LEI_11,PL_1,2,Leicester City,Premier League,28,38,55,1,0,356,396,556,367,60,2015,384,1,9,1,530,553,0.48938134810711
PL_LEI_11,PL_1,3,Leicester City,Premier League,28,38,63,2,2,410,397,496,367,83,2013,412,5,5,5,512,558,0.478504672897196
PL_LEI_11,PL_1,5,Leicester City,Premier League,32,38,87,0,0,420,393,621,327,63,1478,431,3,4,3,503,579,0.464879852125693
PL_LIV_12,PL_1,1,Liverpool,Premier League,28,38,40,0,0,396,316,862,347,65,2202,303,0,8,4,537,572,0.484220018034265
PL_LIV_12,PL_1,2,Liverpool,Premier League,27,38,50,1,0,363,286,897,340,63,2265,320,1,0,5,571,467,0.55009633911368
PL_LIV_12,PL_1,3,Liverpool,Premier League,28,38,57,1,0,405,321,799,333,84,2211,370,2,4,3,482,455,0.514407684098186
PL_LIV_12,PL_1,4,Liverpool,Premier League,30,38,69,5,2,463,376,817,292,100,2034,418,2,1,8,583,441,0.5693359375
PL_LIV_12,PL_1,5,Liverpool,Premier League,24,38,67,3,1,430,359,729,299,60,1621,391,2,2,6,406,368,0.524547803617571
PL_LUT_22,PL_1,4,Luton Town,Premier League,28,38,71,0,0,443,448,841,325,67,1868,368,4,4,2,635,631,0.501579778830964
PL_MCI_13,PL_1,1,Manchester City,Premier League,24,38,46,2,0,361,372,632,319,57,1946,271,1,10,7,479,417,0.534598214285714
PL_MCI_13,PL_1,2,Manchester City,Premier League,26,38,42,1,0,321,330,869,279,66,1967,284,0,1,7,482,397,0.54835039817975
PL_MCI_13,PL_1,3,Manchester City,Premier League,24,38,44,1,0,347,384,742,223,51,1866,272,1,3,9,438,364,0.546134663341646
PL_MCI_13,PL_1,4,Manchester City,Premier League,25,38,53,2,1,289,410,700,233,42,1734,305,1,3,8,325,288,0.530179445350734
PL_MCI_13,PL_1,5,Manchester City,Premier League,30,38,59,2,1,287,382,659,229,45,1437,299,2,4,4,310,334,0.481366459627329
PL_MUN_14,PL_1,1,Manchester Utd,Premier League,29,38,64,1,0,452,400,640,386,76,2124,311,2,4,9,546,413,0.569343065693431
PL_MUN_14,PL_1,2,Manchester Utd,Premier League,29,38,77,2,1,396,320,659,340,88,2071,358,3,5,3,555,443,0.556112224448898
PL_MUN_14,PL_1,3,Manchester Utd,Premier League,26,38,78,2,0,424,297,517,352,79,2190,400,1,3,2,465,434,0.517241379310345
PL_MUN_14,PL_1,4,Manchester Utd,Premier League,31,38,83,1,1,401,340,594,313,91,1851,409,1,7,6,436,450,0.492099322799097
PL_MUN_14,PL_1,5,Manchester Utd,Premier League,31,38,86,3,1,403,371,630,358,69,1736,493,2,4,4,486,488,0.498973305954826
PL_NEW_15,PL_1,1,Newcastle Utd,Premier League,27,38,65,3,2,388,420,652,362,58,1770,268,3,5,6,634,655,0.491854150504267
PL_NEW_15,PL_1,2,Newcastle Utd,Premier League,29,38,81,2,1,392,366,592,360,71,1835,383,2,6,1,677,619,0.522376543209877
PL_NEW_15,PL_1,3,Newcastle Utd,Premier League,27,38,61,1,0,406,399,740,333,71,2065,360,2,5,2,552,426,0.56441717791411
PL_NEW_15,PL_1,4,Newcastle Utd,Premier League,32,38,79,1,1,386,469,648,285,59,1836,391,1,5,9,453,418,0.520091848450057
PL_NEW_15,PL_1,5,Newcastle Utd,Premier League,24,38,68,1,0,394,450,705,270,71,1632,371,2,2,4,487,466,0.511017838405037
PL_NOR_25,PL_1,2,Norwich City,Premier League,28,38,57,1,1,356,431,568,381,55,1887,368,2,12,2,493,598,0.451879010082493
PL_NOT_16,PL_1,3,Nott'ham Forest,Premier League,33,38,84,0,0,445,390,530,349,67,1902,387,0,9,3,560,600,0.482758620689655
PL_NOT_16,PL_1,4,Nott'ham Forest,Premier League,33,38,82,3,2,428,371,595,331,77,1807,430,2,4,1,584,557,0.511831726555653
PL_NOT_16,PL_1,5,Nott'ham Forest,Premier League,23,38,90,2,2,401,419,621,322,91,1588,419,0,3,3,570,559,0.504871567759079
PL_SHE_23,PL_1,1,Sheffield Utd,Premier League,27,38,73,3,0,459,293,666,351,73,1802,356,3,4,3,718,798,0.473614775725594
PL_SHE_23,PL_1,4,Sheffield Utd,Premier League,35,38,101,5,3,423,318,428,348,64,1637,405,7,7,3,586,694,0.4578125
PL_SOU_17,PL_1,1,Southampton,Premier League,29,38,52,3,0,428,421,554,401,76,2010,419,1,9,4,527,713,0.425
PL_SOU_17,PL_1,2,Southampton,Premier League,25,38,65,2,1,402,363,711,446,42,2224,340,2,2,4,672,726,0.48068669527897
PL_SOU_17,PL_1,3,Southampton,Premier League,36,38,73,0,0,430,378,613,427,57,2130,426,5,3,3,551,611,0.474182444061962
PL_SOU_17,PL_1,5,Southampton,Premier League,36,38,89,3,0,459,421,548,305,49,1440,378,0,9,2,468,421,0.526434195725534
PL_TOT_18,PL_1,1,Tottenham,Premier League,24,38,57,2,2,440,468,526,342,45,1951,361,3,10,5,618,647,0.488537549407115
PL_TOT_18,PL_1,2,Tottenham,Premier League,25,38,69,1,1,386,406,632,355,62,1893,349,1,2,3,560,500,0.528301886792453
PL_TOT_18,PL_1,3,Tottenham,Premier League,29,38,77,3,1,424,353,719,340,67,1984,353,1,4,5,549,474,0.536656891495601
PL_TOT_18,PL_1,4,Tottenham,Premier League,29,38,92,4,2,425,510,710,355,83,1907,451,3,7,2,359,388,0.480589022757697
PL_TOT_18,PL_1,5,Tottenham,Premier League,31,38,72,1,1,446,483,752,322,63,1659,414,4,3,4,422,437,0.491268917345751
PL_WAT_26,PL_1,2,Watford,Premier League,30,38,63,3,3,442,352,610,444,53,2154,356,3,7,2,711,749,0.486986301369863
PL_WES_19,PL_1,1,West Ham,Premier League,24,38,50,3,1,375,354,775,437,74,2005,280,4,5,3,738,677,0.521554770318021
PL_WES_19,PL_1,2,West Ham,Premier League,25,38,52,3,2,323,276,802,374,59,1970,301,2,6,3,639,628,0.504340962904499
PL_WES_19,PL_1,3,West Ham,Premier League,25,38,44,0,0,362,316,768,408,62,2023,336,1,6,6,620,587,0.513670256835128
PL_WES_19,PL_1,4,West Ham,Premier League,26,38,82,3,3,390,392,661,361,71,1817,426,4,10,4,576,570,0.50261780104712
PL_WES_19,PL_1,5,West Ham,Premier League,27,38,82,3,2,443,397,613,331,73,1558,388,3,3,2,587,560,0.51176983435048
PL_WES_27,PL_1,1,West Brom,Premier League,30,38,51,4,0,404,412,604,435,75,1963,328,3,11,4,709,771,0.479054054054054
PL_WOL_20,PL_1,1,Wolves,Premier League,27,38,55,1,1,426,383,775,432,37,1899,335,3,8,3,576,596,0.491467576791809
PL_WOL_20,PL_1,2,Wolves,Premier League,26,38,62,2,2,366,335,587,389,61,2104,377,1,10,1,461,490,0.484752891692955
PL_WOL_20,PL_1,3,Wolves,Premier League,32,38,85,6,1,463,389,661,279,62,2052,370,1,4,1,465,542,0.461767626613704
PL_WOL_20,PL_1,4,Wolves,Premier League,27,38,102,4,2,476,405,578,284,78,1885,430,1,8,4,441,491,0.473175965665236
PL_WOL_20,PL_1,5,Wolves,Premier League,32,38,79,2,2,480,425,568,298,62,1659,471,3,9,0,451,475,0.487041036717063
SA_ATL_1,SA_1,1,Atalanta,Serie A,30,38,67,3,1,580,473,657,516,56,2472,343,1,8,5,633,506,0.555750658472344
SA_ATL_1,SA_1,2,Atalanta,Serie A,32,38,87,2,1,513,454,661,441,68,2292,341,3,6,3,685,518,0.569409808811305
SA_ATL_1,SA_1,3,Atalanta,Serie A,27,38,83,3,1,470,385,652,421,58,2234,364,2,3,6,575,483,0.543478260869565
SA_ATL_1,SA_1,4,Atalanta,Serie A,29,38,76,1,1,486,367,710,340,63,2023,369,1,9,4,627,491,0.5608228980322
SA_ATL_1,SA_1,5,Atalanta,Serie A,32,38,67,1,1,435,393,778,296,54,1732,347,2,2,5,585,490,0.544186046511628
SA_BEE_2,SA_1,1,Benevento,Serie A,29,38,95,5,2,496,593,645,383,61,1749,288,6,5,7,496,615,0.446444644464446
SA_BOL_3,SA_1,1,Bologna,Serie A,37,38,82,4,2,536,476,669,424,73,2016,313,2,9,3,564,594,0.487046632124352
SA_BOL_3,SA_1,2,Bologna,Serie A,36,38,92,7,4,443,497,601,370,56,1972,298,2,9,3,492,520,0.486166007905138
SA_BOL_3,SA_1,3,Bologna,Serie A,27,38,84,3,2,477,426,558,302,77,2080,373,3,9,5,369,447,0.452205882352941
SA_BOL_3,SA_1,4,Bologna,Serie A,28,38,85,2,2,458,456,510,258,55,1769,385,1,7,3,416,413,0.501809408926417
SA_BOL_3,SA_1,5,Bologna,Serie A,30,38,61,4,1,537,604,756,258,63,1516,346,2,3,6,579,616,0.484518828451883
SA_CAL_4,SA_1,1,Cagliari,Serie A,32,38,77,3,2,516,469,721,388,57,1854,336,0,5,4,637,602,0.514124293785311
SA_CAL_4,SA_1,2,Cagliari,Serie A,33,38,96,5,3,549,490,675,397,70,1995,303,1,10,3,696,742,0.484005563282337
SA_CAL_4,SA_1,4,Cagliari,Serie A,29,38,77,4,2,464,418,852,265,64,1774,315,3,5,3,571,613,0.482263513513514
SA_CAL_4,SA_1,5,Cagliari,Serie A,28,38,68,3,3,500,397,758,276,65,1522,303,0,6,2,606,600,0.502487562189055
SA_COO_28,SA_1,5,Como,Serie A,38,38,87,7,3,503,518,568,279,65,1547,412,0,7,1,472,487,0.492179353493222
SA_CRM_24,SA_1,3,Cremonese,Serie A,33,38,81,3,0,458,407,659,393,68,2059,400,1,5,5,562,730,0.434984520123839
SA_CRT_5,SA_1,1,Crotone,Serie A,31,38,89,4,2,531,490,544,380,57,1936,311,2,5,7,472,534,0.469184890656064
SA_EMP_21,SA_1,2,Empoli,Serie A,28,38,87,5,3,506,463,704,352,83,1998,327,6,10,6,427,549,0.4375
SA_EMP_21,SA_1,3,Empoli,Serie A,32,38,88,7,3,441,459,611,280,54,1815,364,1,6,2,434,519,0.455403987408185
SA_EMP_21,SA_1,4,Empoli,Serie A,34,38,88,1,1,524,514,672,263,82,1623,378,1,8,4,509,628,0.447669305189094
SA_EMP_21,SA_1,5,Empoli,Serie A,34,38,68,5,2,570,459,620,323,57,1480,396,1,3,3,577,710,0.448329448329448
SA_FIR_6,SA_1,1,Fiorentina,Serie A,30,38,86,5,0,523,523,740,388,61,1817,263,2,11,4,538,544,0.497227356746765
SA_FIR_6,SA_1,2,Fiorentina,Serie A,28,38,89,8,6,464,565,776,244,57,1885,301,2,5,8,469,456,0.507027027027027
SA_FIR_6,SA_1,3,Fiorentina,Serie A,30,38,93,3,2,488,511,880,260,56,2016,337,2,8,3,588,517,0.532126696832579
SA_FIR_6,SA_1,4,Fiorentina,Serie A,30,38,80,0,0,459,450,748,236,57,1720,320,0,9,6,626,603,0.509357200976404
SA_FIR_6,SA_1,5,Fiorentina,Serie A,34,38,82,3,2,440,550,588,275,88,1436,313,1,3,6,508,487,0.510552763819095
SA_FRS_27,SA_1,4,Frosinone,Serie A,34,38,68,2,1,388,442,524,241,48,1780,322,2,8,8,518,602,0.4625
SA_GEO_7,SA_1,1,Genoa,Serie A,34,38,87,2,1,520,466,579,519,79,2013,309,2,7,2,504,643,0.439407149084568
SA_GEO_7,SA_1,2,Genoa,Serie A,40,38,92,3,2,566,499,661,449,72,2228,416,2,5,4,635,743,0.460812772133527
SA_GEO_7,SA_1,4,Genoa,Serie A,34,38,79,3,3,450,406,610,332,47,1643,352,1,4,3,610,543,0.529054640069384
SA_GEO_7,SA_1,5,Genoa,Serie A,37,38,71,1,0,497,448,663,308,55,1481,385,3,8,1,666,696,0.488986784140969
SA_HEL_8,SA_1,1,Hellas Verona,Serie A,32,38,91,1,0,622,520,732,492,108,2214,269,2,7,3,749,832,0.473750790638836
SA_HEL_8,SA_1,2,Hellas Verona,Serie A,31,38,100,7,5,560,429,593,392,97,2413,308,2,4,6,689,733,0.484528832630098
SA_HEL_8,SA_1,3,Hellas Verona,Serie A,36,38,103,3,0,540,383,652,337,74,2238,357,3,2,1,810,735,0.524271844660194
SA_HEL_8,SA_1,4,Hellas Verona,Serie A,36,38,88,6,2,541,447,724,302,61,1842,387,1,2,4,750,644,0.538020086083214
SA_HEL_8,SA_1,5,Hellas Verona,Serie A,32,38,98,9,5,579,352,562,329,55,1427,434,1,4,1,671,699,0.48978102189781
SA_INT_9,SA_1,1,Inter,Serie A,25,38,61,2,1,472,426,702,371,65,1814,286,1,7,6,439,428,0.506343713956171
SA_INT_9,SA_1,2,Inter,Serie A,27,38,71,0,0,466,412,809,332,57,2004,332,1,4,7,549,476,0.535609756097561
SA_INT_9,SA_1,3,Inter,Serie A,25,38,65,3,2,444,406,885,315,68,1948,325,3,3,4,500,415,0.546448087431694
SA_INT_9,SA_1,4,Inter,Serie A,27,38,46,1,0,405,408,804,280,77,1602,321,0,4,11,535,370,0.591160220994475
SA_INT_9,SA_1,5,Inter,Serie A,26,38,56,1,1,417,405,751,227,90,1440,288,1,4,6,604,419,0.590420332355816
SA_JUV_10,SA_1,1,Juventus,Serie A,30,38,80,6,2,505,470,754,458,93,1941,323,2,9,8,426,378,0.529850746268657
SA_JUV_10,SA_1,2,Juventus,Serie A,32,38,77,2,1,508,503,550,332,74,2008,316,1,7,5,550,440,0.555555555555556
SA_JUV_10,SA_1,3,Juventus,Serie A,29,38,74,6,1,456,409,731,307,62,1951,352,0,5,6,486,477,0.504672897196262
SA_JUV_10,SA_1,4,Juventus,Serie A,31,38,87,2,1,478,376,708,253,72,1656,369,2,3,3,486,434,0.528260869565217
SA_JUV_10,SA_1,5,Juventus,Serie A,29,38,67,3,1,480,378,630,215,52,1516,353,0,5,3,458,461,0.498367791077258
SA_LAZ_11,SA_1,1,Lazio,Serie A,30,38,107,5,3,498,427,744,445,87,2132,346,2,10,8,539,510,0.513822688274547
SA_LAZ_11,SA_1,2,Lazio,Serie A,27,38,88,5,3,441,450,574,315,44,1941,339,1,6,6,411,427,0.490453460620525
SA_LAZ_11,SA_1,3,Lazio,Serie A,24,38,87,2,0,400,471,483,310,54,1979,349,1,2,6,399,381,0.511538461538462
SA_LAZ_11,SA_1,4,Lazio,Serie A,22,38,101,5,2,473,435,624,295,72,1764,348,0,3,3,399,453,0.46830985915493
SA_LAZ_11,SA_1,5,Lazio,Serie A,27,38,93,7,3,425,484,864,295,46,1439,319,2,4,4,473,491,0.490663900414938
SA_LEC_25,SA_1,3,Lecce,Serie A,29,38,86,2,1,553,439,709,368,68,2120,427,3,6,4,567,728,0.437837837837838
SA_LEC_25,SA_1,4,Lecce,Serie A,26,38,89,5,2,504,481,650,308,56,1779,374,1,6,4,548,616,0.470790378006873
SA_LEC_25,SA_1,5,Lecce,Serie A,31,38,61,7,1,466,427,628,285,52,1484,372,3,10,2,676,651,0.509419743782969
SA_MIL_12,SA_1,1,Milan,Serie A,29,38,83,4,1,513,474,688,382,92,2069,357,1,5,15,567,539,0.512658227848101
SA_MIL_12,SA_1,2,Milan,Serie A,28,38,76,3,1,465,513,672,355,80,2167,421,2,5,5,521,517,0.501926782273603
SA_MIL_12,SA_1,3,Milan,Serie A,30,38,90,2,2,449,438,671,289,61,2051,422,1,5,3,561,478,0.539942252165544
SA_MIL_12,SA_1,4,Milan,Serie A,35,38,82,8,2,429,410,660,252,57,1616,333,1,8,6,432,410,0.513064133016627
SA_MIL_12,SA_1,5,Milan,Serie A,35,38,70,6,1,415,428,634,234,60,1397,349,3,2,7,434,391,0.526060606060606
SA_MON_26,SA_1,3,Monza,Serie A,31,38,90,4,1,489,495,596,334,69,1845,355,1,3,6,448,441,0.503937007874016
SA_MON_26,SA_1,4,Monza,Serie A,31,38,88,5,4,458,408,584,279,40,1468,334,0,9,2,442,462,0.488938053097345
SA_MON_26,SA_1,5,Monza,Serie A,36,38,90,3,2,512,529,656,305,54,1299,315,3,4,0,567,605,0.483788395904437
SA_NAP_13,SA_1,1,Napoli,Serie A,25,38,76,3,2,386,548,665,369,72,1923,345,1,5,7,414,404,0.506112469437653
SA_NAP_13,SA_1,2,Napoli,Serie A,27,38,63,2,0,460,482,553,296,67,1981,327,1,1,9,393,403,0.493718592964824
SA_NAP_13,SA_1,3,Napoli,Serie A,27,38,47,1,0,389,468,681,287,60,2027,313,0,2,8,483,403,0.545146726862302
SA_NAP_13,SA_1,4,Napoli,Serie A,29,38,77,5,3,381,451,737,241,71,1707,326,0,4,8,470,483,0.493179433368311
SA_NAP_13,SA_1,5,Napoli,Serie A,27,38,47,0,0,415,445,681,270,55,1435,323,2,4,4,530,460,0.535353535353535
SA_PAM_14,SA_1,1,Parma,Serie A,42,38,91,1,0,525,481,643,463,78,1803,317,3,3,4,630,474,0.570652173913044
SA_PAM_14,SA_1,5,Parma,Serie A,32,38,78,6,3,405,458,427,279,31,1365,293,2,5,5,499,502,0.498501498501498
SA_ROM_15,SA_1,1,Roma,Serie A,31,38,91,3,3,553,425,679,489,62,1894,273,3,6,6,428,414,0.508313539192399
SA_ROM_15,SA_1,2,Roma,Serie A,29,38,111,8,6,500,474,735,385,60,1980,362,2,6,5,524,441,0.54300518134715
SA_ROM_15,SA_1,3,Roma,Serie A,30,38,83,4,2,446,505,595,368,56,1981,340,1,3,6,543,429,0.558641975308642
SA_ROM_15,SA_1,4,Roma,Serie A,30,38,95,3,1,455,430,654,242,66,1602,336,3,5,7,478,443,0.51900108577633
SA_ROM_15,SA_1,5,Roma,Serie A,28,38,66,1,1,405,484,636,282,59,1437,328,1,4,6,441,476,0.480916030534351
SA_SAL_22,SA_1,2,Salernitana,Serie A,42,38,94,5,3,494,522,698,353,41,1849,321,2,8,4,657,506,0.564918314703354
SA_SAL_22,SA_1,3,Salernitana,Serie A,30,38,85,4,1,473,439,559,329,67,1981,337,0,11,1,528,585,0.474393530997305
SA_SAL_22,SA_1,4,Salernitana,Serie A,39,38,91,3,1,450,470,596,279,61,1634,327,2,10,1,520,662,0.439932318104907
SA_SAP_16,SA_1,1,Sampdoria,Serie A,27,38,83,3,1,509,485,787,453,62,2048,326,1,9,3,628,597,0.51265306122449
SA_SAP_16,SA_1,2,Sampdoria,Serie A,34,38,94,4,1,495,513,645,443,82,2044,327,2,4,3,609,506,0.546188340807175
SA_SAP_16,SA_1,3,Sampdoria,Serie A,40,38,108,3,2,507,512,599,317,55,1913,351,2,11,1,617,636,0.492418196328811
SA_SAS_17,SA_1,1,Sassuolo,Serie A,28,38,79,4,2,494,475,588,426,57,1850,310,1,5,12,408,450,0.475524475524476
SA_SAS_17,SA_1,2,Sassuolo,Serie A,29,38,92,4,2,461,479,541,314,43,1926,271,1,9,6,343,404,0.459170013386881
SA_SAS_17,SA_1,3,Sassuolo,Serie A,31,38,90,6,3,408,443,625,278,43,1756,281,2,4,6,375,438,0.461254612546126
SA_SAS_17,SA_1,4,Sassuolo,Serie A,30,38,71,4,2,387,398,661,267,26,1600,310,4,11,6,452,607,0.426817752596789
SA_SPZ_18,SA_1,1,Spezia,Serie A,35,38,100,5,4,588,529,602,395,82,2001,318,0,10,5,537,567,0.486413043478261
SA_SPZ_18,SA_1,2,Spezia,Serie A,30,38,88,4,1,508,439,534,372,77,1994,343,3,13,4,530,589,0.473637176050045
SA_SPZ_18,SA_1,3,Spezia,Serie A,34,38,103,6,4,519,379,655,301,55,2033,359,3,7,2,535,570,0.484162895927602
SA_TOR_19,SA_1,1,Torino,Serie A,29,38,78,4,3,577,602,740,444,59,1968,306,0,10,6,595,622,0.488907148726376
SA_TOR_19,SA_1,2,Torino,Serie A,31,38,89,3,2,636,460,663,423,84,2113,314,0,11,4,781,891,0.467105263157895
SA_TOR_19,SA_1,3,Torino,Serie A,28,38,81,0,0,506,382,610,292,80,2010,265,0,6,2,590,629,0.484003281378179
SA_TOR_19,SA_1,4,Torino,Serie A,30,38,75,2,1,471,419,761,329,63,1679,275,0,7,2,588,594,0.49746192893401
SA_TOR_19,SA_1,5,Torino,Serie A,31,38,80,3,1,483,386,675,278,57,1296,261,2,7,2,538,564,0.488203266787659
SA_UDN_20,SA_1,1,Udinese,Serie A,33,38,65,2,1,511,522,703,440,82,1853,294,0,14,3,491,442,0.52625937834941
SA_UDN_20,SA_1,2,Udinese,Serie A,29,38,95,6,3,564,461,519,351,78,2027,350,1,7,4,453,534,0.458966565349544
SA_UDN_20,SA_1,3,Udinese,Serie A,30,38,88,3,1,478,476,564,314,51,1916,365,2,7,1,477,406,0.540203850509626
SA_UDN_20,SA_1,4,Udinese,Serie A,32,38,94,5,3,496,418,556,327,57,1752,381,1,9,4,561,467,0.545719844357977
SA_UDN_20,SA_1,5,Udinese,Serie A,31,38,88,5,3,543,379,679,302,50,1426,346,5,8,2,550,493,0.527325023969319
SA_VEN_23,SA_1,2,Venezia,Serie A,39,38,110,9,2,522,457,585,388,61,1942,352,2,12,5,564,583,0.491717523975588
SA_VEN_23,SA_1,5,Venezia,Serie A,36,38,75,2,2,503,451,529,279,58,1450,361,3,11,4,490,626,0.439068100358423
