team_id,league_id,season_id,team_name,Comp,# Pl,90s,team_Min,W,D,L,team_Starts,team_GA,team_GA90_new,team_Saves,team_SoTA,team_Save%_new,team_CS,team_CS%_new,team_penalty_Katt,team_penalty_PKA,team_penalty_PKm,team_penalty_PKsv,team_penalty_Save%_new
BL_ARM_1,BL_1,1,Arminia,Bundesliga,1,34,3060,9,8,17,34,52,1.53,118,170,0.694117647058824,11,0.323529411764706,6,5,0,1,0.166666666666667
BL_ARM_1,BL_1,2,Arminia,Bundesliga,2,34,3060,5,13,16,34,53,1.56,129,180,0.705555555555556,7,0.205882352941176,7,7,0,0,0
BL_AUG_2,BL_1,1,Augsburg,Bundesliga,1,34,3060,10,6,18,34,54,1.59,126,178,0.696629213483146,7,0.205882352941176,9,6,2,1,0.111111111111111
BL_AUG_2,BL_1,2,Augsburg,Bundesliga,1,34,3060,10,8,16,34,56,1.65,102,156,0.641025641025641,9,0.264705882352941,5,5,0,0,0
BL_AUG_2,BL_1,3,Augsburg,Bundesliga,2,34,3060,9,7,18,34,63,1.85,138,201,0.686567164179104,6,0.176470588235294,4,1,1,2,0.5
BL_AUG_2,BL_1,4,Augsburg,Bundesliga,2,34,3060,10,9,15,34,60,1.76,123,183,0.672131147540984,3,0.0882352941176471,10,7,1,2,0.2
BL_AUG_2,BL_1,5,Augsburg,Bundesliga,2,34,3060,11,10,13,34,51,1.5,107,156,0.673076923076923,11,0.323529411764706,5,5,0,0,0
BL_BAY_3,BL_1,1,Bayern Munich,Bundesliga,2,34,3060,24,6,4,34,44,1.29,82,127,0.653543307086614,9,0.264705882352941,3,1,1,1,0.333333333333333
BL_BAY_3,BL_1,2,Bayern Munich,Bundesliga,3,34,3060,24,5,5,34,37,1.09,76,112,0.669642857142857,11,0.323529411764706,2,2,0,0,0
BL_BAY_3,BL_1,3,Bayern Munich,Bundesliga,3,34,3060,21,8,5,34,38,1.12,68,107,0.644859813084112,11,0.323529411764706,10,9,0,1,0.1
BL_BAY_3,BL_1,4,Bayern Munich,Bundesliga,3,34,3060,23,3,8,34,45,1.32,78,124,0.637096774193548,11,0.323529411764706,4,3,0,1,0.25
BL_BAY_3,BL_1,5,Bayern Munich,Bundesliga,4,34,3060,25,7,2,34,32,0.94,48,80,0.6,16,0.470588235294118,2,1,1,0,0
BL_BOC_20,BL_1,2,Bochum,Bundesliga,2,34,3060,12,6,16,34,52,1.53,126,176,0.704545454545454,7,0.205882352941176,8,5,1,2,0.25
BL_BOC_20,BL_1,3,Bochum,Bundesliga,1,34,3060,10,5,19,34,72,2.12,128,200,0.64,5,0.147058823529412,14,8,3,3,0.214285714285714
BL_BOC_20,BL_1,4,Bochum,Bundesliga,2,34,3060,7,12,15,34,74,2.18,117,189,0.608465608465608,4,0.117647058823529,11,9,0,2,0.181818181818182
BL_BOC_20,BL_1,5,Bochum,Bundesliga,2,34,3060,5,8,21,34,68,2,83,153,0.555555555555556,5,0.147058823529412,6,3,1,2,0.333333333333333
BL_BRE_18,BL_1,1,Werder Bremen,Bundesliga,1,34,3060,7,10,17,34,57,1.68,101,157,0.636942675159236,6,0.176470588235294,6,4,0,2,0.333333333333333
BL_BRE_18,BL_1,3,Werder Bremen,Bundesliga,2,34,3060,10,6,18,34,64,1.88,121,184,0.652173913043478,4,0.117647058823529,3,2,0,1,0.333333333333333
BL_BRE_18,BL_1,4,Werder Bremen,Bundesliga,2,34,3060,11,9,14,34,54,1.59,113,166,0.674698795180723,7,0.205882352941176,6,6,0,0,0
BL_BRE_18,BL_1,5,Werder Bremen,Bundesliga,1,34,3060,14,9,11,34,57,1.68,102,156,0.634615384615385,10,0.294117647058824,3,3,0,0,0
BL_BVB_4,BL_1,1,Dortmund,Bundesliga,2,34,3060,20,4,10,34,46,1.35,91,136,0.661764705882353,11,0.323529411764706,6,6,0,0,0
BL_BVB_4,BL_1,2,Dortmund,Bundesliga,3,34,3060,22,3,9,34,52,1.53,86,136,0.61764705882353,7,0.205882352941176,6,6,0,0,0
BL_BVB_4,BL_1,3,Dortmund,Bundesliga,2,34,3060,22,5,7,34,44,1.29,108,151,0.708609271523179,12,0.352941176470588,1,1,0,0,0
BL_BVB_4,BL_1,4,Dortmund,Bundesliga,2,34,3060,18,9,7,34,43,1.26,103,145,0.703448275862069,10,0.294117647058824,6,5,0,1,0.166666666666667
BL_BVB_4,BL_1,5,Dortmund,Bundesliga,2,34,3060,17,6,11,34,51,1.5,89,140,0.635714285714286,7,0.205882352941176,4,4,0,0,0
BL_DAR_22,BL_1,4,Darmstadt 98,Bundesliga,2,34,3060,3,8,23,34,86,2.53,130,215,0.6,3,0.0882352941176471,2,1,0,1,0.5
BL_FRA_5,BL_1,1,Eint Frankfurt,Bundesliga,2,34,3060,16,12,6,34,53,1.56,104,156,0.66025641025641,4,0.117647058823529,6,4,1,1,0.166666666666667
BL_FRA_5,BL_1,2,Eint Frankfurt,Bundesliga,3,34,3060,10,12,12,34,49,1.44,117,165,0.703030303030303,5,0.147058823529412,4,4,0,0,0
BL_FRA_5,BL_1,3,Eint Frankfurt,Bundesliga,2,34,3060,13,11,10,34,52,1.53,84,135,0.614814814814815,6,0.176470588235294,2,2,0,0,0
BL_FRA_5,BL_1,4,Eint Frankfurt,Bundesliga,2,34,3060,11,14,9,34,50,1.47,94,146,0.657534246575342,7,0.205882352941176,11,9,0,2,0.181818181818182
BL_FRA_5,BL_1,5,Eint Frankfurt,Bundesliga,2,34,3060,17,9,8,34,46,1.35,117,163,0.717791411042945,9,0.264705882352941,3,1,0,2,0.666666666666667
BL_FRE_6,BL_1,1,Freiburg,Bundesliga,2,34,3060,12,9,13,34,52,1.53,124,175,0.702857142857143,6,0.176470588235294,6,4,1,1,0.166666666666667
BL_FRE_6,BL_1,2,Freiburg,Bundesliga,2,34,3060,15,10,9,34,46,1.35,108,153,0.699346405228758,10,0.294117647058824,2,2,0,0,0
BL_FRE_6,BL_1,3,Freiburg,Bundesliga,1,34,3060,17,8,9,34,44,1.29,106,150,0.706666666666667,13,0.382352941176471,6,5,1,0,0
BL_FRE_6,BL_1,4,Freiburg,Bundesliga,1,34,3060,11,9,14,34,58,1.71,99,158,0.632911392405063,10,0.294117647058824,5,3,0,2,0.4
BL_FRE_6,BL_1,5,Freiburg,Bundesliga,2,34,3060,16,7,11,34,53,1.56,96,150,0.646666666666667,11,0.323529411764706,4,2,0,2,0.5
BL_FÜR_21,BL_1,2,Greuther Fürth,Bundesliga,3,34,3060,3,9,22,34,82,2.41,111,188,0.563829787234042,6,0.176470588235294,6,6,0,0,0
BL_GLA_7,BL_1,1,Gladbach,Bundesliga,2,34,3056,13,10,11,34,56,1.65,95,151,0.629139072847682,7,0.205882352941176,6,6,0,0,0
BL_GLA_7,BL_1,2,Gladbach,Bundesliga,2,34,3060,12,9,13,34,61,1.79,122,185,0.67027027027027,5,0.147058823529412,5,3,0,2,0.4
BL_GLA_7,BL_1,3,Gladbach,Bundesliga,4,34,3060,11,10,13,34,55,1.62,126,180,0.694444444444444,9,0.264705882352941,6,6,0,0,0
BL_GLA_7,BL_1,4,Gladbach,Bundesliga,2,34,3060,7,13,14,34,67,1.97,140,207,0.676328502415459,4,0.117647058823529,6,6,0,0,0
BL_GLA_7,BL_1,5,Gladbach,Bundesliga,4,34,3056,13,6,15,34,57,1.68,135,191,0.701570680628272,7,0.205882352941176,8,7,0,1,0.125
BL_HEI_23,BL_1,4,Heidenheim,Bundesliga,1,34,3060,10,12,12,34,55,1.62,121,174,0.683908045977012,6,0.176470588235294,10,7,2,1,0.1
BL_HEI_23,BL_1,5,Heidenheim,Bundesliga,2,34,3060,8,5,21,34,64,1.88,107,171,0.625730994152047,9,0.264705882352941,6,6,0,0,0
BL_HER_8,BL_1,1,Hertha BSC,Bundesliga,2,34,3060,8,11,15,34,52,1.53,89,141,0.631205673758865,9,0.264705882352941,8,7,0,1,0.125
BL_HER_8,BL_1,2,Hertha BSC,Bundesliga,2,34,3060,9,6,19,34,71,2.09,101,172,0.587209302325581,6,0.176470588235294,8,8,0,0,0
BL_HER_8,BL_1,3,Hertha BSC,Bundesliga,2,34,3060,7,8,19,34,69,2.03,100,170,0.594117647058824,3,0.0882352941176471,6,5,0,1,0.166666666666667
BL_HOF_9,BL_1,1,Hoffenheim,Bundesliga,2,34,3060,11,10,13,34,54,1.59,91,145,0.627586206896552,6,0.176470588235294,9,6,1,2,0.222222222222222
BL_HOF_9,BL_1,2,Hoffenheim,Bundesliga,2,34,3060,13,7,14,34,60,1.76,102,162,0.62962962962963,8,0.235294117647059,4,2,1,1,0.25
BL_HOF_9,BL_1,3,Hoffenheim,Bundesliga,1,34,3060,10,6,18,34,57,1.68,105,161,0.645962732919255,5,0.147058823529412,3,2,1,0,0
BL_HOF_9,BL_1,4,Hoffenheim,Bundesliga,1,34,3060,13,7,14,34,66,1.94,143,211,0.687203791469194,2,0.0588235294117647,5,2,0,3,0.6
BL_HOF_9,BL_1,5,Hoffenheim,Bundesliga,2,34,3060,7,11,16,34,68,2,105,173,0.606936416184971,4,0.117647058823529,6,3,0,3,0.5
BL_KIE_24,BL_1,5,Holstein Kiel,Bundesliga,2,34,3060,6,7,21,34,80,2.35,117,195,0.58974358974359,2,0.0588235294117647,7,6,0,1,0.142857142857143
BL_KÖL_11,BL_1,1,Köln,Bundesliga,2,34,3060,8,9,17,34,60,1.76,97,158,0.620253164556962,5,0.147058823529412,9,8,0,1,0.111111111111111
BL_KÖL_11,BL_1,2,Köln,Bundesliga,2,34,3060,14,10,10,34,49,1.44,106,154,0.681818181818182,4,0.117647058823529,1,0,0,1,1
BL_KÖL_11,BL_1,3,Köln,Bundesliga,1,34,3060,10,12,12,34,54,1.59,77,129,0.581395348837209,6,0.176470588235294,5,4,0,1,0.2
BL_KÖL_11,BL_1,4,Köln,Bundesliga,1,34,3060,5,12,17,34,60,1.76,108,168,0.642857142857143,4,0.117647058823529,3,3,0,0,0
BL_LEI_14,BL_1,1,RB Leipzig,Bundesliga,2,34,3060,19,8,7,34,32,0.94,52,84,0.619047619047619,15,0.441176470588235,3,3,0,0,0
BL_LEI_14,BL_1,2,RB Leipzig,Bundesliga,3,34,3060,17,7,10,34,37,1.09,79,115,0.678260869565217,10,0.294117647058824,3,3,0,0,0
BL_LEI_14,BL_1,3,RB Leipzig,Bundesliga,3,34,3060,20,6,8,34,41,1.21,66,106,0.613207547169811,10,0.294117647058824,8,7,0,1,0.125
BL_LEI_14,BL_1,4,RB Leipzig,Bundesliga,2,34,3060,19,8,7,34,39,1.15,79,117,0.666666666666667,10,0.294117647058824,5,4,1,0,0
BL_LEI_14,BL_1,5,RB Leipzig,Bundesliga,2,34,3060,13,12,9,34,48,1.41,109,158,0.69620253164557,14,0.411764705882353,3,2,0,1,0.333333333333333
BL_LEV_12,BL_1,1,Leverkusen,Bundesliga,3,34,3060,14,10,10,34,39,1.15,74,112,0.651785714285714,9,0.264705882352941,2,1,0,1,0.5
BL_LEV_12,BL_1,2,Leverkusen,Bundesliga,3,34,3060,19,7,8,34,47,1.38,115,162,0.709876543209876,8,0.235294117647059,4,2,1,1,0.25
BL_LEV_12,BL_1,3,Leverkusen,Bundesliga,2,34,3059,14,8,12,34,49,1.44,99,146,0.664383561643836,9,0.264705882352941,7,7,0,0,0
BL_LEV_12,BL_1,4,Leverkusen,Bundesliga,2,34,3060,28,6,0,34,24,0.71,81,105,0.771428571428571,16,0.470588235294118,0,0,0,0,0
BL_LEV_12,BL_1,5,Leverkusen,Bundesliga,2,34,3060,19,12,3,34,43,1.26,95,134,0.67910447761194,9,0.264705882352941,4,4,0,0,0
BL_MAI_13,BL_1,1,Mainz 05,Bundesliga,2,34,3060,10,9,15,34,56,1.65,107,162,0.654320987654321,5,0.147058823529412,7,6,1,0,0
BL_MAI_13,BL_1,2,Mainz 05,Bundesliga,2,34,3060,13,7,14,34,45,1.32,80,125,0.64,10,0.294117647058824,6,5,0,1,0.166666666666667
BL_MAI_13,BL_1,3,Mainz 05,Bundesliga,2,34,3060,12,10,12,34,55,1.62,95,153,0.640522875816994,7,0.205882352941176,8,4,1,3,0.375
BL_MAI_13,BL_1,4,Mainz 05,Bundesliga,2,34,3060,7,14,13,34,51,1.5,95,145,0.648275862068966,8,0.235294117647059,4,3,1,0,0
BL_MAI_13,BL_1,5,Mainz 05,Bundesliga,2,34,3060,14,10,10,34,43,1.26,106,150,0.713333333333334,9,0.264705882352941,5,4,0,1,0.2
BL_SCH_15,BL_1,1,Schalke 04,Bundesliga,3,34,3060,3,7,24,34,86,2.53,152,234,0.632478632478632,4,0.117647058823529,8,7,0,1,0.125
BL_SCH_15,BL_1,3,Schalke 04,Bundesliga,2,34,3060,7,10,17,34,71,2.09,123,193,0.632124352331606,7,0.205882352941176,6,5,1,0,0
BL_STP_25,BL_1,5,St. Pauli,Bundesliga,2,34,3060,8,8,18,34,41,1.21,96,140,0.707142857142857,9,0.264705882352941,5,1,0,4,0.8
BL_STU_16,BL_1,1,Stuttgart,Bundesliga,2,34,3060,12,9,13,34,55,1.62,110,166,0.668674698795181,5,0.147058823529412,7,5,0,2,0.285714285714286
BL_STU_16,BL_1,2,Stuttgart,Bundesliga,2,34,3060,7,12,15,34,59,1.74,105,163,0.638036809815951,4,0.117647058823529,4,4,0,0,0
BL_STU_16,BL_1,3,Stuttgart,Bundesliga,2,34,3060,7,12,15,34,57,1.68,90,146,0.60958904109589,2,0.0588235294117647,6,6,0,0,0
BL_STU_16,BL_1,4,Stuttgart,Bundesliga,2,34,3060,23,4,7,34,39,1.15,93,129,0.697674418604651,12,0.352941176470588,3,3,0,0,0
BL_STU_16,BL_1,5,Stuttgart,Bundesliga,1,34,3060,14,8,12,34,53,1.56,83,136,0.610294117647059,7,0.205882352941176,3,2,0,1,0.333333333333333
BL_UNI_17,BL_1,1,Union Berlin,Bundesliga,2,34,3060,12,14,8,34,43,1.26,93,136,0.683823529411765,7,0.205882352941176,5,4,0,1,0.2
BL_UNI_17,BL_1,2,Union Berlin,Bundesliga,2,34,3060,16,9,9,34,44,1.29,82,122,0.639344262295082,8,0.235294117647059,2,2,0,0,0
BL_UNI_17,BL_1,3,Union Berlin,Bundesliga,2,34,3060,18,8,8,34,38,1.12,106,144,0.736111111111111,13,0.382352941176471,7,7,0,0,0
BL_UNI_17,BL_1,4,Union Berlin,Bundesliga,2,34,3060,9,6,19,34,58,1.71,109,168,0.654761904761905,7,0.205882352941176,7,5,0,2,0.285714285714286
BL_UNI_17,BL_1,5,Union Berlin,Bundesliga,2,34,3060,10,11,13,34,50,1.47,86,139,0.640287769784173,8,0.235294117647059,6,2,0,4,0.666666666666667
BL_WOL_19,BL_1,1,Wolfsburg,Bundesliga,2,34,3060,17,10,7,34,37,1.09,84,122,0.69672131147541,14,0.411764705882353,5,3,0,2,0.4
BL_WOL_19,BL_1,2,Wolfsburg,Bundesliga,2,34,3060,12,6,16,34,54,1.59,101,156,0.653846153846154,11,0.323529411764706,7,4,1,2,0.285714285714286
BL_WOL_19,BL_1,3,Wolfsburg,Bundesliga,1,34,3060,13,10,11,34,48,1.41,101,147,0.673469387755102,12,0.352941176470588,7,4,2,1,0.142857142857143
BL_WOL_19,BL_1,4,Wolfsburg,Bundesliga,2,34,3060,10,7,17,34,56,1.65,98,151,0.629139072847682,6,0.176470588235294,3,2,1,0,0
BL_WOL_19,BL_1,5,Wolfsburg,Bundesliga,2,34,3060,11,10,13,34,54,1.59,106,160,0.6625,6,0.176470588235294,3,2,0,1,0.333333333333333
L1_AJA_23,L1_1,3,Ajaccio,Ligue 1,3,38,3420,7,5,26,38,74,1.95,89,161,0.540372670807453,6,0.157894736842105,10,9,1,0,0
L1_ANG_1,L1_1,1,Angers,Ligue 1,1,38,3420,12,8,18,38,58,1.53,82,139,0.58273381294964,9,0.236842105263158,8,7,0,1,0.125
L1_ANG_1,L1_1,2,Angers,Ligue 1,3,38,3420,10,11,17,38,55,1.45,103,155,0.645161290322581,8,0.210526315789474,5,5,0,0,0
L1_ANG_1,L1_1,3,Angers,Ligue 1,2,38,3420,4,6,28,38,81,2.13,119,197,0.588832487309645,4,0.105263157894737,11,9,1,1,0.0909090909090909
L1_ANG_1,L1_1,5,Angers,Ligue 1,2,34,3060,10,6,18,34,53,1.56,137,190,0.721052631578947,7,0.205882352941176,5,4,1,0,0
L1_AUX_24,L1_1,3,Auxerre,Ligue 1,3,38,3420,8,11,19,38,63,1.66,117,181,0.651933701657459,7,0.184210526315789,6,4,0,2,0.333333333333333
L1_AUX_24,L1_1,5,Auxerre,Ligue 1,2,34,3060,11,9,14,34,51,1.5,123,173,0.705202312138728,10,0.294117647058824,8,6,0,2,0.25
L1_BOR_2,L1_1,1,Bordeaux,Ligue 1,1,38,3420,13,6,19,38,56,1.47,100,156,0.641025641025641,14,0.368421052631579,8,7,0,1,0.125
L1_BOR_2,L1_1,2,Bordeaux,Ligue 1,2,38,3420,6,13,19,38,91,2.39,104,194,0.530927835051546,2,0.0526315789473684,9,7,0,2,0.222222222222222
L1_BRE_3,L1_1,1,Brest,Ligue 1,2,38,3420,11,8,19,38,66,1.74,115,180,0.633333333333333,7,0.184210526315789,11,9,1,1,0.0909090909090909
L1_BRE_3,L1_1,2,Brest,Ligue 1,1,38,3420,13,9,16,38,57,1.5,115,170,0.664705882352941,7,0.184210526315789,4,4,0,0,0
L1_BRE_3,L1_1,3,Brest,Ligue 1,2,38,3420,11,11,16,38,54,1.42,125,179,0.698324022346369,9,0.236842105263158,9,7,0,2,0.222222222222222
L1_BRE_3,L1_1,4,Brest,Ligue 1,2,34,3057,17,10,7,34,34,1,98,133,0.744360902255639,15,0.441176470588235,3,2,0,1,0.333333333333333
L1_BRE_3,L1_1,5,Brest,Ligue 1,2,34,3060,15,5,14,34,59,1.74,83,141,0.581560283687943,10,0.294117647058824,10,8,1,1,0.1
L1_CLE_21,L1_1,2,Clermont Foot,Ligue 1,2,38,3420,9,9,20,38,69,1.82,99,165,0.581818181818182,8,0.210526315789474,5,5,0,0,0
L1_CLE_21,L1_1,3,Clermont Foot,Ligue 1,2,38,3420,17,8,13,38,49,1.29,111,164,0.701219512195122,10,0.263157894736842,12,8,0,4,0.333333333333333
L1_CLE_21,L1_1,4,Clermont Foot,Ligue 1,2,34,3060,5,10,19,34,60,1.76,152,212,0.716981132075472,5,0.147058823529412,9,7,1,1,0.111111111111111
L1_DIJ_4,L1_1,1,Dijon,Ligue 1,3,38,3420,4,9,25,38,73,1.92,117,190,0.61578947368421,6,0.157894736842105,10,7,1,2,0.2
L1_LEH_26,L1_1,4,Le Havre,Ligue 1,2,34,3060,7,11,16,34,45,1.32,114,158,0.715189873417722,7,0.205882352941176,4,2,1,1,0.25
L1_LEH_26,L1_1,5,Le Havre,Ligue 1,2,34,3060,10,4,20,34,71,2.09,104,175,0.594285714285714,4,0.117647058823529,6,5,0,1,0.166666666666667
L1_LEN_5,L1_1,1,Lens,Ligue 1,2,38,3420,15,12,11,38,54,1.42,92,143,0.622377622377622,8,0.210526315789474,11,11,0,0,0
L1_LEN_5,L1_1,2,Lens,Ligue 1,2,38,3418,17,11,10,38,48,1.26,96,145,0.668965517241379,8,0.210526315789474,5,4,0,1,0.2
L1_LEN_5,L1_1,3,Lens,Ligue 1,2,38,3420,25,9,4,38,29,0.76,101,129,0.775193798449612,15,0.394736842105263,3,3,0,0,0
L1_LEN_5,L1_1,4,Lens,Ligue 1,2,34,3060,14,9,11,34,37,1.09,101,138,0.731884057971014,14,0.411764705882353,8,6,1,1,0.125
L1_LEN_5,L1_1,5,Lens,Ligue 1,3,34,3060,15,7,12,34,39,1.15,102,142,0.725352112676056,13,0.382352941176471,9,8,0,1,0.111111111111111
L1_LIL_6,L1_1,1,Lille,Ligue 1,1,38,3420,24,11,3,38,23,0.61,85,107,0.785046728971963,21,0.552631578947368,2,1,0,1,0.5
L1_LIL_6,L1_1,2,Lille,Ligue 1,2,38,3420,14,13,11,38,48,1.26,105,151,0.682119205298013,10,0.263157894736842,6,6,0,0,0
L1_LIL_6,L1_1,3,Lille,Ligue 1,2,38,3420,19,10,9,38,44,1.16,80,122,0.639344262295082,10,0.263157894736842,5,4,0,1,0.2
L1_LIL_6,L1_1,4,Lille,Ligue 1,2,34,3060,16,11,7,34,34,1,94,128,0.734375,15,0.441176470588235,5,3,0,2,0.4
L1_LIL_6,L1_1,5,Lille,Ligue 1,1,34,3060,17,9,8,34,36,1.06,91,126,0.714285714285714,11,0.323529411764706,4,4,0,0,0
L1_LOR_7,L1_1,1,Lorient,Ligue 1,2,38,3420,11,9,18,38,68,1.79,100,167,0.592814371257485,5,0.131578947368421,11,10,1,0,0
L1_LOR_7,L1_1,2,Lorient,Ligue 1,2,38,3420,8,12,18,38,63,1.66,88,148,0.574324324324324,11,0.289473684210526,6,5,1,0,0
L1_LOR_7,L1_1,3,Lorient,Ligue 1,2,38,3420,15,10,13,38,53,1.39,130,182,0.708791208791209,8,0.210526315789474,2,2,0,0,0
L1_LOR_7,L1_1,4,Lorient,Ligue 1,1,34,3060,7,8,19,34,66,1.94,142,207,0.681159420289855,4,0.117647058823529,8,8,0,0,0
L1_LYO_8,L1_1,1,Lyon,Ligue 1,1,38,3420,22,10,6,38,43,1.13,92,134,0.67910447761194,11,0.289473684210526,7,5,1,1,0.142857142857143
L1_LYO_8,L1_1,2,Lyon,Ligue 1,2,38,3418,17,11,10,38,51,1.34,124,173,0.705202312138728,9,0.236842105263158,8,7,0,1,0.125
L1_LYO_8,L1_1,3,Lyon,Ligue 1,2,38,3417,18,8,12,38,47,1.24,111,155,0.696774193548387,8,0.210526315789474,11,11,0,0,0
L1_LYO_8,L1_1,4,Lyon,Ligue 1,2,34,3060,16,5,13,34,55,1.62,114,169,0.674556213017752,10,0.294117647058824,6,4,1,1,0.166666666666667
L1_LYO_8,L1_1,5,Lyon,Ligue 1,2,34,3060,17,6,11,34,46,1.35,120,166,0.72289156626506,10,0.294117647058824,3,3,0,0,0
L1_MAR_9,L1_1,1,Marseille,Ligue 1,2,38,3420,16,12,10,38,47,1.24,86,132,0.643939393939394,8,0.210526315789474,3,3,0,0,0
L1_MAR_9,L1_1,2,Marseille,Ligue 1,2,38,3420,21,8,9,38,38,1,75,112,0.660714285714286,15,0.394736842105263,4,4,0,0,0
L1_MAR_9,L1_1,3,Marseille,Ligue 1,2,38,3420,22,7,9,38,40,1.05,105,142,0.71830985915493,10,0.263157894736842,5,5,0,0,0
L1_MAR_9,L1_1,4,Marseille,Ligue 1,2,34,3060,13,11,10,34,41,1.21,90,130,0.684615384615385,7,0.205882352941176,3,3,0,0,0
L1_MAR_9,L1_1,5,Marseille,Ligue 1,1,34,3060,20,5,9,34,47,1.38,87,135,0.651851851851852,5,0.147058823529412,6,3,0,3,0.5
L1_MET_10,L1_1,1,Metz,Ligue 1,2,38,3419,12,11,15,38,48,1.26,102,150,0.68,8,0.210526315789474,13,12,0,1,0.0769230769230769
L1_MET_10,L1_1,2,Metz,Ligue 1,2,38,3417,6,13,19,38,69,1.82,111,178,0.612359550561798,8,0.210526315789474,5,5,0,0,0
L1_MET_10,L1_1,4,Metz,Ligue 1,2,34,3060,8,5,21,34,58,1.71,130,188,0.691489361702128,6,0.176470588235294,6,6,0,0,0
L1_MON_11,L1_1,1,Monaco,Ligue 1,3,38,3420,24,6,8,38,42,1.11,62,103,0.592233009708738,15,0.394736842105263,5,5,0,0,0
L1_MON_11,L1_1,2,Monaco,Ligue 1,1,38,3420,20,9,9,38,40,1.05,104,141,0.716312056737589,11,0.289473684210526,9,8,1,0,0
L1_MON_11,L1_1,3,Monaco,Ligue 1,1,38,3420,19,8,11,38,58,1.53,140,195,0.702564102564102,9,0.236842105263158,5,5,0,0,0
L1_MON_11,L1_1,4,Monaco,Ligue 1,2,34,3060,20,7,7,34,42,1.24,110,151,0.721854304635762,12,0.352941176470588,6,5,0,1,0.166666666666667
L1_MON_11,L1_1,5,Monaco,Ligue 1,2,34,3060,18,7,9,34,41,1.21,87,128,0.6796875,11,0.323529411764706,3,3,0,0,0
L1_MOP_12,L1_1,1,Montpellier,Ligue 1,2,38,3418,14,12,12,38,62,1.63,137,197,0.685279187817259,5,0.131578947368421,12,12,0,0,0
L1_MOP_12,L1_1,2,Montpellier,Ligue 1,2,38,3420,12,7,19,38,61,1.61,154,215,0.716279069767442,10,0.263157894736842,6,5,0,1,0.166666666666667
L1_MOP_12,L1_1,3,Montpellier,Ligue 1,4,38,3420,15,5,18,38,62,1.63,138,202,0.693069306930693,11,0.289473684210526,11,6,1,4,0.363636363636364
L1_MOP_12,L1_1,4,Montpellier,Ligue 1,2,34,3060,10,12,12,34,48,1.41,125,171,0.719298245614035,10,0.294117647058824,5,4,0,1,0.2
L1_MOP_12,L1_1,5,Montpellier,Ligue 1,2,34,3060,4,4,26,34,79,2.32,117,194,0.592783505154639,1,0.0294117647058824,9,8,0,1,0.111111111111111
L1_NAN_13,L1_1,1,Nantes,Ligue 1,1,38,3420,9,13,16,38,55,1.45,113,168,0.672619047619048,5,0.131578947368421,12,10,1,1,0.0833333333333333
L1_NAN_13,L1_1,2,Nantes,Ligue 1,1,38,3420,15,10,13,38,48,1.26,105,155,0.690322580645161,8,0.210526315789474,7,4,0,3,0.428571428571429
L1_NAN_13,L1_1,3,Nantes,Ligue 1,2,38,3419,7,15,16,38,55,1.45,134,185,0.702702702702703,11,0.289473684210526,9,9,0,0,0
L1_NAN_13,L1_1,4,Nantes,Ligue 1,3,34,3060,9,6,19,34,55,1.62,101,156,0.647435897435898,8,0.235294117647059,10,9,1,0,0
L1_NAN_13,L1_1,5,Nantes,Ligue 1,3,34,3060,8,12,14,34,52,1.53,99,148,0.648648648648649,6,0.176470588235294,8,7,1,0,0
L1_NIC_14,L1_1,1,Nice,Ligue 1,1,38,3420,15,7,16,38,53,1.39,123,176,0.698863636363636,9,0.236842105263158,7,7,0,0,0
L1_NIC_14,L1_1,2,Nice,Ligue 1,2,38,3420,20,7,11,38,36,0.95,109,146,0.753424657534246,14,0.368421052631579,5,4,0,1,0.2
L1_NIC_14,L1_1,3,Nice,Ligue 1,2,38,3420,15,13,10,38,37,0.97,109,147,0.748299319727891,11,0.289473684210526,5,3,1,1,0.2
L1_NIC_14,L1_1,4,Nice,Ligue 1,1,34,3060,15,10,9,34,29,0.85,74,105,0.723809523809524,17,0.5,8,5,0,3,0.375
L1_NIC_14,L1_1,5,Nice,Ligue 1,1,34,3060,17,9,8,34,41,1.21,120,161,0.745341614906832,8,0.235294117647059,3,2,0,1,0.333333333333333
L1_NÎM_15,L1_1,1,Nîmes,Ligue 1,1,38,3420,9,8,21,38,71,1.87,122,196,0.637755102040816,8,0.210526315789474,10,6,1,3,0.3
L1_PSG_16,L1_1,1,Paris S-G,Ligue 1,3,38,3420,26,4,8,38,28,0.74,103,131,0.786259541984733,19,0.5,2,1,0,1,0.5
L1_PSG_16,L1_1,2,Paris S-G,Ligue 1,4,38,3417,26,8,4,38,36,0.95,107,142,0.746478873239436,13,0.342105263157895,3,3,0,0,0
L1_PSG_16,L1_1,3,Paris S-G,Ligue 1,2,38,3420,27,4,7,38,40,1.05,120,160,0.75,13,0.342105263157895,5,2,2,1,0.2
L1_PSG_16,L1_1,4,Paris S-G,Ligue 1,3,34,3058,22,10,2,34,33,0.97,113,147,0.775510204081633,12,0.352941176470588,5,4,0,1,0.2
L1_PSG_16,L1_1,5,Paris S-G,Ligue 1,3,34,3060,26,6,2,34,35,1.03,69,103,0.660194174757282,7,0.205882352941176,3,3,0,0,0
L1_REI_17,L1_1,1,Reims,Ligue 1,2,38,3420,9,15,14,38,50,1.32,117,168,0.702380952380952,10,0.263157894736842,8,5,1,2,0.25
L1_REI_17,L1_1,2,Reims,Ligue 1,1,38,3420,11,13,14,38,44,1.16,116,161,0.726708074534162,11,0.289473684210526,7,5,1,1,0.142857142857143
L1_REI_17,L1_1,3,Reims,Ligue 1,2,38,3420,12,15,11,38,45,1.18,123,166,0.728915662650602,14,0.368421052631579,3,3,0,0,0
L1_REI_17,L1_1,4,Reims,Ligue 1,1,34,3060,13,8,13,34,47,1.38,90,137,0.656934306569343,8,0.235294117647059,7,6,0,1,0.142857142857143
L1_REI_17,L1_1,5,Reims,Ligue 1,1,34,3060,8,9,17,34,47,1.38,131,179,0.737430167597765,7,0.205882352941176,5,4,0,1,0.2
L1_REN_18,L1_1,1,Rennes,Ligue 1,3,38,3420,16,10,12,38,40,1.05,92,131,0.694656488549618,10,0.263157894736842,4,3,1,0,0
L1_REN_18,L1_1,2,Rennes,Ligue 1,3,38,3420,20,6,12,38,40,1.05,66,106,0.622641509433962,14,0.368421052631579,6,5,0,1,0.166666666666667
L1_REN_18,L1_1,3,Rennes,Ligue 1,2,38,3420,21,5,12,38,39,1.03,86,126,0.69047619047619,13,0.342105263157895,5,3,0,2,0.4
L1_REN_18,L1_1,4,Rennes,Ligue 1,1,34,3060,12,10,12,34,46,1.35,104,147,0.687074829931973,7,0.205882352941176,3,3,0,0,0
L1_REN_18,L1_1,5,Rennes,Ligue 1,3,34,3060,13,2,19,34,50,1.47,87,138,0.63768115942029,11,0.323529411764706,6,3,0,3,0.5
L1_SAI_19,L1_1,1,Saint-Étienne,Ligue 1,3,38,3420,12,10,16,38,54,1.42,79,132,0.590909090909091,12,0.31578947368421,9,6,2,1,0.111111111111111
L1_SAI_19,L1_1,2,Saint-Étienne,Ligue 1,3,38,3417,7,11,20,38,77,2.03,116,189,0.592592592592593,4,0.105263157894737,8,8,0,0,0
L1_SAI_19,L1_1,5,Saint-Étienne,Ligue 1,1,34,3060,8,6,20,34,77,2.26,132,209,0.631578947368421,5,0.147058823529412,15,13,0,2,0.133333333333333
L1_STR_20,L1_1,1,Strasbourg,Ligue 1,3,38,3420,11,9,18,38,58,1.53,91,149,0.610738255033557,10,0.263157894736842,8,6,1,1,0.125
L1_STR_20,L1_1,2,Strasbourg,Ligue 1,2,38,3420,17,12,9,38,43,1.13,89,131,0.67175572519084,14,0.368421052631579,4,4,0,0,0
L1_STR_20,L1_1,3,Strasbourg,Ligue 1,1,38,3420,9,13,16,38,59,1.55,115,174,0.660919540229885,6,0.157894736842105,11,10,1,0,0
L1_STR_20,L1_1,4,Strasbourg,Ligue 1,2,34,3060,10,9,15,34,50,1.47,77,125,0.6,5,0.147058823529412,5,4,0,1,0.2
L1_STR_20,L1_1,5,Strasbourg,Ligue 1,2,34,3060,16,9,9,34,44,1.29,126,169,0.739644970414201,10,0.294117647058824,9,8,0,1,0.111111111111111
L1_TOU_25,L1_1,3,Toulouse,Ligue 1,1,38,3420,13,9,16,38,57,1.5,122,179,0.681564245810056,9,0.236842105263158,7,4,0,3,0.428571428571429
L1_TOU_25,L1_1,4,Toulouse,Ligue 1,1,34,3060,11,10,13,34,46,1.35,93,139,0.669064748201439,6,0.176470588235294,4,4,0,0,0
L1_TOU_25,L1_1,5,Toulouse,Ligue 1,3,34,3060,11,9,14,34,43,1.26,67,108,0.601851851851852,10,0.294117647058824,2,1,0,1,0.5
L1_TRO_22,L1_1,2,Troyes,Ligue 1,2,38,3420,9,11,18,38,53,1.39,108,159,0.666666666666667,9,0.236842105263158,10,10,0,0,0
L1_TRO_22,L1_1,3,Troyes,Ligue 1,2,38,3418,4,12,22,38,81,2.13,148,228,0.644736842105263,1,0.0263157894736842,8,7,0,1,0.125
LL_ALA_1,LL_1,1,Alavés,La Liga,2,38,3420,9,11,18,38,57,1.5,85,142,0.598591549295775,9,0.236842105263158,3,3,0,0,0
LL_ALA_1,LL_1,2,Alavés,La Liga,3,38,3420,8,7,23,38,65,1.71,100,168,0.613095238095238,6,0.157894736842105,9,6,0,3,0.333333333333333
LL_ALA_1,LL_1,4,Alavés,La Liga,2,38,3420,12,10,16,38,46,1.21,103,147,0.687074829931973,11,0.289473684210526,8,8,0,0,0
LL_ALA_1,LL_1,5,Alavés,La Liga,3,38,3419,10,12,16,38,48,1.26,86,132,0.636363636363636,9,0.236842105263158,11,11,0,0,0
LL_ALM_24,LL_1,3,Almería,La Liga,3,38,3420,11,8,19,38,65,1.71,138,203,0.679802955665025,4,0.105263157894737,6,4,1,1,0.166666666666667
LL_ALM_24,LL_1,4,Almería,La Liga,3,38,3420,3,12,23,38,75,1.97,126,202,0.628712871287129,6,0.157894736842105,9,6,2,1,0.111111111111111
LL_ATM_3,LL_1,1,Atlético Madrid,La Liga,1,38,3420,26,8,4,38,25,0.66,98,122,0.795081967213115,18,0.473684210526316,4,1,1,2,0.5
LL_ATM_3,LL_1,2,Atlético Madrid,La Liga,1,38,3420,21,8,9,38,43,1.13,65,106,0.594339622641509,12,0.31578947368421,8,7,0,1,0.125
LL_ATM_3,LL_1,3,Atlético Madrid,La Liga,3,38,3420,23,8,7,38,33,0.87,95,128,0.7421875,13,0.342105263157895,5,4,1,0,0
LL_ATM_3,LL_1,4,Atlético Madrid,La Liga,1,38,3420,24,4,10,38,43,1.13,101,144,0.701388888888889,13,0.342105263157895,2,1,1,0,0
LL_ATM_3,LL_1,5,Atlético Madrid,La Liga,2,38,3420,22,10,6,38,30,0.79,88,116,0.741379310344828,17,0.447368421052632,5,5,0,0,0
LL_BAR_4,LL_1,1,Barcelona,La Liga,2,38,3420,24,7,7,38,38,1,94,130,0.707692307692308,14,0.368421052631579,5,5,0,0,0
LL_BAR_4,LL_1,2,Barcelona,La Liga,2,38,3420,21,10,7,38,38,1,84,123,0.691056910569106,11,0.289473684210526,3,2,0,1,0.333333333333333
LL_BAR_4,LL_1,3,Barcelona,La Liga,2,38,3420,28,4,6,38,20,0.53,85,102,0.803921568627451,26,0.68421052631579,3,3,0,0,0
LL_BAR_4,LL_1,4,Barcelona,La Liga,2,38,3420,26,7,5,38,44,1.16,97,141,0.687943262411348,17,0.447368421052632,2,2,0,0,0
LL_BAR_4,LL_1,5,Barcelona,La Liga,3,38,3420,28,4,6,38,39,1.03,69,108,0.638888888888889,13,0.342105263157895,4,4,0,0,0
LL_BET_5,LL_1,1,Betis,La Liga,2,38,3420,17,10,11,38,50,1.32,87,136,0.63235294117647,13,0.342105263157895,10,8,0,2,0.2
LL_BET_5,LL_1,2,Betis,La Liga,2,38,3420,19,8,11,38,40,1.05,94,132,0.696969696969697,13,0.342105263157895,3,3,0,0,0
LL_BET_5,LL_1,3,Betis,La Liga,2,38,3420,17,9,12,38,41,1.08,106,146,0.719178082191781,13,0.342105263157895,3,3,0,0,0
LL_BET_5,LL_1,4,Betis,La Liga,3,38,3420,14,15,9,38,45,1.18,115,158,0.715189873417722,13,0.342105263157895,8,7,0,1,0.125
LL_BET_5,LL_1,5,Betis,La Liga,3,38,3420,16,12,10,38,50,1.32,92,141,0.645390070921986,7,0.184210526315789,4,4,0,0,0
LL_BIL_2,LL_1,1,Athletic Club,La Liga,2,38,3420,11,13,14,38,42,1.11,69,111,0.621621621621622,9,0.236842105263158,6,5,0,1,0.166666666666667
LL_BIL_2,LL_1,2,Athletic Club,La Liga,2,38,3420,14,13,11,38,36,0.95,96,131,0.725190839694656,13,0.342105263157895,3,3,0,0,0
LL_BIL_2,LL_1,3,Athletic Club,La Liga,2,38,3420,14,9,15,38,43,1.13,83,123,0.650406504065041,11,0.289473684210526,3,3,0,0,0
LL_BIL_2,LL_1,4,Athletic Club,La Liga,2,38,3420,19,11,8,38,37,0.97,98,134,0.723880597014925,18,0.473684210526316,5,1,1,3,0.6
LL_BIL_2,LL_1,5,Athletic Club,La Liga,3,38,3417,19,13,6,38,29,0.76,83,113,0.743362831858407,15,0.394736842105263,5,3,0,2,0.4
LL_CAD_6,LL_1,1,Cádiz,La Liga,3,38,3420,11,11,16,38,58,1.53,91,150,0.613333333333333,10,0.263157894736842,10,9,0,1,0.1
LL_CAD_6,LL_1,2,Cádiz,La Liga,1,38,3420,8,15,15,38,51,1.34,117,170,0.7,13,0.342105263157895,13,11,0,2,0.153846153846154
LL_CAD_6,LL_1,3,Cádiz,La Liga,2,38,3420,10,12,16,38,53,1.39,148,202,0.737623762376238,13,0.342105263157895,10,9,0,1,0.1
LL_CAD_6,LL_1,4,Cádiz,La Liga,2,38,3420,6,15,17,38,55,1.45,121,175,0.685714285714286,10,0.263157894736842,2,2,0,0,0
LL_CEL_7,LL_1,1,Celta Vigo,La Liga,2,38,3418,14,11,13,38,57,1.5,81,138,0.58695652173913,9,0.236842105263158,8,7,0,1,0.125
LL_CEL_7,LL_1,2,Celta Vigo,La Liga,1,38,3420,12,10,16,38,43,1.13,91,136,0.683823529411765,14,0.368421052631579,8,4,0,4,0.5
LL_CEL_7,LL_1,3,Celta Vigo,La Liga,2,38,3420,11,10,17,38,53,1.39,80,134,0.604477611940298,10,0.263157894736842,8,5,1,2,0.25
LL_CEL_7,LL_1,4,Celta Vigo,La Liga,2,38,3417,10,11,17,38,57,1.5,109,164,0.652439024390244,6,0.157894736842105,8,6,1,1,0.125
LL_CEL_7,LL_1,5,Celta Vigo,La Liga,2,38,3420,16,7,15,38,57,1.5,89,145,0.606896551724138,8,0.210526315789474,4,3,0,1,0.25
LL_EIB_8,LL_1,1,Eibar,La Liga,2,38,3420,6,12,20,38,52,1.37,82,135,0.614814814814815,9,0.236842105263158,5,3,1,1,0.2
LL_ELC_9,LL_1,1,Elche,La Liga,2,38,3420,8,12,18,38,55,1.45,106,163,0.662576687116564,7,0.184210526315789,10,6,1,3,0.3
LL_ELC_9,LL_1,2,Elche,La Liga,2,38,3420,11,9,18,38,52,1.37,121,174,0.701149425287356,8,0.210526315789474,9,7,1,1,0.111111111111111
LL_ELC_9,LL_1,3,Elche,La Liga,2,38,3420,5,10,23,38,67,1.76,140,208,0.677884615384615,4,0.105263157894737,10,7,0,3,0.3
LL_ESP_21,LL_1,2,Espanyol,La Liga,3,38,3420,10,12,16,38,53,1.39,118,169,0.686390532544379,10,0.263157894736842,5,4,1,0,0
LL_ESP_21,LL_1,3,Espanyol,La Liga,4,38,3419,8,13,17,38,69,1.82,115,183,0.622950819672131,6,0.157894736842105,6,5,0,1,0.166666666666667
LL_ESP_21,LL_1,5,Espanyol,La Liga,1,38,3420,11,9,18,38,51,1.34,140,192,0.734375,8,0.210526315789474,6,4,0,2,0.333333333333333
LL_GET_10,LL_1,1,Getafe,La Liga,2,38,3420,9,11,18,38,43,1.13,70,111,0.612612612612613,14,0.368421052631579,8,7,0,1,0.125
LL_GET_10,LL_1,2,Getafe,La Liga,2,38,3420,8,15,15,38,41,1.08,91,132,0.68939393939394,14,0.368421052631579,4,2,1,1,0.25
LL_GET_10,LL_1,3,Getafe,La Liga,1,38,3420,10,12,16,38,45,1.18,119,166,0.728915662650602,13,0.342105263157895,8,4,0,4,0.5
LL_GET_10,LL_1,4,Getafe,La Liga,2,38,3420,10,13,15,38,54,1.42,118,173,0.687861271676301,10,0.263157894736842,7,5,1,1,0.142857142857143
LL_GET_10,LL_1,5,Getafe,La Liga,1,38,3420,11,9,18,38,39,1.03,86,126,0.69047619047619,9,0.236842105263158,9,8,0,1,0.111111111111111
LL_GIR_25,LL_1,3,Girona,La Liga,2,38,3420,13,10,15,38,55,1.45,112,168,0.672619047619048,4,0.105263157894737,8,6,1,1,0.125
LL_GIR_25,LL_1,4,Girona,La Liga,1,38,3420,25,6,7,38,46,1.21,121,168,0.726190476190476,12,0.31578947368421,7,5,1,1,0.142857142857143
LL_GIR_25,LL_1,5,Girona,La Liga,3,38,3420,11,8,19,38,60,1.58,102,164,0.634146341463415,8,0.210526315789474,6,3,0,3,0.5
LL_GRA_11,LL_1,1,Granada,La Liga,3,38,3420,13,7,18,38,65,1.71,101,170,0.61764705882353,9,0.236842105263158,12,6,1,5,0.416666666666667
LL_GRA_11,LL_1,2,Granada,La Liga,2,38,3420,8,14,16,38,61,1.61,132,193,0.683937823834197,8,0.210526315789474,9,7,0,2,0.222222222222222
LL_GRA_11,LL_1,4,Granada,La Liga,4,38,3420,4,9,25,38,79,2.08,126,203,0.610837438423645,3,0.0789473684210526,6,5,1,0,0
LL_HUE_12,LL_1,1,Huesca,La Liga,2,38,3420,7,13,18,38,53,1.39,98,149,0.644295302013423,9,0.236842105263158,5,5,0,0,0
LL_LAP_26,LL_1,4,Las Palmas,La Liga,2,38,3416,10,10,18,38,47,1.24,109,156,0.698717948717949,8,0.210526315789474,9,5,1,3,0.333333333333333
LL_LAP_26,LL_1,5,Las Palmas,La Liga,2,38,3420,8,8,22,38,61,1.61,120,182,0.664835164835165,4,0.105263157894737,10,5,1,4,0.4
LL_LEG_27,LL_1,5,Leganés,La Liga,2,38,3420,9,13,16,38,56,1.47,122,175,0.68,11,0.289473684210526,8,7,1,0,0
LL_LEV_13,LL_1,1,Levante,La Liga,3,38,3420,9,14,15,38,57,1.5,108,163,0.650306748466258,4,0.105263157894737,4,3,1,0,0
LL_LEV_13,LL_1,2,Levante,La Liga,4,38,3420,8,11,19,38,76,2,126,203,0.625615763546798,7,0.184210526315789,6,5,0,1,0.166666666666667
LL_MAL_22,LL_1,2,Mallorca,La Liga,4,38,3420,10,9,19,38,63,1.66,91,152,0.585526315789474,9,0.236842105263158,8,6,0,2,0.25
LL_MAL_22,LL_1,3,Mallorca,La Liga,3,38,3420,14,8,16,38,43,1.13,101,145,0.703448275862069,13,0.342105263157895,7,6,0,1,0.142857142857143
LL_MAL_22,LL_1,4,Mallorca,La Liga,3,38,3420,8,16,14,38,44,1.16,104,148,0.702702702702703,10,0.263157894736842,5,4,0,1,0.2
LL_MAL_22,LL_1,5,Mallorca,La Liga,2,38,3420,13,9,16,38,44,1.16,122,165,0.733333333333333,9,0.236842105263158,3,3,0,0,0
LL_OSA_14,LL_1,1,Osasuna,La Liga,3,38,3415,11,11,16,38,48,1.26,94,142,0.661971830985916,11,0.289473684210526,8,5,1,2,0.25
LL_OSA_14,LL_1,2,Osasuna,La Liga,2,38,3420,12,11,15,38,51,1.34,99,151,0.662251655629139,12,0.31578947368421,7,4,0,3,0.428571428571429
LL_OSA_14,LL_1,3,Osasuna,La Liga,2,38,3420,15,8,15,38,42,1.11,107,148,0.716216216216216,11,0.289473684210526,4,1,2,1,0.25
LL_OSA_14,LL_1,4,Osasuna,La Liga,2,38,3420,12,9,17,38,56,1.47,95,152,0.631578947368421,10,0.263157894736842,2,1,0,1,0.5
LL_OSA_14,LL_1,5,Osasuna,La Liga,2,38,3420,12,16,10,38,52,1.37,136,187,0.72192513368984,9,0.236842105263158,7,7,0,0,0
LL_RAY_23,LL_1,2,Rayo Vallecano,La Liga,2,38,3417,11,9,18,38,50,1.32,112,163,0.693251533742331,9,0.236842105263158,9,7,0,2,0.222222222222222
LL_RAY_23,LL_1,3,Rayo Vallecano,La Liga,2,38,3420,13,10,15,38,53,1.39,95,144,0.631944444444444,9,0.236842105263158,5,4,1,0,0
LL_RAY_23,LL_1,4,Rayo Vallecano,La Liga,2,38,3420,8,14,16,38,48,1.26,104,151,0.682119205298013,13,0.342105263157895,2,1,0,1,0.5
LL_RAY_23,LL_1,5,Rayo Vallecano,La Liga,2,38,3420,13,13,12,38,45,1.18,107,153,0.705882352941176,10,0.263157894736842,8,6,0,2,0.25
LL_RMA_15,LL_1,1,Real Madrid,La Liga,1,38,3420,25,9,4,38,28,0.74,88,116,0.758620689655172,17,0.447368421052632,8,7,0,1,0.125
LL_RMA_15,LL_1,2,Real Madrid,La Liga,2,38,3420,26,8,4,38,31,0.82,97,129,0.75968992248062,16,0.421052631578947,5,3,0,2,0.4
LL_RMA_15,LL_1,3,Real Madrid,La Liga,2,38,3420,24,6,8,38,36,0.95,100,136,0.735294117647059,13,0.342105263157895,5,4,0,1,0.2
LL_RMA_15,LL_1,4,Real Madrid,La Liga,3,38,3420,29,8,1,38,26,0.68,93,118,0.779661016949152,21,0.552631578947368,1,1,0,0,0
LL_RMA_15,LL_1,5,Real Madrid,La Liga,3,38,3420,26,6,6,38,38,1,89,126,0.698412698412698,15,0.394736842105263,3,3,0,0,0
LL_RSC_16,LL_1,1,Real Sociedad,La Liga,1,38,3420,17,11,10,38,38,1,67,105,0.638095238095238,14,0.368421052631579,5,3,1,1,0.2
LL_RSC_16,LL_1,2,Real Sociedad,La Liga,2,38,3420,17,11,10,38,37,0.97,89,127,0.708661417322834,20,0.526315789473684,6,5,0,1,0.166666666666667
LL_RSC_16,LL_1,3,Real Sociedad,La Liga,1,38,3420,21,8,9,38,35,0.92,99,133,0.736842105263158,15,0.394736842105263,2,1,0,1,0.5
LL_RSC_16,LL_1,4,Real Sociedad,La Liga,2,38,3417,16,12,10,38,39,1.03,96,135,0.711111111111111,15,0.394736842105263,7,6,0,1,0.142857142857143
LL_RSC_16,LL_1,5,Real Sociedad,La Liga,2,38,3420,13,7,18,38,46,1.21,94,142,0.676056338028169,13,0.342105263157895,7,5,0,2,0.285714285714286
LL_SEV_17,LL_1,1,Sevilla,La Liga,2,38,3420,24,5,9,38,33,0.87,87,120,0.725,17,0.447368421052632,6,4,0,2,0.333333333333333
LL_SEV_17,LL_1,2,Sevilla,La Liga,3,38,3420,18,16,4,38,30,0.79,90,121,0.752066115702479,17,0.447368421052632,4,2,1,1,0.25
LL_SEV_17,LL_1,3,Sevilla,La Liga,2,38,3420,13,10,15,38,54,1.42,109,161,0.664596273291926,9,0.236842105263158,3,2,0,1,0.333333333333333
LL_SEV_17,LL_1,4,Sevilla,La Liga,3,38,3420,10,11,17,38,54,1.42,123,175,0.691428571428571,8,0.210526315789474,5,5,0,0,0
LL_SEV_17,LL_1,5,Sevilla,La Liga,2,38,3420,10,11,17,38,55,1.45,93,148,0.628378378378378,10,0.263157894736842,6,5,0,1,0.166666666666667
LL_VAL_18,LL_1,1,Valencia,La Liga,2,38,3420,10,13,15,38,53,1.39,121,175,0.697142857142857,7,0.184210526315789,8,5,0,3,0.375
LL_VAL_18,LL_1,2,Valencia,La Liga,3,38,3420,11,15,12,38,53,1.39,112,163,0.674846625766871,12,0.31578947368421,8,7,0,1,0.125
LL_VAL_18,LL_1,3,Valencia,La Liga,1,38,3420,11,9,18,38,45,1.18,105,148,0.695945945945946,7,0.184210526315789,5,2,3,0,0
LL_VAL_18,LL_1,4,Valencia,La Liga,3,38,3420,13,10,15,38,45,1.18,114,160,0.71875,13,0.342105263157895,6,3,0,3,0.5
LL_VAL_18,LL_1,5,Valencia,La Liga,2,38,3420,11,13,14,38,54,1.42,95,148,0.635135135135135,8,0.210526315789474,9,6,1,2,0.222222222222222
LL_VLD_19,LL_1,1,Valladolid,La Liga,2,38,3420,5,16,17,38,57,1.5,104,161,0.645962732919255,3,0.0789473684210526,7,6,1,0,0
LL_VLD_19,LL_1,3,Valladolid,La Liga,3,38,3420,11,7,20,38,63,1.66,134,199,0.683417085427136,9,0.236842105263158,10,6,1,3,0.3
LL_VLD_19,LL_1,5,Valladolid,La Liga,3,38,3420,4,4,30,38,90,2.37,115,204,0.558823529411765,5,0.131578947368421,7,7,0,0,0
LL_VLR_20,LL_1,1,Villarreal,La Liga,2,38,3420,15,13,10,38,44,1.16,83,126,0.650793650793651,10,0.263157894736842,9,7,1,1,0.111111111111111
LL_VLR_20,LL_1,2,Villarreal,La Liga,2,38,3420,16,11,11,38,37,0.97,91,128,0.7109375,14,0.368421052631579,5,4,0,1,0.2
LL_VLR_20,LL_1,3,Villarreal,La Liga,3,38,3420,19,7,12,38,40,1.05,110,149,0.731543624161074,12,0.31578947368421,4,4,0,0,0
LL_VLR_20,LL_1,4,Villarreal,La Liga,2,38,3420,14,11,13,38,65,1.71,150,214,0.696261682242991,6,0.157894736842105,6,6,0,0,0
LL_VLR_20,LL_1,5,Villarreal,La Liga,2,38,3420,20,10,8,38,51,1.34,110,160,0.68125,7,0.184210526315789,8,7,1,0,0
PL_ARS_1,PL_1,1,Arsenal,Premier League,3,38,3417,18,7,13,38,39,1.03,93,129,0.697674418604651,12,0.31578947368421,3,2,0,1,0.333333333333333
PL_ARS_1,PL_1,2,Arsenal,Premier League,2,38,3420,22,3,13,38,48,1.26,100,147,0.673469387755102,13,0.342105263157895,6,5,1,0,0
PL_ARS_1,PL_1,3,Arsenal,Premier League,1,38,3420,26,6,6,38,43,1.13,94,136,0.683823529411765,14,0.368421052631579,5,3,2,0,0
PL_ARS_1,PL_1,4,Arsenal,Premier League,2,38,3420,28,5,5,38,29,0.76,54,83,0.650602409638554,18,0.473684210526316,3,2,0,1,0.333333333333333
PL_ARS_1,PL_1,5,Arsenal,Premier League,1,38,3420,20,14,4,38,34,0.89,86,120,0.716666666666667,13,0.342105263157895,3,3,0,0,0
PL_AST_2,PL_1,1,Aston Villa,Premier League,1,38,3420,16,7,15,38,46,1.21,133,186,0.752688172043011,15,0.394736842105263,6,5,0,1,0.166666666666667
PL_AST_2,PL_1,2,Aston Villa,Premier League,3,38,3420,13,6,19,38,54,1.42,96,149,0.63758389261745,11,0.289473684210526,6,4,1,1,0.166666666666667
PL_AST_2,PL_1,3,Aston Villa,Premier League,2,38,3420,18,7,13,38,46,1.21,108,151,0.695364238410596,12,0.31578947368421,6,5,0,1,0.166666666666667
PL_AST_2,PL_1,4,Aston Villa,Premier League,2,38,3420,20,8,10,38,61,1.61,115,173,0.647398843930636,8,0.210526315789474,2,1,0,1,0.5
PL_AST_2,PL_1,5,Aston Villa,Premier League,2,38,3420,19,9,10,38,51,1.34,104,156,0.673076923076923,9,0.236842105263158,3,2,0,1,0.333333333333333
PL_BOU_3,PL_1,3,Bournemouth,Premier League,2,38,3420,11,6,21,38,71,1.87,136,204,0.651960784313726,8,0.210526315789474,7,6,1,0,0
PL_BOU_3,PL_1,4,Bournemouth,Premier League,3,38,3420,13,9,16,38,67,1.76,127,194,0.654639175257732,9,0.236842105263158,7,6,0,1,0.142857142857143
PL_BOU_3,PL_1,5,Bournemouth,Premier League,3,38,3420,15,11,12,38,46,1.21,126,172,0.732558139534884,9,0.236842105263158,4,4,0,0,0
PL_BRE_4,PL_1,2,Brentford,Premier League,3,38,3420,13,7,18,38,56,1.47,125,179,0.687150837988827,9,0.236842105263158,5,5,0,0,0
PL_BRE_4,PL_1,3,Brentford,Premier League,1,38,3420,15,14,9,38,46,1.21,154,197,0.766497461928934,12,0.31578947368421,2,2,0,0,0
PL_BRE_4,PL_1,4,Brentford,Premier League,2,38,3420,10,9,19,38,65,1.71,119,184,0.646739130434783,7,0.184210526315789,2,2,0,0,0
PL_BRE_4,PL_1,5,Brentford,Premier League,2,38,3420,16,8,14,38,57,1.5,153,207,0.72463768115942,8,0.210526315789474,1,1,0,0,0
PL_BRI_5,PL_1,1,Brighton,Premier League,2,38,3420,9,14,15,38,46,1.21,81,125,0.632,12,0.31578947368421,7,6,1,0,0
PL_BRI_5,PL_1,2,Brighton,Premier League,2,38,3419,12,15,11,38,44,1.16,102,146,0.698630136986301,11,0.289473684210526,4,3,1,0,0
PL_BRI_5,PL_1,3,Brighton,Premier League,2,38,3420,18,8,12,38,53,1.39,82,131,0.595419847328244,12,0.31578947368421,8,6,0,2,0.25
PL_BRI_5,PL_1,4,Brighton,Premier League,2,38,3420,12,12,14,38,62,1.63,105,165,0.624242424242424,6,0.157894736842105,6,6,0,0,0
PL_BRI_5,PL_1,5,Brighton,Premier League,2,38,3420,16,13,9,38,59,1.55,90,147,0.598639455782313,8,0.210526315789474,9,9,0,0,0
PL_BUR_21,PL_1,1,Burnley,Premier League,3,38,3420,10,9,19,38,55,1.45,125,179,0.692737430167598,11,0.289473684210526,3,3,0,0,0
PL_BUR_21,PL_1,2,Burnley,Premier League,2,38,3420,7,14,17,38,53,1.39,127,178,0.702247191011236,9,0.236842105263158,5,5,0,0,0
PL_BUR_21,PL_1,4,Burnley,Premier League,2,38,3420,5,9,24,38,78,2.05,168,244,0.680327868852459,2,0.0526315789473684,7,6,0,1,0.142857142857143
PL_CHE_6,PL_1,1,Chelsea,Premier League,3,38,3420,19,10,9,38,36,0.95,71,107,0.663551401869159,18,0.473684210526316,4,3,0,1,0.25
PL_CHE_6,PL_1,2,Chelsea,Premier League,2,38,3420,21,11,6,38,33,0.87,83,115,0.71304347826087,16,0.421052631578947,6,6,0,0,0
PL_CHE_6,PL_1,3,Chelsea,Premier League,2,38,3420,11,11,16,38,47,1.24,115,159,0.70440251572327,10,0.263157894736842,1,1,0,0,0
PL_CHE_6,PL_1,4,Chelsea,Premier League,2,38,3420,18,9,11,38,63,1.66,125,186,0.661290322580645,8,0.210526315789474,5,3,1,1,0.2
PL_CHE_6,PL_1,5,Chelsea,Premier League,2,38,3420,20,9,9,38,43,1.13,111,155,0.72258064516129,11,0.289473684210526,6,5,0,1,0.166666666666667
PL_CRY_7,PL_1,1,Crystal Palace,Premier League,2,38,3420,12,8,18,38,66,1.74,107,174,0.620689655172414,8,0.210526315789474,4,3,0,1,0.25
PL_CRY_7,PL_1,2,Crystal Palace,Premier League,2,38,3420,11,15,12,38,46,1.21,99,144,0.680555555555556,12,0.31578947368421,4,3,0,1,0.25
PL_CRY_7,PL_1,3,Crystal Palace,Premier League,3,38,3420,11,12,15,38,49,1.29,114,160,0.69375,9,0.236842105263158,4,4,0,0,0
PL_CRY_7,PL_1,4,Crystal Palace,Premier League,3,38,3420,13,10,15,38,58,1.53,98,154,0.623376623376623,10,0.263157894736842,3,3,0,0,0
PL_CRY_7,PL_1,5,Crystal Palace,Premier League,1,38,3420,13,14,11,38,51,1.34,101,150,0.66,11,0.289473684210526,2,1,0,1,0.5
PL_EVE_8,PL_1,1,Everton,Premier League,3,38,3420,17,8,13,38,48,1.26,114,161,0.701863354037267,12,0.31578947368421,4,3,1,0,0
PL_EVE_8,PL_1,2,Everton,Premier League,2,38,3420,11,6,21,38,66,1.74,127,188,0.648936170212766,8,0.210526315789474,2,2,0,0,0
PL_EVE_8,PL_1,3,Everton,Premier League,2,38,3420,8,12,18,38,57,1.5,127,185,0.691891891891892,9,0.236842105263158,6,5,0,1,0.166666666666667
PL_EVE_8,PL_1,4,Everton,Premier League,1,38,3420,13,9,16,38,51,1.34,117,165,0.690909090909091,13,0.342105263157895,8,8,0,0,0
PL_EVE_8,PL_1,5,Everton,Premier League,1,38,3420,11,15,12,38,44,1.16,117,163,0.730061349693252,12,0.31578947368421,2,0,0,2,1
PL_FUL_9,PL_1,1,Fulham,Premier League,2,38,3420,5,13,20,38,53,1.39,118,170,0.688235294117647,9,0.236842105263158,7,7,0,0,0
PL_FUL_9,PL_1,3,Fulham,Premier League,2,38,3420,15,7,16,38,53,1.39,144,196,0.729591836734694,9,0.236842105263158,8,7,0,1,0.125
PL_FUL_9,PL_1,4,Fulham,Premier League,1,38,3420,13,8,17,38,61,1.61,133,190,0.678947368421053,10,0.263157894736842,8,8,0,0,0
PL_FUL_9,PL_1,5,Fulham,Premier League,1,38,3420,15,9,14,38,54,1.42,106,159,0.660377358490566,5,0.131578947368421,4,3,0,1,0.25
PL_IPS_10,PL_1,5,Ipswich Town,Premier League,3,38,3420,4,10,24,38,82,2.16,130,210,0.60952380952381,2,0.0526315789473684,6,6,0,0,0
PL_LEE_24,PL_1,1,Leeds United,Premier League,2,38,3420,18,5,15,38,54,1.42,145,198,0.727272727272727,12,0.31578947368421,9,8,0,1,0.111111111111111
PL_LEE_24,PL_1,2,Leeds United,Premier League,2,38,3420,9,11,18,38,79,2.08,146,224,0.647321428571429,5,0.131578947368421,5,5,0,0,0
PL_LEE_24,PL_1,3,Leeds United,Premier League,2,38,3420,7,10,21,38,78,2.05,108,185,0.578378378378378,5,0.131578947368421,6,5,1,0,0
PL_LEI_11,PL_1,1,Leicester City,Premier League,1,38,3420,20,6,12,38,50,1.32,88,136,0.63235294117647,11,0.289473684210526,4,4,0,0,0
PL_LEI_11,PL_1,2,Leicester City,Premier League,2,38,3420,14,10,14,38,59,1.55,132,192,0.692708333333333,7,0.184210526315789,9,7,0,2,0.222222222222222
PL_LEI_11,PL_1,3,Leicester City,Premier League,2,38,3420,9,7,22,38,68,1.79,113,178,0.617977528089888,7,0.184210526315789,5,4,0,1,0.2
PL_LEI_11,PL_1,5,Leicester City,Premier League,3,38,3420,6,7,25,38,80,2.11,131,209,0.617224880382775,3,0.0789473684210526,4,3,0,1,0.25
PL_LIV_12,PL_1,1,Liverpool,Premier League,3,38,3420,20,9,9,38,42,1.11,97,140,0.7,12,0.31578947368421,8,4,3,1,0.125
PL_LIV_12,PL_1,2,Liverpool,Premier League,2,38,3420,28,8,2,38,26,0.68,82,107,0.757009345794392,21,0.552631578947368,0,0,0,0,0
PL_LIV_12,PL_1,3,Liverpool,Premier League,2,38,3420,19,10,9,38,47,1.24,111,157,0.700636942675159,14,0.368421052631579,4,2,1,1,0.25
PL_LIV_12,PL_1,4,Liverpool,Premier League,2,38,3420,24,10,4,38,41,1.08,108,147,0.72108843537415,10,0.263157894736842,1,1,0,0,0
PL_LIV_12,PL_1,5,Liverpool,Premier League,3,38,3420,25,9,4,38,41,1.08,98,138,0.702898550724638,14,0.368421052631579,2,1,0,1,0.5
PL_LUT_22,PL_1,4,Luton Town,Premier League,2,38,3420,6,8,24,38,85,2.24,142,223,0.618834080717489,2,0.0526315789473684,4,4,0,0,0
PL_MCI_13,PL_1,1,Manchester City,Premier League,3,38,3420,27,5,6,38,32,0.84,67,100,0.68,19,0.5,10,8,0,2,0.2
PL_MCI_13,PL_1,2,Manchester City,Premier League,2,38,3420,29,6,3,38,26,0.68,59,85,0.694117647058824,21,0.552631578947368,1,1,0,0,0
PL_MCI_13,PL_1,3,Manchester City,Premier League,2,38,3420,28,5,5,38,33,0.87,60,92,0.641304347826087,13,0.342105263157895,3,3,0,0,0
PL_MCI_13,PL_1,4,Manchester City,Premier League,2,38,3420,28,7,3,38,34,0.89,76,109,0.688073394495413,13,0.342105263157895,3,3,0,0,0
PL_MCI_13,PL_1,5,Manchester City,Premier League,2,38,3420,21,8,9,38,44,1.16,86,128,0.65625,13,0.342105263157895,4,4,0,0,0
PL_MUN_14,PL_1,1,Manchester Utd,Premier League,2,38,3420,21,11,6,38,44,1.16,98,141,0.687943262411348,13,0.342105263157895,4,4,0,0,0
PL_MUN_14,PL_1,2,Manchester Utd,Premier League,1,38,3420,16,10,12,38,57,1.5,124,180,0.683333333333333,8,0.210526315789474,5,3,0,2,0.4
PL_MUN_14,PL_1,3,Manchester Utd,Premier League,1,38,3420,23,6,9,38,43,1.13,99,142,0.697183098591549,17,0.447368421052632,3,2,0,1,0.333333333333333
PL_MUN_14,PL_1,4,Manchester Utd,Premier League,1,38,3420,18,6,14,38,58,1.53,146,203,0.714285714285714,9,0.236842105263158,7,7,0,0,0
PL_MUN_14,PL_1,5,Manchester Utd,Premier League,2,38,3420,11,9,18,38,54,1.42,96,149,0.63758389261745,10,0.263157894736842,4,3,0,1,0.25
PL_NEW_15,PL_1,1,Newcastle Utd,Premier League,2,38,3420,12,9,17,38,62,1.63,128,188,0.670212765957447,7,0.184210526315789,5,4,0,1,0.2
PL_NEW_15,PL_1,2,Newcastle Utd,Premier League,3,38,3420,13,10,15,38,62,1.63,104,165,0.624242424242424,8,0.210526315789474,6,5,0,1,0.166666666666667
PL_NEW_15,PL_1,3,Newcastle Utd,Premier League,2,38,3418,19,14,5,38,33,0.87,94,127,0.740157480314961,14,0.368421052631579,5,2,1,2,0.4
PL_NEW_15,PL_1,4,Newcastle Utd,Premier League,3,38,3420,18,6,14,38,62,1.63,133,195,0.682051282051282,10,0.263157894736842,5,4,0,1,0.2
PL_NEW_15,PL_1,5,Newcastle Utd,Premier League,2,38,3420,20,6,12,38,47,1.24,115,161,0.708074534161491,13,0.342105263157895,2,1,0,1,0.5
PL_NOR_25,PL_1,2,Norwich City,Premier League,2,38,3420,5,7,26,38,84,2.21,139,222,0.621621621621622,6,0.157894736842105,12,9,2,1,0.0833333333333333
PL_NOT_16,PL_1,3,Nott'ham Forest,Premier League,3,38,3420,9,11,18,38,68,1.79,112,182,0.626373626373626,8,0.210526315789474,9,6,1,2,0.222222222222222
PL_NOT_16,PL_1,4,Nott'ham Forest,Premier League,3,38,3420,9,9,20,38,67,1.76,98,163,0.588957055214724,4,0.105263157894737,4,4,0,0,0
PL_NOT_16,PL_1,5,Nott'ham Forest,Premier League,1,38,3420,19,8,11,38,46,1.21,119,165,0.721212121212121,13,0.342105263157895,3,3,0,0,0
PL_SHE_23,PL_1,1,Sheffield Utd,Premier League,1,38,3420,7,2,29,38,63,1.66,145,206,0.694174757281554,5,0.131578947368421,4,3,1,0,0
PL_SHE_23,PL_1,4,Sheffield Utd,Premier League,2,38,3420,3,7,28,38,104,2.74,166,263,0.604562737642586,1,0.0263157894736842,7,5,2,0,0
PL_SOU_17,PL_1,1,Southampton,Premier League,2,38,3420,12,7,19,38,68,1.79,110,178,0.617977528089888,9,0.236842105263158,9,8,0,1,0.111111111111111
PL_SOU_17,PL_1,2,Southampton,Premier League,3,38,3420,9,13,16,38,67,1.76,118,183,0.633879781420765,8,0.210526315789474,2,2,0,0,0
PL_SOU_17,PL_1,3,Southampton,Premier League,2,38,3420,6,7,25,38,73,1.92,81,150,0.513333333333333,4,0.105263157894737,3,2,0,1,0.333333333333333
PL_SOU_17,PL_1,5,Southampton,Premier League,3,38,3420,2,6,30,38,86,2.26,157,245,0.648979591836735,3,0.0789473684210526,9,7,0,2,0.222222222222222
PL_TOT_18,PL_1,1,Tottenham,Premier League,1,38,3420,18,8,12,38,45,1.18,113,155,0.709677419354839,12,0.31578947368421,10,10,0,0,0
PL_TOT_18,PL_1,2,Tottenham,Premier League,1,38,3420,22,5,11,38,40,1.05,98,137,0.708029197080292,16,0.421052631578947,2,2,0,0,0
PL_TOT_18,PL_1,3,Tottenham,Premier League,2,38,3420,18,6,14,38,63,1.66,109,172,0.633720930232558,10,0.263157894736842,4,3,0,1,0.25
PL_TOT_18,PL_1,4,Tottenham,Premier League,1,38,3420,20,6,12,38,61,1.61,109,167,0.634730538922156,7,0.184210526315789,7,7,0,0,0
PL_TOT_18,PL_1,5,Tottenham,Premier League,4,38,3420,11,5,22,38,65,1.71,119,180,0.638888888888889,6,0.157894736842105,3,3,0,0,0
PL_WAT_26,PL_1,2,Watford,Premier League,2,38,3420,6,5,27,38,77,2.03,113,188,0.590425531914894,4,0.105263157894737,7,6,0,1,0.142857142857143
PL_WES_19,PL_1,1,West Ham,Premier League,2,38,3420,19,8,11,38,47,1.24,103,147,0.680272108843537,11,0.289473684210526,5,3,1,1,0.2
PL_WES_19,PL_1,2,West Ham,Premier League,2,38,3420,16,8,14,38,51,1.34,113,165,0.690909090909091,8,0.210526315789474,6,2,1,3,0.5
PL_WES_19,PL_1,3,West Ham,Premier League,2,38,3420,11,7,20,38,55,1.45,115,170,0.676470588235294,9,0.236842105263158,6,4,1,1,0.166666666666667
PL_WES_19,PL_1,4,West Ham,Premier League,2,38,3420,14,10,14,38,74,1.95,169,241,0.692946058091286,5,0.131578947368421,10,8,0,2,0.2
PL_WES_19,PL_1,5,West Ham,Premier League,2,38,3420,11,10,17,38,62,1.63,127,186,0.666666666666667,7,0.184210526315789,3,3,0,0,0
PL_WES_27,PL_1,1,West Brom,Premier League,2,38,3420,5,11,22,38,76,2,166,240,0.683333333333333,6,0.157894736842105,11,7,3,1,0.0909090909090909
PL_WOL_20,PL_1,1,Wolves,Premier League,2,38,3420,12,9,17,38,52,1.37,102,152,0.657894736842105,10,0.263157894736842,8,7,0,1,0.125
PL_WOL_20,PL_1,2,Wolves,Premier League,2,38,3420,15,6,17,38,43,1.13,125,167,0.74251497005988,11,0.289473684210526,10,9,1,0,0
PL_WOL_20,PL_1,3,Wolves,Premier League,2,38,3420,11,8,19,38,58,1.53,115,174,0.666666666666667,11,0.289473684210526,4,2,0,2,0.5
PL_WOL_20,PL_1,4,Wolves,Premier League,2,38,3420,13,7,18,38,65,1.71,139,203,0.679802955665025,5,0.131578947368421,8,8,0,0,0
PL_WOL_20,PL_1,5,Wolves,Premier League,4,38,3420,12,6,20,38,69,1.82,100,168,0.589285714285714,8,0.210526315789474,9,7,0,2,0.222222222222222
SA_ATL_1,SA_1,1,Atalanta,Serie A,2,38,3417,23,9,6,38,47,1.24,63,112,0.580357142857143,11,0.289473684210526,8,5,0,3,0.375
SA_ATL_1,SA_1,2,Atalanta,Serie A,3,38,3419,16,11,11,38,48,1.26,94,139,0.654676258992806,10,0.263157894736842,6,5,1,0,0
SA_ATL_1,SA_1,3,Atalanta,Serie A,3,38,3420,19,7,12,38,48,1.26,107,153,0.686274509803922,9,0.236842105263158,3,3,0,0,0
SA_ATL_1,SA_1,4,Atalanta,Serie A,3,38,3420,21,6,11,38,42,1.11,99,142,0.704225352112676,15,0.394736842105263,9,6,1,2,0.222222222222222
SA_ATL_1,SA_1,5,Atalanta,Serie A,3,38,3420,22,8,8,38,37,0.97,112,147,0.748299319727891,15,0.394736842105263,2,2,0,0,0
SA_BEE_2,SA_1,1,Benevento,Serie A,2,38,3420,7,12,19,38,75,1.97,107,177,0.576271186440678,7,0.184210526315789,5,4,0,1,0.2
SA_BOL_3,SA_1,1,Bologna,Serie A,3,38,3420,10,11,17,38,65,1.71,128,193,0.663212435233161,5,0.131578947368421,9,7,0,2,0.222222222222222
SA_BOL_3,SA_1,2,Bologna,Serie A,3,38,3420,12,10,16,38,55,1.45,130,184,0.701086956521739,13,0.342105263157895,9,8,0,1,0.111111111111111
SA_BOL_3,SA_1,3,Bologna,Serie A,2,38,3420,14,12,12,38,49,1.29,117,165,0.703030303030303,8,0.210526315789474,9,7,0,2,0.222222222222222
SA_BOL_3,SA_1,4,Bologna,Serie A,3,38,3420,18,14,6,38,32,0.84,91,125,0.744,17,0.447368421052632,7,3,2,2,0.285714285714286
SA_BOL_3,SA_1,5,Bologna,Serie A,2,38,3420,16,14,8,38,47,1.24,60,106,0.556603773584906,12,0.31578947368421,3,2,0,1,0.333333333333333
SA_CAL_4,SA_1,1,Cagliari,Serie A,2,38,3420,9,10,19,38,59,1.55,144,203,0.70935960591133,7,0.184210526315789,5,5,0,0,0
SA_CAL_4,SA_1,2,Cagliari,Serie A,2,38,3420,6,12,20,38,68,1.79,115,185,0.632432432432432,3,0.0789473684210526,10,7,0,3,0.3
SA_CAL_4,SA_1,4,Cagliari,Serie A,3,38,3420,8,12,18,38,68,1.79,92,157,0.56687898089172,5,0.131578947368421,5,4,1,0,0
SA_CAL_4,SA_1,5,Cagliari,Serie A,4,38,3420,9,9,20,38,56,1.47,97,153,0.633986928104575,7,0.184210526315789,6,6,0,0,0
SA_COO_28,SA_1,5,Como,Serie A,3,38,3420,13,10,15,38,52,1.37,91,143,0.636363636363636,7,0.184210526315789,7,7,0,0,0
SA_CRM_24,SA_1,3,Cremonese,Serie A,3,38,3420,5,12,21,38,69,1.82,157,225,0.693333333333333,6,0.157894736842105,5,5,0,0,0
SA_CRT_5,SA_1,1,Crotone,Serie A,3,38,3420,6,5,27,38,92,2.42,126,216,0.574074074074074,3,0.0789473684210526,5,5,0,0,0
SA_EMP_21,SA_1,2,Empoli,Serie A,1,38,3420,10,11,17,38,70,1.84,150,216,0.675925925925926,7,0.184210526315789,10,5,3,2,0.2
SA_EMP_21,SA_1,3,Empoli,Serie A,3,38,3420,10,13,15,38,49,1.29,110,159,0.691823899371069,9,0.236842105263158,6,4,1,1,0.166666666666667
SA_EMP_21,SA_1,4,Empoli,Serie A,3,38,3420,9,9,20,38,54,1.42,130,185,0.708108108108108,9,0.236842105263158,8,6,0,2,0.25
SA_EMP_21,SA_1,5,Empoli,Serie A,3,38,3420,6,13,19,38,59,1.55,99,158,0.626582278481013,6,0.157894736842105,3,1,1,1,0.333333333333333
SA_FIR_6,SA_1,1,Fiorentina,Serie A,2,38,3420,9,13,16,38,59,1.55,92,152,0.611842105263158,9,0.236842105263158,11,8,0,3,0.272727272727273
SA_FIR_6,SA_1,2,Fiorentina,Serie A,2,38,3418,19,5,14,38,51,1.34,75,126,0.595238095238095,11,0.289473684210526,5,3,0,2,0.4
SA_FIR_6,SA_1,3,Fiorentina,Serie A,4,38,3420,15,11,12,38,43,1.13,78,120,0.641666666666667,10,0.263157894736842,8,7,0,1,0.125
SA_FIR_6,SA_1,4,Fiorentina,Serie A,3,38,3420,17,9,12,38,46,1.21,101,148,0.689189189189189,8,0.210526315789474,9,8,0,1,0.111111111111111
SA_FIR_6,SA_1,5,Fiorentina,Serie A,2,38,3420,19,8,11,38,41,1.08,106,148,0.722972972972973,12,0.31578947368421,3,1,0,2,0.666666666666667
SA_FRS_27,SA_1,4,Frosinone,Serie A,2,38,3420,8,11,19,38,69,1.82,112,180,0.616666666666667,7,0.184210526315789,8,5,2,1,0.125
SA_GEO_7,SA_1,1,Genoa,Serie A,3,38,3419,10,12,16,38,58,1.53,132,188,0.691489361702128,9,0.236842105263158,7,7,0,0,0
SA_GEO_7,SA_1,2,Genoa,Serie A,2,38,3420,4,16,18,38,60,1.58,125,184,0.673913043478261,10,0.263157894736842,5,4,0,1,0.2
SA_GEO_7,SA_1,4,Genoa,Serie A,3,38,3420,12,13,13,38,45,1.18,94,139,0.676258992805755,9,0.236842105263158,4,3,0,1,0.25
SA_GEO_7,SA_1,5,Genoa,Serie A,4,38,3420,10,13,15,38,49,1.29,110,158,0.689873417721519,11,0.289473684210526,8,6,0,2,0.25
SA_HEL_8,SA_1,1,Hellas Verona,Serie A,3,38,3420,11,12,15,38,48,1.26,99,145,0.668965517241379,7,0.184210526315789,7,6,1,0,0
SA_HEL_8,SA_1,2,Hellas Verona,Serie A,3,38,3420,14,11,13,38,59,1.55,101,159,0.628930817610063,4,0.105263157894737,4,3,0,1,0.25
SA_HEL_8,SA_1,3,Hellas Verona,Serie A,2,38,3420,7,10,21,38,59,1.55,128,185,0.681081081081081,6,0.157894736842105,2,1,0,1,0.5
SA_HEL_8,SA_1,4,Hellas Verona,Serie A,2,38,3420,9,11,18,38,51,1.34,113,163,0.687116564417178,8,0.210526315789474,2,2,0,0,0
SA_HEL_8,SA_1,5,Hellas Verona,Serie A,2,38,3420,10,7,21,38,66,1.74,106,172,0.616279069767442,8,0.210526315789474,4,2,1,1,0.25
SA_INT_9,SA_1,1,Inter,Serie A,3,38,3420,28,7,3,38,35,0.92,82,118,0.703389830508475,14,0.368421052631579,7,5,0,2,0.285714285714286
SA_INT_9,SA_1,2,Inter,Serie A,2,38,3420,25,9,4,38,32,0.84,96,127,0.748031496062992,15,0.394736842105263,4,4,0,0,0
SA_INT_9,SA_1,3,Inter,Serie A,3,38,3420,23,3,12,38,42,1.11,98,137,0.693430656934307,13,0.342105263157895,3,3,0,0,0
SA_INT_9,SA_1,4,Inter,Serie A,3,38,3420,29,7,2,38,22,0.58,90,113,0.805309734513274,21,0.552631578947368,4,2,1,1,0.25
SA_INT_9,SA_1,5,Inter,Serie A,2,38,3420,24,9,5,38,35,0.92,95,130,0.730769230769231,16,0.421052631578947,4,3,0,1,0.25
SA_JUV_10,SA_1,1,Juventus,Serie A,3,38,3420,23,9,6,38,38,1,82,121,0.68595041322314,8,0.210526315789474,9,6,0,3,0.333333333333333
SA_JUV_10,SA_1,2,Juventus,Serie A,3,38,3420,20,10,8,38,37,0.97,84,123,0.699186991869919,13,0.342105263157895,7,4,0,3,0.428571428571429
SA_JUV_10,SA_1,3,Juventus,Serie A,2,38,3420,22,6,10,38,33,0.87,99,133,0.75187969924812,20,0.526315789473684,5,4,0,1,0.2
SA_JUV_10,SA_1,4,Juventus,Serie A,3,38,3420,19,14,5,38,31,0.82,86,116,0.732758620689655,17,0.447368421052632,3,2,0,1,0.333333333333333
SA_JUV_10,SA_1,5,Juventus,Serie A,2,38,3420,18,16,4,38,35,0.92,84,119,0.705882352941176,17,0.447368421052632,5,5,0,0,0
SA_LAZ_11,SA_1,1,Lazio,Serie A,2,38,3420,21,5,12,38,55,1.45,98,151,0.635761589403974,12,0.31578947368421,10,10,0,0,0
SA_LAZ_11,SA_1,2,Lazio,Serie A,2,38,3420,18,10,10,38,58,1.53,89,146,0.602739726027397,9,0.236842105263158,6,5,1,0,0
SA_LAZ_11,SA_1,3,Lazio,Serie A,2,38,3418,22,8,8,38,30,0.79,99,128,0.765625,21,0.552631578947368,2,1,1,0,0
SA_LAZ_11,SA_1,4,Lazio,Serie A,2,38,3420,18,7,13,38,39,1.03,109,148,0.736486486486486,13,0.342105263157895,3,2,1,0,0
SA_LAZ_11,SA_1,5,Lazio,Serie A,2,38,3420,18,11,9,38,49,1.29,72,119,0.588235294117647,9,0.236842105263158,4,4,0,0,0
SA_LEC_25,SA_1,3,Lecce,Serie A,1,38,3420,8,12,18,38,46,1.21,112,156,0.705128205128205,6,0.157894736842105,6,5,0,1,0.166666666666667
SA_LEC_25,SA_1,4,Lecce,Serie A,1,38,3420,8,14,16,38,54,1.42,119,173,0.687861271676301,7,0.184210526315789,6,5,0,1,0.166666666666667
SA_LEC_25,SA_1,5,Lecce,Serie A,1,38,3420,8,10,20,38,58,1.53,125,181,0.679558011049724,9,0.236842105263158,10,8,1,1,0.1
SA_MIL_12,SA_1,1,Milan,Serie A,2,38,3420,24,7,7,38,41,1.08,92,133,0.691729323308271,14,0.368421052631579,5,3,1,1,0.2
SA_MIL_12,SA_1,2,Milan,Serie A,2,38,3420,26,8,4,38,31,0.82,95,125,0.752,18,0.473684210526316,5,4,0,1,0.2
SA_MIL_12,SA_1,3,Milan,Serie A,3,38,3420,20,10,8,38,43,1.13,80,123,0.650406504065041,12,0.31578947368421,5,4,0,1,0.2
SA_MIL_12,SA_1,4,Milan,Serie A,4,38,3419,22,9,7,38,49,1.29,115,163,0.699386503067485,13,0.342105263157895,8,8,0,0,0
SA_MIL_12,SA_1,5,Milan,Serie A,2,38,3420,18,9,11,38,43,1.13,101,142,0.697183098591549,13,0.342105263157895,2,1,0,1,0.5
SA_MON_26,SA_1,3,Monza,Serie A,2,38,3420,14,10,14,38,52,1.37,121,172,0.697674418604651,10,0.263157894736842,3,3,0,0,0
SA_MON_26,SA_1,4,Monza,Serie A,2,38,3420,11,12,15,38,51,1.34,138,191,0.732984293193717,12,0.31578947368421,9,7,0,2,0.222222222222222
SA_MON_26,SA_1,5,Monza,Serie A,3,38,3420,3,9,26,38,69,1.82,115,183,0.622950819672131,3,0.0789473684210526,4,2,0,2,0.5
SA_NAP_13,SA_1,1,Napoli,Serie A,2,38,3420,24,5,9,38,41,1.08,83,123,0.666666666666667,14,0.368421052631579,5,5,0,0,0
SA_NAP_13,SA_1,2,Napoli,Serie A,3,38,3420,24,7,7,38,31,0.82,106,136,0.772058823529412,16,0.421052631578947,1,1,0,0,0
SA_NAP_13,SA_1,3,Napoli,Serie A,2,38,3420,28,6,4,38,28,0.74,78,107,0.738317757009346,18,0.473684210526316,2,1,0,1,0.5
SA_NAP_13,SA_1,4,Napoli,Serie A,3,38,3420,13,14,11,38,48,1.26,78,128,0.625,7,0.184210526315789,4,2,0,2,0.5
SA_NAP_13,SA_1,5,Napoli,Serie A,3,38,3420,24,10,4,38,27,0.71,69,96,0.71875,19,0.5,4,1,1,2,0.5
SA_PAM_14,SA_1,1,Parma,Serie A,2,38,3420,3,11,24,38,83,2.18,111,191,0.56544502617801,5,0.131578947368421,3,3,0,0,0
SA_PAM_14,SA_1,5,Parma,Serie A,2,38,3330,7,15,16,38,58,1.53,102,158,0.632911392405063,7,0.184210526315789,5,5,0,0,0
SA_ROM_15,SA_1,1,Roma,Serie A,3,38,3420,18,8,12,38,58,1.53,114,167,0.652694610778443,11,0.289473684210526,6,5,0,1,0.166666666666667
SA_ROM_15,SA_1,2,Roma,Serie A,1,38,3420,18,9,11,38,43,1.13,104,146,0.705479452054794,15,0.394736842105263,6,5,0,1,0.166666666666667
SA_ROM_15,SA_1,3,Roma,Serie A,2,38,3420,18,9,11,38,38,1,80,118,0.677966101694915,14,0.368421052631579,3,2,0,1,0.333333333333333
SA_ROM_15,SA_1,4,Roma,Serie A,2,38,3420,18,9,11,38,46,1.21,107,151,0.695364238410596,11,0.289473684210526,5,3,1,1,0.2
SA_ROM_15,SA_1,5,Roma,Serie A,1,38,3420,20,9,9,38,35,0.92,117,151,0.768211920529801,16,0.421052631578947,4,4,0,0,0
SA_SAL_22,SA_1,2,Salernitana,Serie A,3,38,3420,7,10,21,38,78,2.05,144,221,0.647058823529412,2,0.0526315789473684,8,6,1,1,0.125
SA_SAL_22,SA_1,3,Salernitana,Serie A,3,38,3420,9,15,14,38,62,1.63,130,196,0.683673469387755,7,0.184210526315789,11,7,0,4,0.363636363636364
SA_SAL_22,SA_1,4,Salernitana,Serie A,3,38,3420,2,11,25,38,81,2.13,128,207,0.608695652173913,2,0.0526315789473684,10,10,0,0,0
SA_SAP_16,SA_1,1,Sampdoria,Serie A,2,38,3420,15,7,16,38,54,1.42,119,174,0.689655172413793,7,0.184210526315789,9,7,0,2,0.222222222222222
SA_SAP_16,SA_1,2,Sampdoria,Serie A,3,38,3420,10,6,22,38,63,1.66,123,185,0.65945945945946,7,0.184210526315789,4,3,0,1,0.25
SA_SAP_16,SA_1,3,Sampdoria,Serie A,3,38,3420,3,10,25,38,71,1.87,144,215,0.669767441860465,4,0.105263157894737,11,8,1,2,0.181818181818182
SA_SAS_17,SA_1,1,Sassuolo,Serie A,2,38,3420,17,11,10,38,56,1.47,130,186,0.698924731182796,8,0.210526315789474,5,4,0,1,0.2
SA_SAS_17,SA_1,2,Sassuolo,Serie A,3,38,3420,13,11,14,38,66,1.74,111,177,0.627118644067797,3,0.0789473684210526,9,8,0,1,0.111111111111111
SA_SAS_17,SA_1,3,Sassuolo,Serie A,3,38,3420,12,9,17,38,61,1.61,71,130,0.530769230769231,9,0.236842105263158,4,4,0,0,0
SA_SAS_17,SA_1,4,Sassuolo,Serie A,2,38,3420,7,9,22,38,75,1.97,101,173,0.566473988439306,3,0.0789473684210526,11,8,2,1,0.0909090909090909
SA_SPZ_18,SA_1,1,Spezia,Serie A,3,38,3420,9,12,17,38,72,1.89,105,178,0.595505617977528,5,0.131578947368421,10,9,0,1,0.1
SA_SPZ_18,SA_1,2,Spezia,Serie A,3,38,3420,10,6,22,38,71,1.87,139,208,0.658653846153846,7,0.184210526315789,13,10,2,1,0.0769230769230769
SA_SPZ_18,SA_1,3,Spezia,Serie A,4,38,3420,6,13,19,38,62,1.63,123,183,0.66120218579235,6,0.157894736842105,7,5,1,1,0.142857142857143
SA_TOR_19,SA_1,1,Torino,Serie A,3,38,3420,7,16,15,38,69,1.82,88,157,0.560509554140127,8,0.210526315789474,10,9,1,0,0
SA_TOR_19,SA_1,2,Torino,Serie A,3,38,3420,13,11,14,38,41,1.08,81,124,0.669354838709677,9,0.236842105263158,11,9,0,2,0.181818181818182
SA_TOR_19,SA_1,3,Torino,Serie A,1,38,3420,14,11,13,38,41,1.08,95,136,0.698529411764706,11,0.289473684210526,6,5,1,0,0
SA_TOR_19,SA_1,4,Torino,Serie A,2,38,3420,13,14,11,38,36,0.95,107,143,0.748251748251748,18,0.473684210526316,7,7,0,0,0
SA_TOR_19,SA_1,5,Torino,Serie A,2,38,3420,10,14,14,38,45,1.18,133,180,0.75,10,0.263157894736842,7,3,0,4,0.571428571428571
SA_UDN_20,SA_1,1,Udinese,Serie A,4,38,3420,10,10,18,38,58,1.53,101,159,0.635220125786164,8,0.210526315789474,14,14,0,0,0
SA_UDN_20,SA_1,2,Udinese,Serie A,2,38,3420,11,14,13,38,58,1.53,105,162,0.641975308641975,8,0.210526315789474,7,5,2,0,0
SA_UDN_20,SA_1,3,Udinese,Serie A,1,38,3420,11,13,14,38,48,1.26,91,137,0.64963503649635,10,0.263157894736842,7,6,1,0,0
SA_UDN_20,SA_1,4,Udinese,Serie A,2,38,3420,6,19,13,38,53,1.39,105,157,0.662420382165605,9,0.236842105263158,9,9,0,0,0
SA_UDN_20,SA_1,5,Udinese,Serie A,3,38,3420,12,8,18,38,56,1.47,113,164,0.658536585365854,9,0.236842105263158,8,7,1,0,0
SA_VEN_23,SA_1,2,Venezia,Serie A,3,38,3420,6,9,23,38,69,1.82,161,228,0.697368421052632,4,0.105263157894737,12,11,1,0,0
SA_VEN_23,SA_1,5,Venezia,Serie A,3,38,3420,5,14,19,38,56,1.47,134,188,0.702127659574468,6,0.157894736842105,11,10,0,1,0.0909090909090909
