player_goalkeeping_stats_id,player_id,team_id,league_id,season_id,player_performGK_CS,player_performGK_CS%,player_performGK_GA,player_performGK_GA90_new,player_performGK_Save%_new,player_performGK_SoTA,player_performGK_Saves,player_penaltyGK_PKA,player_penaltyGK_PKatt,player_penaltyGK_PKm,player_penaltyGK_PKsv,player_penaltyGK_Save%_new
1,92,LL_BET_5,LL_1,5,3,0.157894736842105,27,14.210526315789474,0.355263157894737,76,49,1,1,0,0,0
2,1764,LL_BET_5,LL_1,5,0,0,5,1.25,0.454545454545454,11,6,0,0,0,0,NaN
3,10,PL_SOU_17,PL_1,5,3,0.1,66,220,0.361702127659574,188,120,5,7,0,2,0.2857142857142857
4,241,PL_SOU_17,PL_1,5,0,0,13,2.6,0.351351351351351,37,24,2,2,0,0,0
5,2537,PL_SOU_17,PL_1,5,0,0,7,2.3333333333333335,0.35,20,13,0,0,0,0,NaN
6,1716,BL_AUG_2,BL_1,5,9,0.473684210526316,19,10,0.207317073170732,82,65,2,2,0,0,0
7,137,LL_OSA_14,LL_1,5,1,1,0,0,0,5,5,0,0,0,0,NaN
8,1148,BL_BAY_3,BL_1,5,0,0,5,1.6666666666666667,0.714285714285714,7,2,0,0,0,0,NaN
9,2603,BL_BAY_3,BL_1,5,2,0.25,12,1.5,0.428571428571429,28,16,0,0,0,0,NaN
10,3399,BL_BAY_3,BL_1,5,13,0.590909090909091,15,6.8181818181818175,0.333333333333333,45,30,1,2,1,0,0
11,151,L1_NAN_13,L1_1,5,2,0.166666666666667,19,15.833333333333334,0.346938775510204,49,32,3,3,0,0,0
12,494,L1_NAN_13,L1_1,5,3,0.166666666666667,26,1.4968336211859528,0.352112676056338,71,46,4,5,1,0,0
13,265,BL_BVB_4,BL_1,5,0,0,4,2,0.363636363636364,11,7,0,0,0,0,NaN
14,1977,BL_BVB_4,BL_1,5,7,0.21875,47,14.6875,0.364341085271318,129,82,4,4,0,0,0
15,103,LL_ALA_1,LL_1,5,1,0.5,2,1.4705882352941175,0.333333333333333,6,4,1,1,0,0,0
16,539,LL_ALA_1,LL_1,5,8,0.25,39,12.5,0.330357142857143,112,75,9,9,0,0,0
17,2486,LL_ALA_1,LL_1,5,0,0,7,1.2939001848428835,0.5,14,7,1,1,0,0,0
18,2866,BL_FRA_5,BL_1,5,3,0.333333333333333,12,1.411764705882353,0.239130434782609,46,35,1,1,0,0,0
19,2932,BL_FRA_5,BL_1,5,6,0.230769230769231,34,1.3333333333333333,0.299145299145299,117,82,0,2,0,2,1
20,168,SA_TOR_19,SA_1,5,0,0,3,3,0.428571428571429,7,4,0,0,0,0,NaN
21,1743,BL_FRE_6,BL_1,5,1,0.111111111111111,16,1.9115890083632021,0.5,30,15,2,2,0,0,0
22,200,SA_CAL_4,SA_1,5,1,0.142857142857143,11,1.5942028985507246,0.354838709677419,31,20,0,0,0,0,NaN
23,1458,SA_CAL_4,SA_1,5,5,0.277777777777778,22,12.222222222222221,0.333333333333333,66,44,1,1,0,0,0
24,1947,SA_CAL_4,SA_1,5,0,0,0,0,,0,0,0,0,0,0,NaN
25,2600,BL_GLA_7,BL_1,5,1,0.0833333333333333,26,2.391904323827047,0.375,72,45,2,3,0,1,0.3333333333333333
26,232,L1_TOU_25,L1_1,5,1,1,0,0,,0,0,0,0,0,0,NaN
27,1988,L1_TOU_25,L1_1,5,8,0.275862068965517,36,1.2738853503184713,0.369565217391304,92,58,1,2,0,1,0.5
28,2978,L1_TOU_25,L1_1,5,1,0.166666666666667,7,1.2658227848101264,0.4375,16,9,0,0,0,0,NaN
29,3219,BL_HOF_9,BL_1,5,0,0,15,2.5,0.4,35,21,1,1,0,0,0
30,242,SA_NAP_13,SA_1,5,16,0.470588235294118,25,0.7487271638215034,0.297619047619048,84,59,1,4,1,2,0.5
31,1458,SA_NAP_13,SA_1,5,3,0.75,1,0.2770083102493075,0.125,8,7,0,0,0,0,NaN
32,249,LL_BIL_2,LL_1,5,0,0,6,1.680672268907563,0.294117647058824,17,12,1,1,0,0,0
33,2763,LL_BIL_2,LL_1,5,5,0.357142857142857,9,0.6716417910447761,0.294117647058824,34,24,1,2,0,1,0.5
34,3306,BL_LEV_12,BL_1,5,6,0.206896551724138,38,13.10344827586207,0.296610169491525,118,83,4,4,0,0,0
35,250,PL_IPS_10,PL_1,5,0,0,30,23.076923076923077,0.394366197183099,71,43,1,1,0,0,0
36,554,PL_IPS_10,PL_1,5,1,0.0555555555555556,33,18.333333333333332,0.33,100,67,3,3,0,0,0
37,986,PL_IPS_10,PL_1,5,1,0.142857142857143,19,2.7142857142857144,0.487179487179487,39,20,2,2,0,0,0
38,3049,BL_MAI_13,BL_1,5,0,0,2,1,0.25,8,6,0,0,0,0,NaN
39,252,LL_RSC_16,LL_1,5,13,0.361111111111111,43,11.944444444444445,0.338461538461538,130,86,5,6,0,1,0.16666666666666666
40,3333,BL_LEI_14,BL_1,5,0,0,9,1.886792452830189,0.428571428571429,21,12,0,0,0,0,NaN
41,266,BL_STU_16,BL_1,5,7,0.205882352941176,53,15.588235294117647,0.389705882352941,136,83,2,3,0,1,0.3333333333333333
42,268,BL_UNI_17,BL_1,5,0,0,13,2.1666666666666665,0.464285714285714,28,15,1,1,0,0,0
43,1811,BL_UNI_17,BL_1,5,8,0.285714285714286,37,13.214285714285715,0.36036036036036,111,71,1,5,0,4,0.8
44,304,PL_LIV_12,PL_1,5,9,0.321428571428571,29,1.040545389307499,0.27,100,73,1,1,0,0,0
45,859,PL_LIV_12,PL_1,5,4,0.4,12,1.2,0.351351351351351,37,24,0,1,0,1,1
46,317,PL_WES_19,PL_1,5,5,0.192307692307692,41,16.334661354581673,0.330434782608696,115,77,0,0,0,0,NaN
47,3316,PL_WES_19,PL_1,5,2,0.142857142857143,21,16.27906976744186,0.295774647887324,71,50,3,3,0,0,0
48,2832,BL_WOL_19,BL_1,5,5,0.172413793103448,49,1.7061281337047354,0.357664233576642,137,88,2,3,0,1,0.3333333333333333
49,319,PL_MUN_14,PL_1,5,1,0.25,10,2.5,0.529411764705882,17,8,0,0,0,0,NaN
50,392,PL_MUN_14,PL_1,5,9,0.264705882352941,44,12.941176470588236,0.333333333333333,132,88,3,4,0,1,0.25
51,327,LL_SEV_17,LL_1,5,3,0.333333333333333,16,1.9277108433734937,0.444444444444444,36,20,2,2,0,0,0
52,389,LL_VLD_19,LL_1,5,0,0,20,3.3333333333333335,0.512820512820513,39,19,3,3,0,0,0
53,570,LL_VLD_19,LL_1,5,0,0,2,2,1,2,0,0,0,0,0,NaN
54,2850,LL_VLD_19,LL_1,5,5,0.161290322580645,68,21.93548387096774,0.411042944785276,163,96,4,4,0,0,0
55,1795,BL_HEI_23,BL_1,5,2,1,0,0,0,2,2,0,0,0,0,NaN
56,2921,BL_HEI_23,BL_1,5,7,0.212121212121212,64,1.9595835884874466,0.378698224852071,169,105,6,6,0,0,0
57,408,SA_MON_26,SA_1,5,0,0,0,0,,0,0,0,0,0,0,NaN
58,450,LL_RMA_15,LL_1,5,4,0.571428571428571,7,1,0.35,20,13,0,0,0,0,NaN
59,1759,LL_RMA_15,LL_1,5,0,0,2,2,1,2,0,0,0,0,0,NaN
60,682,BL_STP_25,BL_1,5,0,0,2,1.9801980198019802,0.4,5,3,0,0,0,0,NaN
61,518,PL_TOT_18,PL_1,5,1,0.166666666666667,11,1.8333333333333333,0.28125,32,23,0,0,0,0,NaN
62,791,PL_TOT_18,PL_1,5,0,0,2,2,0.5,4,2,0,0,0,0,NaN
63,1803,PL_TOT_18,PL_1,5,1,0.142857142857143,15,2.142857142857143,0.357142857142857,42,27,2,2,0,0,0
64,1983,PL_TOT_18,PL_1,5,4,0.166666666666667,37,15.416666666666668,0.343137254901961,102,67,1,1,0,0,0
65,2341,LL_ATM_3,LL_1,5,15,0.416666666666667,30,8.333333333333334,0.245614035087719,114,86,5,5,0,0,0
66,2751,LL_ATM_3,LL_1,5,2,1,0,0,0,2,2,0,0,0,0,NaN
67,2177,LL_BAR_4,LL_1,5,4,0.25,18,1.1605415860735009,0.339622641509434,53,35,2,2,0,0,0
68,572,L1_PSG_16,L1_1,5,0,0,1,1,0.25,4,3,0,0,0,0,NaN
69,1917,L1_PSG_16,L1_1,5,4,0.166666666666667,25,1.076194575979337,0.337837837837838,74,49,1,1,0,0,0
70,588,L1_LEH_26,L1_1,5,3,0.166666666666667,38,21.11111111111111,0.419354838709677,93,54,2,3,0,1,0.3333333333333333
71,2248,LL_CEL_7,LL_1,5,0,0,9,2.25,0.444444444444444,18,10,0,1,0,1,1
72,617,LL_RAY_23,LL_1,5,8,0.25,39,12.1875,0.300751879699248,133,93,6,8,0,2,0.25
73,1109,LL_RAY_23,LL_1,5,2,0.333333333333333,6,1,0.3,20,14,0,0,0,0,NaN
74,668,PL_BRI_5,PL_1,5,7,0.194444444444444,58,16.11111111111111,0.391608391608392,143,87,9,9,0,0,0
75,2368,PL_BRI_5,PL_1,5,1,0.5,1,0.5,0.25,4,3,0,0,0,0,NaN
76,1235,LL_GET_10,LL_1,5,9,0.236842105263158,39,10.263157894736842,0.317460317460317,126,86,8,9,0,1,0.1111111111111111
77,718,L1_MOP_12,L1_1,5,1,0.0333333333333333,68,226.66666666666669,0.38150289017341,173,107,6,7,0,1,0.14285714285714285
78,1350,L1_MOP_12,L1_1,5,0,0,11,2.75,0.523809523809524,21,10,2,2,0,0,0
79,723,SA_GEO_7,SA_1,5,0,0,2,1.183431952662722,0.166666666666667,12,10,0,0,0,0,NaN
80,1162,SA_GEO_7,SA_1,5,0,0,1,3.2258064516129035,0.333333333333333,3,2,0,0,0,0,NaN
81,741,PL_FUL_9,PL_1,5,5,0.131578947368421,54,14.210526315789474,0.333333333333333,159,106,3,4,0,1,0.25
82,813,L1_REN_18,L1_1,5,5,0.294117647058824,27,1.5891701000588583,0.333333333333333,87,58,1,3,0,2,0.6666666666666666
83,1855,L1_REN_18,L1_1,5,0,0,0,0,,0,0,0,0,0,0,NaN
84,813,L1_LEN_5,L1_1,5,7,0.466666666666667,14,9.333333333333334,0.259259259259259,54,40,4,4,0,0,0
85,2071,L1_LEN_5,L1_1,5,0,0,8,1.6,0.307692307692308,26,18,2,2,0,0,0
86,1927,LL_VAL_18,LL_1,5,8,0.235294117647059,48,14.117647058823529,0.345588235294118,136,89,5,7,0,2,0.2857142857142857
87,1002,SA_LAZ_11,SA_1,5,4,0.444444444444444,7,0.7777777777777778,0.259259259259259,27,20,0,0,0,0,NaN
88,2238,SA_LAZ_11,SA_1,5,5,0.172413793103448,42,14.482758620689655,0.434782608695652,92,52,4,4,0,0,0
89,1317,LL_VLR_20,LL_1,5,2,0.0909090909090909,33,1.5137614678899083,0.340425531914894,94,62,3,4,1,0,0
90,3294,LL_VLR_20,LL_1,5,5,0.294117647058824,18,1.1111111111111112,0.272727272727273,66,48,4,4,0,0,0
91,1124,PL_WOL_20,PL_1,5,1,0.5,4,2,0.333333333333333,12,8,0,0,0,0,NaN
92,2691,PL_WOL_20,PL_1,5,7,0.241379310344828,48,1.6557433597792344,0.41025641025641,117,69,5,7,0,2,0.2857142857142857
93,2509,LL_ESP_21,LL_1,5,8,0.210526315789474,51,13.421052631578949,0.270833333333333,192,140,4,6,0,2,0.3333333333333333
94,1384,LL_MAL_22,LL_1,5,7,0.225806451612903,34,10.96774193548387,0.28448275862069,116,83,2,2,0,0,0
95,3096,LL_MAL_22,LL_1,5,2,0.285714285714286,10,1.4285714285714286,0.204081632653061,49,39,1,1,0,0,0
96,1160,SA_UDN_20,SA_1,5,1,1,0,0,0,3,3,0,0,0,0,NaN
97,3341,SA_UDN_20,SA_1,5,4,0.16,40,16,0.336363636363636,110,73,4,5,1,0,0
98,1184,PL_LEI_11,PL_1,5,0,0,6,4,0.6,10,4,0,0,0,0,NaN
99,2309,PL_LEI_11,PL_1,5,2,0.2,16,1.6,0.363636363636364,44,28,0,0,0,0,NaN
100,3337,PL_LEI_11,PL_1,5,1,0.037037037037037,58,2.188679245283019,0.361290322580645,155,99,3,4,0,1,0.25
101,1213,SA_FIR_6,SA_1,5,11,0.314285714285714,38,10.857142857142858,0.288888888888889,135,96,1,3,0,2,0.6666666666666666
102,1351,LL_LAP_26,LL_1,5,1,0.0769230769230769,19,1.5754560530679933,0.351851851851852,54,35,1,2,0,1,0.5
103,2369,LL_LAP_26,LL_1,5,3,0.111111111111111,42,1.6191210485736314,0.3359375,128,85,4,8,1,3,0.375
104,1232,PL_ARS_1,PL_1,5,13,0.342105263157895,34,8.947368421052632,0.283333333333333,120,86,3,3,0,0,0
105,2755,LL_LEG_27,LL_1,5,1,0.166666666666667,7,1.1666666666666667,0.24,25,19,0,0,0,0,NaN
106,2751,SA_ATL_1,SA_1,5,1,1,0,0,0,4,4,0,0,0,0,NaN
107,1257,PL_CRY_7,PL_1,5,11,0.289473684210526,51,13.421052631578949,0.326666666666667,150,101,1,2,0,1,0.5
108,1303,SA_EMP_21,SA_1,5,6,0.1875,45,14.0625,0.368,125,79,1,3,1,1,0.3333333333333333
109,2283,SA_EMP_21,SA_1,5,0,0,3,3,0.5,6,3,0,0,0,0,NaN
110,1658,SA_BOL_3,SA_1,5,4,0.333333333333333,14,1.1935208866155158,0.583333333333333,24,10,1,1,0,0,0
111,3319,SA_BOL_3,SA_1,5,8,0.296296296296296,33,1.2561857632280167,0.390243902439024,82,50,1,2,0,1,0.5
112,1389,L1_AUX_24,L1_1,5,9,0.28125,48,15,0.280487804878049,164,118,5,6,0,1,0.16666666666666666
113,3177,SA_HEL_8,SA_1,5,8,0.222222222222222,64,17.77777777777778,0.397515527950311,161,97,2,4,1,1,0.25
114,1393,L1_STR_20,L1_1,5,10,0.32258064516129,38,12.258064516129032,0.251700680272109,147,110,7,8,0,1,0.125
115,2853,L1_STR_20,L1_1,5,0,0,6,2,0.272727272727273,22,16,1,1,0,0,0
116,2696,SA_INT_9,SA_1,5,3,0.6,3,0.6,0.214285714285714,14,11,0,0,0,0,NaN
117,1423,PL_MCI_13,PL_1,5,10,0.384615384615385,26,10.077519379844961,0.320512820512821,78,53,2,2,0,0,0
118,1484,SA_COO_28,SA_1,5,0,0,18,2.25,0.529411764705882,34,16,4,4,0,0,0
119,2404,SA_COO_28,SA_1,5,5,0.263157894736842,20,1.0804970286331712,0.294117647058824,68,48,2,2,0,0,0
120,1492,PL_AST_2,PL_1,5,8,0.216216216216216,45,1.267962806424345,0.323943661971831,142,96,1,2,0,1,0.5
121,3070,SA_PAM_14,SA_1,5,0,0,3,3,0.5,6,3,0,0,0,0,NaN
122,1698,PL_CHE_6,PL_1,5,1,0.166666666666667,9,1.5,0.321428571428571,28,19,1,1,0,0,0
123,1703,SA_VEN_23,SA_1,5,0,0,23,1.5141540487162608,0.27710843373494,83,60,4,5,0,1,0.2
124,2187,SA_VEN_23,SA_1,5,4,0.266666666666667,18,12,0.276923076923077,65,47,3,3,0,0,0
125,2477,SA_VEN_23,SA_1,5,2,0.25,15,1.9206145966709347,0.325,40,27,3,3,0,0,0
126,1857,L1_SAI_19,L1_1,5,5,0.147058823529412,77,22.647058823529413,0.368421052631579,209,132,13,15,0,2,0.13333333333333333
127,1889,L1_MAR_9,L1_1,5,5,0.147058823529412,47,13.823529411764707,0.355555555555556,135,87,3,6,0,3,0.5
128,1975,L1_BRE_3,L1_1,5,0,0,5,2.5,0.307692307692308,13,9,0,0,0,0,NaN
129,3237,L1_LIL_6,L1_1,5,11,0.323529411764706,36,10.588235294117647,0.277777777777778,126,91,4,4,0,0,0
130,2009,PL_BRE_4,PL_1,5,1,0.5,2,1.2422360248447204,0.25,4,3,0,0,0,0,NaN
131,3255,L1_LYO_8,L1_1,5,10,0.303030303030303,44,13.333333333333334,0.275,160,116,3,3,0,0,0
132,2644,PL_EVE_8,PL_1,5,12,0.31578947368421,44,11.578947368421053,0.282208588957055,163,117,0,2,0,2,1
133,2898,PL_BOU_3,PL_1,5,8,0.258064516129032,39,12.580645161290322,0.291044776119403,134,95,4,4,0,0,0
134,3420,LL_BAR_4,LL_1,5,1,0.125,9,1.2016021361815754,0.409090909090909,22,13,1,1,0,0,0
135,3433,L1_NIC_14,L1_1,5,8,0.235294117647059,41,12.058823529411764,0.254658385093168,161,120,2,3,0,1,0.3333333333333333
136,3439,L1_BRE_3,L1_1,5,10,0.3125,54,16.875,0.421875,128,74,8,10,1,1,0.1
137,3441,SA_ATL_1,SA_1,5,13,0.382352941176471,34,10,0.248062015503876,129,97,2,2,0,0,0
138,3461,SA_EMP_21,SA_1,5,0,0,11,2.2,0.37037037037037,27,17,0,0,0,0,NaN
139,3462,SA_MIL_12,SA_1,5,1,0.5,2,1.4285714285714286,0.333333333333333,6,4,0,0,0,0,NaN
140,3508,BL_WOL_19,BL_1,5,1,0.166666666666667,5,0.9469696969696969,0.217391304347826,23,18,0,0,0,0,NaN
141,3510,PL_BRE_4,PL_1,5,7,0.189189189189189,55,1.5114042319318495,0.261083743842365,203,150,1,1,0,0,0
142,3515,PL_BOU_3,PL_1,5,1,0.2,5,1,0.2,25,20,0,0,0,0,NaN
143,3518,LL_LEG_27,LL_1,5,10,0.3125,49,15.3125,0.313333333333333,150,103,7,8,1,0,0
144,3541,PL_NEW_15,PL_1,5,5,0.5,12,1.2,0.292682926829268,41,29,0,0,0,0,NaN
145,3582,BL_LEV_12,BL_1,5,3,0.6,5,1,0.25,16,12,0,0,0,0,NaN
146,3612,L1_LEN_5,L1_1,5,6,0.428571428571429,17,12.142857142857144,0.290322580645161,62,44,2,3,0,1,0.3333333333333333
147,3625,L1_LEH_26,L1_1,5,1,0.0625,33,20.625,0.390243902439024,82,50,3,3,0,0,0
148,3686,SA_JUV_10,SA_1,5,3,0.6,3,0.6,0.1875,16,13,0,0,0,0,NaN
149,3694,L1_PSG_16,L1_1,5,3,0.3,9,0.9211873080859775,0.32,25,17,2,2,0,0,0
150,3695,PL_NOT_16,PL_1,5,13,0.342105263157895,46,12.105263157894738,0.278787878787879,165,119,3,3,0,0,0
151,3755,L1_ANG_1,L1_1,5,0,0,2,2,0.5,4,2,1,1,0,0,0
152,3781,BL_BRE_18,BL_1,5,10,0.294117647058824,57,16.764705882352942,0.346153846153846,156,102,3,3,0,0,0
153,3789,SA_JUV_10,SA_1,5,14,0.424242424242424,32,9.696969696969697,0.310679611650485,103,71,5,5,0,0,0
154,3819,SA_MIL_12,SA_1,5,12,0.324324324324324,41,1.1202185792349726,0.286764705882353,136,97,1,2,0,1,0.5
155,3835,SA_ROM_15,SA_1,5,16,0.421052631578947,35,9.210526315789474,0.225165562913907,151,117,4,4,0,0,0
156,3895,BL_GLA_7,BL_1,5,4,0.210526315789474,25,1.372872048325096,0.25,92,69,5,5,0,0,0
157,3990,BL_AUG_2,BL_1,5,2,0.133333333333333,32,21.333333333333332,0.432432432432432,74,42,3,3,0,0,0
158,4006,PL_BOU_3,PL_1,5,0,0,2,1,0.153846153846154,13,11,0,0,0,0,NaN
159,4021,PL_NEW_15,PL_1,5,8,0.285714285714286,35,12.5,0.283333333333333,120,86,1,2,0,1,0.5
160,4034,SA_GEO_7,SA_1,5,10,0.344827586206897,31,10.689655172413794,0.261261261261261,111,82,3,4,0,1,0.25
161,4096,BL_STP_25,BL_1,5,9,0.272727272727273,39,1.1821764170960896,0.311111111111111,135,93,1,5,0,4,0.8
162,4107,BL_FRE_6,BL_1,5,10,0.384615384615385,37,1.443620756925478,0.325,120,81,0,2,0,2,1
163,4159,BL_HOF_9,BL_1,5,4,0.142857142857143,53,18.92857142857143,0.391304347826087,138,84,2,5,0,3,0.6
164,4193,LL_SEV_17,LL_1,5,7,0.233333333333333,39,1.3131313131313131,0.348214285714286,112,73,3,4,0,1,0.25
165,4296,BL_BOC_20,BL_1,5,2,0.0952380952380952,46,21.904761904761905,0.484848484848485,99,51,3,5,0,2,0.4
166,4307,L1_NAN_13,L1_1,5,1,0.2,7,1.511879049676026,0.25,28,21,0,0,0,0,NaN
167,4313,LL_GIR_25,LL_1,5,0,0,2,4,0.666666666666667,3,1,0,0,0,0,NaN
168,4334,LL_GIR_25,LL_1,5,8,0.222222222222222,51,1.4366197183098592,0.370629370629371,143,90,2,5,0,3,0.6
169,4365,SA_COO_28,SA_1,5,2,0.166666666666667,14,1.2184508268059182,0.341463414634146,41,27,1,1,0,0,0
170,4382,BL_LEI_14,BL_1,5,14,0.466666666666667,39,1.3342456380431065,0.291970802919708,137,97,2,3,0,1,0.3333333333333333
171,4396,L1_MON_11,L1_1,5,8,0.421052631578947,19,10,0.301587301587302,63,44,1,1,0,0,0
172,4409,SA_GEO_7,SA_1,5,1,0.142857142857143,15,2.142857142857143,0.5,32,16,3,4,0,1,0.25
173,4423,SA_FIR_6,SA_1,5,1,0.333333333333333,3,1,0.230769230769231,13,10,0,0,0,0,NaN
174,4454,L1_MON_11,L1_1,5,3,0.2,22,14.666666666666666,0.338461538461538,65,43,2,2,0,0,0
175,4522,SA_UDN_20,SA_1,5,4,0.333333333333333,16,13.333333333333334,0.274509803921569,51,37,3,3,0,0,0
176,4539,L1_LYO_8,L1_1,5,0,0,2,2,0.333333333333333,6,4,0,0,0,0,NaN
177,4595,PL_CHE_6,PL_1,5,10,0.3125,34,10.625,0.275590551181102,127,92,4,5,0,1,0.2
178,4622,PL_AST_2,PL_1,5,1,0.25,6,2.3904382470119523,0.428571428571429,14,8,1,1,0,0,0
179,4624,BL_MAI_13,BL_1,5,9,0.28125,41,12.8125,0.295774647887324,142,100,4,5,0,1,0.2
180,4705,SA_ATL_1,SA_1,5,1,0.333333333333333,3,1,0.214285714285714,14,11,0,0,0,0,NaN
181,4706,LL_BET_5,LL_1,5,4,0.266666666666667,18,12,0.314814814814815,54,37,3,3,0,0,0
182,4756,PL_WOL_20,PL_1,5,0,0,17,2.4285714285714284,0.41025641025641,39,23,2,2,0,0,0
183,4863,SA_MON_26,SA_1,5,1,0.111111111111111,17,2.078239608801956,0.421052631578947,38,22,0,0,0,0,NaN
184,4899,LL_OSA_14,LL_1,5,8,0.216216216216216,52,14.054054054054053,0.28021978021978,182,131,7,7,0,0,0
185,4963,SA_HEL_8,SA_1,5,0,0,2,1,0.181818181818182,11,9,0,0,0,0,NaN
186,4966,SA_CAL_4,SA_1,5,1,0.0769230769230769,23,17.692307692307693,0.410714285714286,56,33,5,5,0,0,0
187,4966,SA_NAP_13,SA_1,5,0,0,1,1,0.25,4,3,0,0,0,0,NaN
188,5014,PL_MCI_13,PL_1,5,3,0.230769230769231,18,150,0.34,50,33,2,2,0,0,0
189,5025,SA_MON_26,SA_1,5,2,0.0666666666666667,52,1.7490750084090145,0.358620689655172,145,93,2,4,0,2,0.5
190,5036,L1_REN_18,L1_1,5,6,0.333333333333333,23,1.3930950938824953,0.431372549019608,51,29,2,3,0,1,0.3333333333333333
191,5050,LL_VAL_18,LL_1,5,0,0,6,1.5,0.5,12,6,1,2,1,0,0
192,5064,BL_BAY_3,BL_1,5,1,1,0,0,,0,0,0,0,0,0,NaN
193,5108,L1_AUX_24,L1_1,5,1,0.5,3,1.5,0.444444444444444,9,5,1,2,0,1,0.5
194,5128,LL_RMA_15,LL_1,5,11,0.366666666666667,29,96.66666666666667,0.269230769230769,104,76,3,3,0,0,0
195,5137,BL_KIE_24,BL_1,5,0,0,19,2.111111111111111,0.345454545454545,55,36,2,3,0,1,0.3333333333333333
196,5158,BL_GLA_7,BL_1,5,2,0.4,3,0.7109004739336493,0.130434782608696,23,20,0,0,0,0,NaN
197,5185,BL_BOC_20,BL_1,5,3,0.230769230769231,22,16.923076923076923,0.407407407407407,54,32,0,1,1,0,0
198,5188,BL_KIE_24,BL_1,5,2,0.08,61,24.4,0.421428571428571,140,81,4,4,0,0,0
199,5202,BL_GLA_7,BL_1,5,0,0,3,4.545454545454545,0.75,4,1,0,0,0,0,NaN
200,5214,PL_WOL_20,PL_1,5,0,0,0,0,,0,0,0,0,0,0,NaN
201,5296,LL_RSC_16,LL_1,5,0,0,3,1.5,0.333333333333333,12,8,0,1,0,1,1
202,5299,LL_BIL_2,LL_1,5,10,0.476190476190476,14,6.666666666666666,0.241935483870968,62,47,1,2,0,1,0.5
203,5326,SA_TOR_19,SA_1,5,10,0.27027027027027,42,11.35135135135135,0.254335260115607,173,129,3,7,0,4,0.5714285714285714
204,5339,LL_CEL_7,LL_1,5,8,0.235294117647059,48,14.117647058823529,0.377952755905512,127,79,3,3,0,0,0
205,5380,PL_LIV_12,PL_1,5,1,1,0,0,0,1,1,0,0,0,0,NaN
206,5395,LL_GIR_25,LL_1,5,0,0,7,3.5,0.388888888888889,18,11,1,1,0,0,0
207,5457,SA_LEC_25,SA_1,5,9,0.236842105263158,58,15.263157894736842,0.30939226519337,181,125,8,10,1,1,0.1
208,5458,LL_BAR_4,LL_1,5,8,0.533333333333333,12,8,0.363636363636364,33,21,1,1,0,0,0
209,5480,L1_ANG_1,L1_1,5,7,0.212121212121212,51,15.454545454545455,0.274193548387097,186,135,3,4,1,0,0
210,5499,SA_INT_9,SA_1,5,13,0.393939393939394,32,9.696969696969697,0.275862068965517,116,84,3,4,0,1,0.25
211,5522,L1_REI_17,L1_1,5,7,0.205882352941176,47,13.823529411764707,0.268156424581006,179,131,4,5,0,1,0.2
212,5593,SA_PAM_14,SA_1,5,7,0.194444444444444,53,14.722222222222221,0.34,150,99,5,5,0,0,0
213,92,PL_LIV_12,PL_1,1,1,0.333333333333333,9,3,0.5,18,9,0,0,0,0,NaN
214,304,PL_LIV_12,PL_1,1,10,0.303030303030303,32,9.696969696969697,0.28695652173913,115,82,4,8,3,1,0.125
215,859,PL_LIV_12,PL_1,1,1,0.5,1,0.5,0.142857142857143,7,6,0,0,0,0,NaN
216,4,LL_GRA_11,LL_1,1,1,0.2,8,1.6,0.333333333333333,24,16,0,0,0,0,NaN
217,461,LL_GRA_11,LL_1,1,0,0,2,2,0.333333333333333,9,6,1,2,0,1,0.5
218,10,PL_SHE_23,PL_1,1,5,0.131578947368421,63,16.578947368421055,0.296116504854369,206,145,3,4,1,0,0
219,266,BL_BAY_3,BL_1,1,0,0,2,2,0.5,4,2,0,0,0,0,NaN
220,3399,BL_BAY_3,BL_1,1,9,0.272727272727273,42,12.727272727272728,0.349593495934959,123,80,1,3,1,1,0.3333333333333333
221,137,LL_LEV_13,LL_1,1,3,0.103448275862069,44,15.172413793103448,0.35,120,78,3,3,0,0,0
222,1109,LL_LEV_13,LL_1,1,1,0.125,11,1.375,0.282051282051282,39,28,0,1,1,0,0
223,2992,LL_LEV_13,LL_1,1,0,0,2,2,0.5,4,2,0,0,0,0,NaN
224,3573,BL_BVB_4,BL_1,1,7,0.4375,16,1.032258064516129,0.340909090909091,44,29,2,2,0,0,0
225,151,L1_NAN_13,L1_1,1,5,0.131578947368421,55,14.473684210526317,0.327380952380952,168,113,10,12,1,1,0.08333333333333333
226,1461,BL_FRA_5,BL_1,1,0,0,1,1,0.166666666666667,6,5,0,0,0,0,NaN
227,2932,BL_FRA_5,BL_1,1,4,0.121212121212121,52,15.757575757575758,0.34,150,99,4,6,1,1,0.16666666666666666
228,158,LL_CAD_6,LL_1,1,1,0.5,3,1.5,0.666666666666667,6,2,0,0,0,0,NaN
229,1216,LL_CAD_6,LL_1,1,0,0,10,2.5,0.588235294117647,17,7,1,1,0,0,0
230,2449,LL_CAD_6,LL_1,1,9,0.28125,45,14.0625,0.354330708661417,127,82,8,9,0,1,0.1111111111111111
231,1743,BL_FRE_6,BL_1,1,6,0.193548387096774,46,14.838709677419354,0.286624203821656,157,112,2,3,0,1,0.3333333333333333
232,3510,BL_FRE_6,BL_1,1,0,0,6,2,0.333333333333333,18,12,2,3,1,0,0
233,168,SA_GEO_7,SA_1,1,1,0.333333333333333,3,1.3100436681222707,0.25,12,9,0,0,0,0,NaN
234,1655,SA_GEO_7,SA_1,1,0,0,11,2.964959568733154,0.611111111111111,18,7,0,0,0,0,NaN
235,203,SA_HEL_8,SA_1,1,0,0,0,0,0,1,1,0,0,0,0,NaN
236,2251,SA_HEL_8,SA_1,1,0,0,6,1.6260162601626016,0.461538461538462,13,7,0,0,0,0,NaN
237,3461,SA_HEL_8,SA_1,1,7,0.205882352941176,42,12.352941176470589,0.305343511450382,131,91,6,7,1,0,0
238,268,BL_HER_8,BL_1,1,8,0.307692307692308,39,15,0.361111111111111,108,69,6,6,0,0,0
239,222,SA_CAL_4,SA_1,1,6,0.176470588235294,53,15.588235294117647,0.291208791208791,182,129,5,5,0,0,0
240,1983,SA_CAL_4,SA_1,1,1,0.25,6,1.5,0.285714285714286,21,15,0,0,0,0,NaN
241,231,SA_CRT_5,SA_1,1,2,0.0555555555555556,91,25.27777777777778,0.429951690821256,207,118,5,5,0,0,0
242,1904,SA_CRT_5,SA_1,1,1,1,0,0,0,1,1,0,0,0,0,NaN
243,3443,SA_CRT_5,SA_1,1,0,0,1,1,0.125,8,7,0,0,0,0,NaN
244,241,PL_SOU_17,PL_1,1,7,0.233333333333333,57,190,0.380952380952381,147,91,6,6,0,0,0
245,1803,PL_SOU_17,PL_1,1,2,0.25,11,1.375,0.387096774193548,31,19,2,3,0,1,0.3333333333333333
246,3083,BL_LEV_12,BL_1,1,1,0.25,7,1.75,0.333333333333333,21,14,0,0,0,0,NaN
247,3306,BL_LEV_12,BL_1,1,8,0.275862068965517,29,1.0175438596491229,0.337349397590361,83,55,1,2,0,1,0.5
248,242,SA_NAP_13,SA_1,1,6,0.272727272727273,29,13.18181818181818,0.345679012345679,81,53,2,2,0,0,0
249,1227,SA_NAP_13,SA_1,1,8,0.5,12,7.5,0.285714285714286,42,30,3,3,0,0,0
250,1716,BL_MAI_13,BL_1,1,0,0,10,3.3333333333333335,0.5,20,10,1,1,0,0,0
251,252,LL_RSC_16,LL_1,1,14,0.368421052631579,38,10,0.361904761904762,105,67,3,5,1,1,0.2
252,2696,BL_LEI_14,BL_1,1,0,0,2,2,0.5,4,2,0,0,0,0,NaN
253,1811,BL_SCH_15,BL_1,1,1,0.0909090909090909,24,2.2857142857142856,0.328358208955224,67,45,4,4,0,0,0
254,1589,BL_STU_16,BL_1,1,0,0,1,1,0.111111111111111,9,8,0,0,0,0,NaN
255,1977,BL_STU_16,BL_1,1,5,0.151515151515152,54,16.363636363636363,0.35031847133758,157,102,5,7,0,2,0.2857142857142857
256,274,L1_MET_10,L1_1,1,8,0.235294117647059,38,1.118304885226604,0.299212598425197,127,89,9,10,0,1,0.1
257,3422,L1_MET_10,L1_1,1,0,0,10,2.493765586034913,0.434782608695652,23,13,3,3,0,0,0
258,423,BL_UNI_17,BL_1,1,5,0.161290322580645,42,1.365409622886866,0.325757575757576,132,89,4,5,0,1,0.2
259,3185,BL_UNI_17,BL_1,1,2,0.5,1,0.30864197530864196,0,4,4,0,0,0,0,NaN
260,294,L1_DIJ_4,L1_1,1,0,0,10,2,0.290322580645161,31,22,3,3,0,0,0
261,501,L1_DIJ_4,L1_1,1,3,0.142857142857143,33,15.714285714285714,0.365591397849462,93,59,3,4,0,1,0.25
262,2504,BL_BRE_18,BL_1,1,6,0.176470588235294,57,16.764705882352942,0.356687898089172,157,101,4,6,0,2,0.3333333333333333
263,294,L1_REN_18,L1_1,1,5,0.227272727272727,25,11.363636363636363,0.31578947368421,76,52,3,4,1,0,0
264,1440,L1_REN_18,L1_1,1,0,0,1,1,1,1,0,0,0,0,0,NaN
265,2985,BL_WOL_19,BL_1,1,14,0.4375,33,10.3125,0.314814814814815,108,74,3,5,0,2,0.4
266,317,PL_FUL_9,PL_1,1,9,0.25,48,13.333333333333332,0.291925465838509,161,114,6,6,0,0,0
267,3482,PL_FUL_9,PL_1,1,0,0,5,2.5,0.555555555555556,9,4,1,1,0,0,0
268,327,LL_HUE_12,LL_1,1,5,0.227272727272727,32,14.545454545454545,0.326315789473684,95,64,2,2,0,0,0
269,436,LL_HUE_12,LL_1,1,4,0.25,21,13.125,0.37037037037037,54,34,3,3,0,0,0
270,400,SA_SAS_17,SA_1,1,7,0.189189189189189,56,15.135135135135135,0.302702702702703,185,129,4,5,0,1,0.2
271,1914,SA_SAS_17,SA_1,1,1,1,0,0,0,1,1,0,0,0,0,NaN
272,539,LL_ALA_1,LL_1,1,0,0,,,0,1,1,0,0,,,
273,1688,LL_ALA_1,LL_1,1,9,0.236842105263158,57,1.5318462778822897,0.404255319148936,141,84,3,3,0,0,0
274,472,SA_BOL_3,SA_1,1,1,0.166666666666667,9,1.5,0.333333333333333,27,18,1,1,0,0,0
275,1658,SA_BOL_3,SA_1,1,0,0,10,2.5,0.473684210526316,19,10,1,1,0,0,0
276,3319,SA_BOL_3,SA_1,1,4,0.142857142857143,46,16.42857142857143,0.319727891156463,147,100,5,7,0,2,0.2857142857142857
277,2581,LL_BIL_2,LL_1,1,0,0,2,2,0.666666666666667,3,1,0,0,0,0,NaN
278,494,L1_LYO_8,L1_1,1,11,0.289473684210526,43,11.31578947368421,0.313432835820896,134,92,5,7,1,1,0.14285714285714285
279,2341,LL_ATM_3,LL_1,1,18,0.473684210526316,25,6.578947368421053,0.19672131147541,122,98,1,4,1,2,0.5
280,3420,LL_BAR_4,LL_1,1,11,0.354838709677419,32,10.32258064516129,0.283018867924528,106,76,3,3,0,0,0
281,530,SA_ROM_15,SA_1,1,5,0.384615384615385,22,1.7174082747853239,0.357142857142857,56,36,2,3,0,1,0.3333333333333333
282,1135,SA_ROM_15,SA_1,1,2,0.4,7,1.4,0.269230769230769,26,19,0,0,0,0,NaN
283,1015,LL_BET_5,LL_1,1,7,0.35,25,125,0.333333333333333,75,50,4,5,0,1,0.2
284,2551,LL_BET_5,LL_1,1,6,0.333333333333333,25,13.88888888888889,0.39344262295082,61,37,4,5,0,1,0.2
285,654,PL_BUR_21,PL_1,1,0,0,14,3.5,0.583333333333333,24,10,0,0,0,0,NaN
286,2248,LL_CEL_7,LL_1,1,5,0.238095238095238,30,1.5159171298635674,0.38961038961039,77,47,6,7,0,1,0.14285714285714285
287,664,L1_NÎM_15,L1_1,1,8,0.210526315789474,71,18.68421052631579,0.377551020408163,196,122,6,10,1,3,0.3
288,3518,LL_EIB_8,LL_1,1,9,0.257142857142857,49,14.121037463976945,0.387596899224806,129,79,3,5,1,1,0.2
289,669,SA_FIR_6,SA_1,1,7,0.194444444444444,55,1.5723270440251573,0.397163120567376,141,85,8,10,0,2,0.2
290,1425,LL_ELC_9,LL_1,1,5,0.166666666666667,46,153.33333333333334,0.347517730496454,141,92,5,9,1,3,0.3333333333333333
291,718,L1_MON_11,L1_1,1,13,0.464285714285714,27,9.642857142857144,0.382352941176471,68,42,3,3,0,0,0
292,1235,LL_GET_10,LL_1,1,10,0.357142857142857,31,11.071428571428573,0.358024691358025,81,52,6,7,0,1,0.14285714285714285
293,731,L1_BOR_2,L1_1,1,14,0.368421052631579,56,14.73684210526316,0.358974358974359,156,100,7,8,0,1,0.125
294,741,PL_ARS_1,PL_1,1,11,0.314285714285714,37,1.0635240011497558,0.290598290598291,117,83,1,2,0,1,0.5
295,3612,PL_ARS_1,PL_1,1,1,0.333333333333333,2,0.6666666666666666,0.2,10,8,1,1,0,0,0
296,754,L1_STR_20,L1_1,1,2,0.25,14,1.75,0.40625,32,19,1,1,0,0,0
297,1449,L1_STR_20,L1_1,1,8,0.333333333333333,31,12.916666666666668,0.351648351648352,91,59,3,5,1,1,0.2
298,2753,LL_OSA_14,LL_1,1,1,0.333333333333333,3,1,0.375,8,5,1,1,0,0,0
299,867,SA_JUV_10,SA_1,1,0,0,1,3.846153846153846,0.5,2,1,0,0,0,0,NaN
300,1916,SA_JUV_10,SA_1,1,3,0.375,5,0.625,0.285714285714286,21,15,2,3,0,1,0.3333333333333333
301,1012,SA_MIL_12,SA_1,1,0,0,3,3,0.428571428571429,7,4,1,1,0,0,0
302,1917,SA_MIL_12,SA_1,1,14,0.378378378378378,38,10.27027027027027,0.301587301587302,126,88,2,4,1,1,0.25
303,2369,LL_VAL_18,LL_1,1,3,0.3,11,1.1,0.266666666666667,45,33,1,2,0,1,0.5
304,2372,LL_VAL_18,LL_1,1,4,0.142857142857143,42,15.000000000000002,0.323076923076923,130,88,4,6,0,2,0.3333333333333333
305,2652,LL_VLD_19,LL_1,1,2,0.08,40,16,0.347826086956522,115,75,4,4,0,0,0
306,1160,SA_INT_9,SA_1,1,0,0,1,2,0.5,2,1,1,1,0,0,0
307,2187,SA_INT_9,SA_1,1,0,0,1,0.6666666666666666,0.166666666666667,6,5,0,0,0,0,NaN
308,1889,LL_VLR_20,LL_1,1,0,0,4,2,0.5,8,4,0,0,0,0,NaN
309,1200,PL_WES_19,PL_1,1,1,0.333333333333333,3,1,0.333333333333333,9,6,0,0,0,0,NaN
310,3316,PL_WES_19,PL_1,1,10,0.285714285714286,44,12.571428571428571,0.297101449275362,138,97,3,5,1,1,0.2
311,1209,PL_WES_27,PL_1,1,0,0,2,2,0.333333333333333,6,4,0,0,0,0,NaN
312,1213,PL_MUN_14,PL_1,1,9,0.346153846153846,32,1.2549019607843137,0.344444444444444,90,59,4,4,0,0,0
313,1257,PL_MUN_14,PL_1,1,4,0.307692307692308,12,0.96,0.235294117647059,51,39,0,0,0,0,NaN
314,1350,L1_MOP_12,L1_1,1,3,0.333333333333333,11,1.3285024154589373,0.261904761904762,42,31,1,1,0,0,0
315,2600,L1_MOP_12,L1_1,1,2,0.0645161290322581,51,1.7171717171717171,0.316129032258064,155,106,11,11,0,0,0
316,3462,SA_ATL_1,SA_1,1,2,0.133333333333333,21,1.4989293361884368,0.468085106382979,47,25,1,2,0,1,0.5
317,1423,PL_MCI_13,PL_1,1,19,0.527777777777778,28,7.777777777777778,0.301075268817204,93,65,7,8,0,1,0.125
318,3177,SA_BEE_2,SA_1,1,7,0.189189189189189,74,20,0.401162790697674,172,103,4,5,0,1,0.2
319,1440,PL_CHE_6,PL_1,1,16,0.516129032258064,25,0.819672131147541,0.308641975308642,81,56,2,3,0,1,0.3333333333333333
320,2898,PL_CHE_6,PL_1,1,2,0.285714285714286,8,1.2307692307692308,0.347826086956522,23,15,1,1,0,0,0
321,1484,SA_SAP_16,SA_1,1,6,0.162162162162162,54,14.594594594594595,0.317919075144509,173,118,7,9,0,2,0.2222222222222222
322,2854,SA_SAP_16,SA_1,1,1,1,0,0,0,1,1,0,0,0,0,NaN
323,1492,PL_AST_2,PL_1,1,15,0.394736842105263,46,12.105263157894738,0.28494623655914,186,133,5,6,0,1,0.16666666666666666
324,1576,L1_SAI_19,L1_1,1,3,0.375,8,1,0.321428571428571,28,19,2,4,1,1,0.25
325,2481,L1_SAI_19,L1_1,1,9,0.310344827586207,42,14.482758620689655,0.4,100,60,4,4,0,0,0
326,3271,SA_PAM_14,SA_1,1,5,0.138888888888889,76,21.11111111111111,0.403314917127072,181,108,2,2,0,0,0
327,2238,SA_SPZ_18,SA_1,1,4,0.137931034482759,55,18.96551724137931,0.427480916030534,131,75,6,7,0,1,0.14285714285714285
328,2466,SA_SPZ_18,SA_1,1,0,0,12,1.791044776119403,0.413793103448276,29,17,3,3,0,0,0
329,1857,L1_BRE_3,L1_1,1,6,0.171428571428571,62,17.714285714285715,0.36094674556213,169,108,8,10,1,1,0.1
330,2751,SA_UDN_20,SA_1,1,8,0.228571428571429,51,1.4583929082070346,0.342281879194631,149,98,13,13,0,0,0
331,3394,SA_UDN_20,SA_1,1,0,0,0,0,,0,0,0,0,0,0,NaN
332,2096,PL_TOT_18,PL_1,1,12,0.31578947368421,45,11.842105263157896,0.270967741935484,155,113,10,10,0,0,0
333,2169,PL_LEE_24,PL_1,1,11,0.314285714285714,52,14.857142857142858,0.271276595744681,188,137,8,9,0,1,0.1111111111111111
334,2959,PL_LEE_24,PL_1,1,1,0.333333333333333,2,0.6666666666666666,0.2,10,8,0,0,0,0,NaN
335,2253,PL_CRY_7,PL_1,1,0,0,2,2,0.4,5,3,0,0,0,0,NaN
336,2417,L1_LEN_5,L1_1,1,8,0.216216216216216,51,1.3854930725346373,0.352941176470588,136,88,10,10,0,0,0
337,2524,PL_EVE_8,PL_1,1,0,0,0,0,0,3,3,0,0,0,0,NaN
338,2644,PL_EVE_8,PL_1,1,10,0.32258064516129,39,1.279947489333771,0.296875,128,90,2,3,1,0,0
339,2576,PL_WOL_20,PL_1,1,0,0,1,0.9900990099009901,0.25,4,3,0,0,0,0,NaN
340,2941,L1_PSG_16,L1_1,1,14,0.482758620689655,18,6.428571428571429,0.206521739130435,92,73,1,2,0,1,0.5
341,3433,L1_PSG_16,L1_1,1,0,0,1,1,0.333333333333333,3,2,0,0,0,0,NaN
342,2848,PL_NEW_15,PL_1,1,4,0.16,43,17.2,0.333333333333333,126,84,3,4,0,1,0.25
343,3541,PL_NEW_15,PL_1,1,3,0.230769230769231,19,14.615384615384615,0.290322580645161,62,44,1,1,0,0,0
344,2863,PL_LEI_11,PL_1,1,11,0.289473684210526,50,13.157894736842106,0.352941176470588,136,88,4,4,0,0,0
345,3612,PL_BRI_5,PL_1,1,2,0.181818181818182,19,1.7272727272727273,0.529411764705882,34,16,4,4,0,0,0
346,3674,L1_LOR_7,L1_1,1,2,0.133333333333333,25,16.666666666666668,0.428571428571429,56,32,6,6,0,0,0
347,3686,SA_GEO_7,SA_1,1,8,0.25,44,1.3754298218193186,0.265822784810127,158,116,7,7,0,0,0
348,3695,L1_STR_20,L1_1,1,0,0,13,2.1666666666666665,0.5,26,13,2,2,0,0,0
349,3775,BL_SCH_15,BL_1,1,0,0,12,4.511278195488722,0.458333333333333,24,13,0,0,0,0,NaN
350,3819,L1_LIL_6,L1_1,1,21,0.552631578947368,23,6.052631578947369,0.205607476635514,107,85,1,2,0,1,0.5
351,4006,LL_BAR_4,LL_1,1,3,0.428571428571429,6,0.8571428571428571,0.25,24,18,2,2,0,0,0
352,4015,SA_BEE_2,SA_1,1,0,0,1,1,0.2,5,4,0,0,0,0,NaN
353,4021,PL_BUR_21,PL_1,1,11,0.34375,37,11.5625,0.241610738255034,149,113,3,3,0,0,0
354,4042,SA_UDN_20,SA_1,1,0,0,5,2.5,0.833333333333334,6,1,0,0,0,0,NaN
355,4079,BL_LEV_12,BL_1,1,0,0,3,2,0.375,8,5,0,0,0,0,NaN
356,4159,BL_HOF_9,BL_1,1,6,0.193548387096774,51,16.451612903225804,0.386363636363636,132,81,6,9,1,2,0.2222222222222222
357,4313,SA_ROM_15,SA_1,1,4,0.19047619047619,29,1.4363546310054482,0.305882352941176,85,59,3,3,0,0,0
358,4319,L1_ANG_1,L1_1,1,9,0.236842105263158,58,15.263157894736842,0.410071942446043,139,82,7,8,0,1,0.125
359,4325,L1_LOR_7,L1_1,1,3,0.130434782608696,43,18.695652173913047,0.387387387387387,111,68,4,5,1,0,0
360,4334,LL_ELC_9,LL_1,1,2,0.25,9,1.125,0.363636363636364,22,14,1,1,0,0,0
361,4337,BL_WOL_19,BL_1,1,0,0,4,2,0.285714285714286,14,10,0,0,0,0,NaN
362,4365,SA_LAZ_11,SA_1,1,9,0.310344827586207,41,14.13793103448276,0.345132743362832,113,74,8,8,0,0,0
363,4382,BL_LEI_14,BL_1,1,15,0.454545454545454,30,9.090909090909092,0.375,80,50,3,3,0,0,0
364,4399,BL_HOF_9,BL_1,1,0,0,3,1,0.230769230769231,13,10,0,0,0,0,NaN
365,4409,SA_ATL_1,SA_1,1,9,0.36,26,1.0851419031719531,0.415384615384615,65,38,4,6,0,2,0.3333333333333333
366,4423,SA_FIR_6,SA_1,1,2,0.5,4,1.3245033112582782,0.363636363636364,11,7,0,1,0,1,1
367,4433,L1_REI_17,L1_1,1,10,0.27027027027027,49,1.3424657534246576,0.308641975308642,162,112,4,7,1,2,0.2857142857142857
368,4454,L1_MON_11,L1_1,1,0,0,1,1,0.5,2,1,0,0,0,0,NaN
369,4459,SA_SPZ_18,SA_1,1,1,0.333333333333333,5,2.173913043478261,0.277777777777778,18,13,0,0,0,0,NaN
370,4466,BL_AUG_2,BL_1,1,7,0.205882352941176,54,15.882352941176471,0.292134831460674,178,126,6,9,2,1,0.1111111111111111
371,4477,BL_SCH_15,BL_1,1,3,0.136363636363636,50,2.399232245681382,0.342657342657343,143,94,3,4,0,1,0.25
372,4595,PL_BRI_5,PL_1,1,10,0.37037037037037,27,10,0.285714285714286,91,65,2,3,1,0,0
373,4600,LL_VLD_19,LL_1,1,1,0.0769230769230769,17,13.076923076923077,0.369565217391304,46,29,2,3,1,0,0
374,4622,PL_EVE_8,PL_1,1,2,0.285714285714286,9,1.2857142857142858,0.3,30,21,1,1,0,0,0
375,4624,BL_MAI_13,BL_1,1,5,0.161290322580645,46,14.838709677419354,0.316901408450704,142,97,5,6,1,0,0
376,4660,L1_REN_18,L1_1,1,5,0.333333333333333,14,9.333333333333334,0.259259259259259,54,40,0,0,0,0,NaN
377,4663,BL_BVB_4,BL_1,1,4,0.210526315789474,30,1.6216216216216217,0.326086956521739,92,62,4,4,0,0,0
378,4675,BL_KÖL_11,BL_1,1,0,0,1,1.7543859649122808,0.333333333333333,3,2,1,1,0,0,0
379,4683,LL_OSA_14,LL_1,1,0,0,5,2.4038461538461537,0.625,8,3,0,0,0,0,NaN
380,4683,LL_OSA_14,LL_1,1,0,0,5,2.4038461538461537,0.625,8,3,0,0,0,0,NaN
381,4683,LL_OSA_14,LL_1,1,0,0,5,2.4038461538461537,0.625,8,3,0,0,0,0,NaN
382,4686,LL_CEL_7,LL_1,1,4,0.210526315789474,27,1.4843320505772402,0.442622950819672,61,34,1,1,0,0,0
383,4701,LL_GET_10,LL_1,1,4,0.4,12,1.2,0.4,30,18,1,1,0,0,0
384,4705,PL_WOL_20,PL_1,1,10,0.27027027027027,51,1.37875101378751,0.331081081081081,148,99,7,8,0,1,0.125
385,4706,LL_GRA_11,LL_1,1,8,0.25,55,17.1875,0.423357664233577,137,79,5,10,1,4,0.4
386,4707,PL_ARS_1,PL_1,1,0,0,0,0,0,2,2,0,0,0,0,NaN
387,4708,BL_HER_8,BL_1,1,1,0.125,13,1.625,0.393939393939394,33,20,1,2,0,1,0.5
388,4749,SA_TOR_19,SA_1,1,7,0.21875,62,19.375,0.462686567164179,134,72,8,9,1,0,0
389,4756,PL_WES_27,PL_1,1,6,0.162162162162162,74,20,0.307692307692308,234,162,7,11,3,1,0.09090909090909091
390,4765,SA_INT_9,SA_1,1,14,0.378378378378378,33,9.166666666666666,0.309090909090909,110,76,4,6,0,2,0.3333333333333333
391,4767,SA_TOR_19,SA_1,1,0,0,1,1,0.333333333333333,3,2,0,0,0,0,NaN
392,4821,L1_DIJ_4,L1_1,1,3,0.25,30,25,0.454545454545454,66,36,1,3,1,1,0.3333333333333333
393,4830,PL_MCI_13,PL_1,1,0,0,3,3,0.8,5,1,1,2,0,1,0.5
394,4851,L1_BRE_3,L1_1,1,1,0.333333333333333,4,1.3333333333333333,0.363636363636364,11,7,1,1,0,0,0
395,4888,LL_VLR_20,LL_1,1,10,0.277777777777778,40,11.11111111111111,0.330508474576271,118,79,7,9,1,1,0.1111111111111111
396,4899,LL_OSA_14,LL_1,1,10,0.303030303030303,40,1.2169151201703683,0.317460317460317,126,86,4,7,1,2,0.2857142857142857
397,4905,L1_PSG_16,L1_1,1,5,0.5,9,1,0.222222222222222,36,28,0,0,0,0,NaN
398,4959,SA_PAM_14,SA_1,1,0,0,7,3.5,0.7,10,3,1,1,0,0,0
399,4966,SA_UDN_20,SA_1,1,0,0,2,2,0.5,4,2,1,1,0,0,0
400,5006,L1_SAI_19,L1_1,1,0,0,4,4,1,4,0,0,1,1,0,0
401,5014,BL_ARM_1,BL_1,1,11,0.323529411764706,52,15.294117647058824,0.305882352941176,170,118,5,6,0,1,0.16666666666666666
402,5036,L1_MAR_9,L1_1,1,8,0.216216216216216,45,12.162162162162161,0.346456692913386,127,83,3,3,0,0,0
403,5128,LL_RMA_15,LL_1,1,17,0.447368421052632,28,7.36842105263158,0.241379310344828,116,88,7,8,0,1,0.125
404,5155,SA_LAZ_11,SA_1,1,3,0.333333333333333,14,1.5555555555555556,0.368421052631579,38,24,2,2,0,0,0
405,5185,BL_KÖL_11,BL_1,1,5,0.147058823529412,59,1.7648818426562967,0.387096774193548,155,95,7,8,0,1,0.125
406,5202,BL_GLA_7,BL_1,1,1,0.25,6,1.5706806282722514,0.31578947368421,19,13,0,0,0,0,NaN
407,5234,LL_SEV_17,LL_1,1,2,0.4,5,1,0.357142857142857,14,9,0,0,0,0,NaN
408,5299,LL_BIL_2,LL_1,1,9,0.243243243243243,40,10.81081081081081,0.37037037037037,108,68,5,6,0,1,0.16666666666666666
409,5326,SA_TOR_19,SA_1,1,1,0.2,6,1.2,0.3,20,14,1,1,0,0,0
410,5339,PL_CRY_7,PL_1,1,8,0.216216216216216,64,17.297297297297295,0.384615384615385,169,104,3,4,0,1,0.25
411,5384,L1_MON_11,L1_1,1,2,0.222222222222222,14,1.5555555555555556,0.424242424242424,33,19,2,2,0,0,0
412,5404,L1_NIC_14,L1_1,1,9,0.236842105263158,53,13.947368421052632,0.301136363636364,176,123,7,7,0,0,0
413,5435,PL_BUR_21,PL_1,1,0,0,4,2,0.666666666666667,6,2,0,0,0,0,NaN
414,5453,PL_CHE_6,PL_1,1,0,0,3,3,1,3,0,0,0,0,0,NaN
415,5458,SA_JUV_10,SA_1,1,5,0.166666666666667,32,1.0759919300605245,0.326530612244898,98,66,4,6,0,2,0.3333333333333333
416,5463,L1_LEN_5,L1_1,1,0,0,3,2.5210084033613445,0.428571428571429,7,4,1,1,0,0,0
417,5499,BL_GLA_7,BL_1,1,6,0.193548387096774,50,1.6594756057085962,0.378787878787879,132,82,6,6,0,0,0
418,5516,LL_SEV_17,LL_1,1,15,0.454545454545454,28,8.484848484848484,0.264150943396226,106,78,4,6,0,2,0.3333333333333333
419,5522,L1_REI_17,L1_1,1,0,0,1,0.6666666666666666,0.166666666666667,6,5,1,1,0,0,0
420,5537,LL_EIB_8,LL_1,1,0,0,3,0.9009009009009009,0.5,6,3,0,0,0,0,NaN
421,5541,L1_MAR_9,L1_1,1,0,0,2,2,0.4,5,3,0,0,0,0,NaN
422,5582,PL_MCI_13,PL_1,1,0,0,1,1,0.5,2,1,0,0,0,0,NaN
423,4,LL_GRA_11,LL_1,2,1,0.25,6,1.8987341772151898,0.375,16,10,2,2,0,0,0
424,3281,LL_GRA_11,LL_1,2,7,0.2,55,1.5786452353616531,0.310734463276836,177,122,5,7,0,2,0.2857142857142857
425,10,PL_ARS_1,PL_1,2,12,0.352941176470588,39,11.470588235294118,0.296875,128,90,5,6,1,0,0
426,741,PL_ARS_1,PL_1,2,1,0.25,9,2.25,0.473684210526316,19,10,0,0,0,0,NaN
427,137,LL_LEV_13,LL_1,2,2,0.153846153846154,29,2.2376543209876543,0.37037037037037,81,51,1,2,0,1,0.5
428,185,LL_LEV_13,LL_1,2,0,0,1,1,0.5,2,1,0,0,0,0,NaN
429,1109,LL_LEV_13,LL_1,2,5,0.208333333333333,46,19.166666666666668,0.383333333333333,120,74,4,4,0,0,0
430,970,BL_BAY_3,BL_1,2,0,0,0,0,,0,0,0,0,0,0,NaN
431,151,L1_NAN_13,L1_1,2,8,0.210526315789474,48,12.631578947368421,0.32258064516129,155,105,4,7,0,3,0.42857142857142855
432,1977,BL_BVB_4,BL_1,2,7,0.241379310344828,39,1.368421052631579,0.336363636363636,110,73,3,3,0,0,0
433,104,SA_GEO_7,SA_1,2,0,0,1,1,0.25,4,3,0,0,0,0,NaN
434,1309,BL_FRA_5,BL_1,2,0,0,1,1,0.25,4,3,0,0,0,0,NaN
435,2439,BL_FRA_5,BL_1,2,0,0,2,2,0.5,4,2,0,0,0,0,NaN
436,2932,BL_FRA_5,BL_1,2,5,0.15625,46,14.375,0.286624203821656,157,112,4,4,0,0,0
437,727,BL_FRE_6,BL_1,2,0,0,7,3.5,0.583333333333333,12,5,0,0,0,0,NaN
438,203,SA_HEL_8,SA_1,2,0,0,3,3,0.428571428571429,7,4,0,0,0,0,NaN
439,2251,SA_HEL_8,SA_1,2,0,0,6,2,0.4,15,9,1,1,0,0,0
440,3177,SA_HEL_8,SA_1,2,4,0.117647058823529,50,14.705882352941178,0.357664233576642,137,88,2,3,0,1,0.3333333333333333
441,222,SA_CAL_4,SA_1,2,2,0.0571428571428571,63,18,0.380952380952381,168,104,6,8,0,2,0.25
442,765,SA_CAL_4,SA_1,2,1,0.333333333333333,5,1.6666666666666667,0.352941176470588,17,11,1,2,0,1,0.5
443,268,BL_HER_8,BL_1,2,4,0.16,51,2.110053785684733,0.414634146341463,123,72,5,5,0,0,0
444,241,PL_SOU_17,PL_1,2,5,0.294117647058824,27,15.882352941176471,0.380281690140845,71,44,0,0,0,0,NaN
445,1803,PL_SOU_17,PL_1,2,3,0.157894736842105,35,18.42105263157895,0.326732673267327,101,68,2,2,0,0,0
446,242,SA_NAP_13,SA_1,2,2,0.285714285714286,6,0.872093023255814,0.206896551724138,29,23,0,0,0,0,NaN
447,1227,SA_NAP_13,SA_1,2,13,0.419354838709677,25,8.064516129032258,0.226415094339623,106,82,1,1,0,0,0
448,1248,SA_NAP_13,SA_1,2,1,1,0,0,0,1,1,0,0,0,0,NaN
449,252,LL_RSC_16,LL_1,2,19,0.542857142857143,32,9.142857142857142,0.294642857142857,112,79,4,5,0,1,0.2
450,447,BL_LEV_12,BL_1,2,0,0,1,1,0.5,2,1,0,0,0,0,NaN
451,3083,BL_LEV_12,BL_1,2,0,0,2,2,0.166666666666667,6,5,0,0,0,0,NaN
452,3306,BL_LEV_12,BL_1,2,8,0.25,44,13.75,0.292207792207792,154,109,2,4,1,1,0.25
453,266,L1_MON_11,L1_1,2,11,0.289473684210526,40,10.526315789473685,0.26241134751773,141,104,8,9,1,0,0
454,1716,BL_MAI_13,BL_1,2,0,0,3,1.5,0.6,5,2,1,1,0,0,0
455,2696,BL_LEI_14,BL_1,2,0,0,3,3,0.75,4,1,0,0,0,0,NaN
456,273,L1_PSG_16,L1_1,2,1,1,0,0,,0,0,0,0,0,0,NaN
457,1917,L1_PSG_16,L1_1,2,5,0.294117647058824,17,10,0.262295081967213,61,45,1,1,0,0,0
458,2941,L1_PSG_16,L1_1,2,7,0.333333333333333,18,0.8729388942774006,0.230769230769231,78,60,2,2,0,0,0
459,274,L1_MET_10,L1_1,2,3,0.142857142857143,39,1.8722995679308692,0.406593406593407,91,54,3,3,0,0,0
460,1589,BL_STU_16,BL_1,2,0,0,7,1.75,0.291666666666667,24,17,0,0,0,0,NaN
461,1743,BL_STU_16,BL_1,2,4,0.133333333333333,52,173.33333333333334,0.366906474820144,139,88,4,4,0,0,0
462,294,L1_REN_18,L1_1,2,10,0.4,25,10,0.358208955223881,67,43,4,4,0,0,0
463,1370,L1_REN_18,L1_1,2,4,0.333333333333333,13,10.833333333333334,0.388888888888889,36,22,1,2,0,1,0.5
464,423,BL_UNI_17,BL_1,2,6,0.222222222222222,39,14.444444444444443,0.346153846153846,104,68,2,2,0,0,0
465,1811,BL_UNI_17,BL_1,2,2,0.285714285714286,5,0.7142857142857143,0.222222222222222,18,14,0,0,0,0,NaN
466,304,PL_LIV_12,PL_1,2,20,0.555555555555556,24,6.666666666666666,0.232323232323232,99,76,0,0,0,0,NaN
467,859,PL_LIV_12,PL_1,2,1,0.5,2,1,0.25,8,6,0,0,0,0,NaN
468,317,PL_WES_19,PL_1,2,0,0,1,1,0.333333333333333,3,2,0,0,0,0,NaN
469,2985,BL_WOL_19,BL_1,2,10,0.357142857142857,40,14.285714285714286,0.35593220338983,118,76,3,6,1,2,0.3333333333333333
470,327,PL_BRE_4,PL_1,2,1,0.0833333333333333,24,20,0.318840579710145,69,47,1,1,0,0,0
471,1232,PL_BRE_4,PL_1,2,8,0.333333333333333,27,11.25,0.262135922330097,103,76,4,4,0,0,0
472,2597,PL_BRE_4,PL_1,2,0,0,5,2.5,0.714285714285714,7,2,0,0,0,0,NaN
473,400,SA_SAS_17,SA_1,2,3,0.0810810810810811,63,1.7068545109726363,0.368421052631579,171,108,8,9,0,1,0.1111111111111111
474,1902,SA_SAS_17,SA_1,2,0,0,0,0,0,1,1,0,0,0,0,NaN
475,1914,SA_SAS_17,SA_1,2,0,0,3,3,0.6,5,2,0,0,0,0,NaN
476,422,BL_FÜR_21,BL_1,2,3,0.25,24,20,0.370967741935484,62,39,1,1,0,0,0
477,450,LL_RMA_15,LL_1,2,0,0,2,1,0.333333333333333,9,6,1,2,0,1,0.5
478,477,PL_NOR_25,PL_1,2,1,0.111111111111111,22,2.4444444444444446,0.403508771929825,57,34,2,4,1,1,0.25
479,539,LL_ALA_1,LL_1,2,1,0.25,4,1.2987012987012987,0.25,16,12,1,1,0,0,0
480,1688,LL_ALA_1,LL_1,2,5,0.147058823529412,60,1.7688679245283019,0.425675675675676,148,85,5,8,0,3,0.375
481,2486,LL_ALA_1,LL_1,2,0,0,1,1,0.25,4,3,0,0,0,0,NaN
482,494,L1_LYO_8,L1_1,2,8,0.235294117647059,45,1.3582855418050104,0.29054054054054,148,105,3,4,0,1,0.25
483,2780,L1_LYO_8,L1_1,2,1,0.166666666666667,6,1.2396694214876034,0.24,25,19,4,4,0,0,0
484,2763,LL_BIL_2,LL_1,2,1,0.25,5,1.25,0.25,20,15,0,0,0,0,NaN
485,497,L1_ANG_1,L1_1,2,2,0.2,14,1.4,0.295454545454546,44,31,0,0,0,0,NaN
486,1164,L1_ANG_1,L1_1,2,2,0.133333333333333,22,14.666666666666666,0.307692307692308,65,45,2,2,0,0,0
487,2341,LL_ATM_3,LL_1,2,12,0.31578947368421,43,11.31578947368421,0.386792452830189,106,65,7,8,0,1,0.125
488,588,L1_CLE_21,L1_1,2,3,0.2,33,2.277432712215321,0.484848484848485,66,34,3,3,0,0,0
489,1015,LL_BET_5,LL_1,2,5,0.294117647058824,19,1.1742892459826948,0.303571428571429,56,39,1,1,0,0,0
490,608,PL_EVE_8,PL_1,2,1,0.333333333333333,8,2.6666666666666665,0.388888888888889,18,11,1,1,0,0,0
491,2644,PL_EVE_8,PL_1,2,7,0.2,58,16.571428571428573,0.317647058823529,170,116,1,1,0,0,0
492,2449,LL_CAD_6,LL_1,2,13,0.342105263157895,51,13.421052631578949,0.311764705882353,170,117,11,13,0,2,0.15384615384615385
493,669,SA_FIR_6,SA_1,2,2,0.285714285714286,8,1.2944983818770228,0.346153846153846,26,17,1,2,0,1,0.5
494,686,PL_WAT_26,PL_1,2,4,0.153846153846154,49,18.846153846153847,0.422413793103448,116,67,3,4,0,1,0.25
495,1121,PL_WAT_26,PL_1,2,0,0,28,23.333333333333336,0.361111111111111,72,46,3,3,0,0,0
496,1425,LL_ELC_9,LL_1,2,5,0.208333333333333,35,14.583333333333334,0.31578947368421,114,78,7,9,1,1,0.1111111111111111
497,2959,LL_ELC_9,LL_1,2,3,0.214285714285714,17,12.142857142857144,0.283333333333333,60,43,0,0,0,0,NaN
498,731,L1_BOR_2,L1_1,2,0,0,62,24.8,0.458646616541353,133,72,5,5,0,0,0
499,1842,L1_BOR_2,L1_1,2,2,0.153846153846154,29,22.307692307692307,0.475409836065574,61,32,2,4,0,2,0.5
500,1235,LL_GET_10,LL_1,2,13,0.342105263157895,41,1.0809385710519377,0.310606060606061,132,91,2,4,1,1,0.25
501,1317,LL_GET_10,LL_1,2,1,1,0,0,,0,0,0,0,0,0,NaN
502,867,SA_JUV_10,SA_1,2,0,0,1,2,0.5,2,1,1,1,0,0,0
503,2753,LL_OSA_14,LL_1,2,0,0,3,1.5,0.5,4,2,0,0,0,0,NaN
504,1012,SA_MIL_12,SA_1,2,1,0.166666666666667,10,1.6666666666666667,0.416666666666667,24,14,2,3,0,1,0.3333333333333333
505,2384,LL_SEV_17,LL_1,2,0,0,1,1,0.5,2,1,0,0,0,0,NaN
506,1927,LL_VAL_18,LL_1,2,8,0.444444444444444,20,11.11111111111111,0.266666666666667,75,55,2,2,0,0,0
507,2369,LL_VAL_18,LL_1,2,3,0.176470588235294,29,1.791229153798641,0.363636363636364,77,49,5,6,0,1,0.16666666666666666
508,2372,LL_VAL_18,LL_1,2,1,0.25,4,1.0498687664041995,0.272727272727273,11,8,0,0,0,0,NaN
509,1160,SA_UDN_20,SA_1,2,1,0.333333333333333,8,2.6666666666666665,0.380952380952381,21,13,0,0,0,0,NaN
510,1889,LL_VLR_20,LL_1,2,14,0.4375,28,8.75,0.28,100,72,3,4,0,1,0.25
511,1329,LL_ESP_21,LL_1,2,9,0.25,49,1.388101983002833,0.299363057324841,157,110,3,4,1,0,0
512,1329,LL_ESP_21,LL_1,2,9,0.25,49,1.388101983002833,0.299363057324841,157,110,3,4,1,0,0
513,1329,LL_ESP_21,LL_1,2,9,0.25,49,1.388101983002833,0.299363057324841,157,110,3,4,1,0,0
514,2509,LL_ESP_21,LL_1,2,0,0,3,2.5,1,3,0,0,0,0,0,NaN
515,1184,PL_LEI_11,PL_1,2,0,0,1,1,0.2,5,4,0,0,0,0,NaN
516,2863,PL_LEI_11,PL_1,2,7,0.189189189189189,58,15.675675675675675,0.315508021390374,187,128,7,9,0,2,0.2222222222222222
517,1384,LL_MAL_22,LL_1,2,0,0,3,3,0.5,6,3,0,0,0,0,NaN
518,3096,LL_MAL_22,LL_1,2,0,0,5,2.5,0.285714285714286,14,10,1,1,0,0,0
519,1213,PL_MUN_14,PL_1,2,8,0.210526315789474,57,15,0.311111111111111,180,124,3,5,0,2,0.4
520,3228,LL_RAY_23,LL_1,2,0,0,13,1.8131101813110182,0.351351351351351,37,24,0,0,0,0,NaN
521,1775,SA_ATL_1,SA_1,2,0,0,1,2.4390243902439024,0.5,2,1,0,0,0,0,NaN
522,2751,SA_ATL_1,SA_1,2,8,0.242424242424242,42,1.289134438305709,0.327731092436975,119,80,3,4,1,0,0
523,1766,SA_BOL_3,SA_1,2,0,0,2,1.015228426395939,0.222222222222222,9,7,0,0,0,0,NaN
524,1350,L1_MOP_12,L1_1,2,2,0.181818181818182,20,2.159827213822894,0.350877192982456,57,37,2,2,0,0,0
525,2600,L1_MOP_12,L1_1,2,8,0.275862068965517,41,1.4265831593597773,0.259493670886076,158,117,3,4,0,1,0.25
526,1423,PL_MCI_13,PL_1,2,20,0.540540540540541,26,7.027027027027026,0.313253012048193,83,57,1,1,0,0,0
527,2187,SA_INT_9,SA_1,2,0,0,2,2,0.666666666666667,3,1,0,0,0,0,NaN
528,1440,PL_CHE_6,PL_1,2,14,0.411764705882353,31,9.117647058823529,0.294117647058824,102,72,6,6,0,0,0
529,2898,PL_CHE_6,PL_1,2,2,0.5,2,0.5,0.153846153846154,13,11,0,0,0,0,NaN
530,1449,L1_STR_20,L1_1,2,1,1,0,0,0,1,1,0,0,0,0,NaN
531,1484,SA_SAP_16,SA_1,2,5,0.172413793103448,48,16.901408450704228,0.369230769230769,130,82,1,2,0,1,0.5
532,1492,PL_AST_2,PL_1,2,11,0.305555555555556,48,13.333333333333332,0.335714285714286,140,93,4,6,1,1,0.16666666666666666
533,2427,PL_AST_2,PL_1,2,0,0,3,3,0.75,4,1,0,0,0,0,NaN
534,1576,L1_SAI_19,L1_1,2,1,0.0666666666666667,27,2.0300751879699246,0.373134328358209,67,42,1,1,0,0,0
535,1578,SA_TOR_19,SA_1,2,4,0.4,8,0.8,0.219512195121951,41,32,2,3,0,1,0.3333333333333333
536,3204,SA_TOR_19,SA_1,2,1,1,0,0,0,3,3,0,0,0,0,NaN
537,2238,SA_SPZ_18,SA_1,2,7,0.225806451612903,52,1.694915254237288,0.296969696969697,165,116,9,11,2,0,0
538,2466,SA_SPZ_18,SA_1,2,0,0,19,2.7142857142857144,0.465116279069767,43,23,1,2,0,1,0.5
539,1983,SA_EMP_21,SA_1,2,7,0.184210526315789,70,18.42105263157895,0.305555555555556,216,150,5,10,3,2,0.2
540,3271,SA_SAL_22,SA_1,2,1,0.0625,24,1.5513897866839044,0.307692307692308,78,54,3,3,0,0,0
541,3209,SA_VEN_23,SA_1,2,0,0,9,1.6363636363636365,0.230769230769231,39,30,0,0,0,0,NaN
542,1808,PL_NEW_15,PL_1,2,0,0,12,3,0.590909090909091,22,9,2,3,0,1,0.3333333333333333
543,2848,PL_NEW_15,PL_1,2,0,0,15,1.875,0.378378378378378,37,23,2,2,0,0,0
544,1855,L1_TRO_22,L1_1,2,8,0.258064516129032,45,14.516129032258064,0.318518518518519,135,92,8,8,0,0,0
545,2481,L1_TRO_22,L1_1,2,1,0.142857142857143,8,1.1428571428571428,0.333333333333333,24,16,2,2,0,0,0
546,2417,L1_LEN_5,L1_1,2,5,0.185185185185185,33,1.284046692607004,0.34,100,66,3,4,0,1,0.25
547,2250,L1_LIL_6,L1_1,2,2,0.0952380952380952,28,13.333333333333332,0.317647058823529,85,58,2,2,0,0,0
548,3093,L1_LIL_6,L1_1,2,8,0.470588235294118,20,11.764705882352942,0.287878787878788,66,47,4,4,0,0,0
549,2096,PL_TOT_18,PL_1,2,16,0.421052631578947,40,10.526315789473685,0.284671532846715,137,98,2,2,0,0,0
550,2169,PL_LEE_24,PL_1,2,5,0.131578947368421,79,2.101063829787234,0.354545454545455,220,142,5,5,0,0,0
551,3015,PL_LEE_24,PL_1,2,0,0,0,0,0,4,4,0,0,0,0,NaN
552,2253,PL_CRY_7,PL_1,2,1,0.111111111111111,13,1.5294117647058822,0.428571428571429,28,16,0,1,0,1,1
553,2368,PL_BRI_5,PL_1,2,0,0,2,2,0.4,5,3,0,0,0,0,NaN
554,2576,PL_WOL_20,PL_1,2,0,0,3,2,0.428571428571429,7,4,0,0,0,0,NaN
555,2691,PL_WOL_20,PL_1,2,11,0.297297297297297,40,1.095890410958904,0.24375,160,121,9,10,1,0,0
556,3316,PL_WES_19,PL_1,2,8,0.216216216216216,50,13.513513513513512,0.314814814814815,162,111,2,6,1,3,0.5
557,3319,SA_BOL_3,SA_1,2,12,0.333333333333333,53,14.722222222222221,0.298850574712644,174,122,8,9,0,1,0.1111111111111111
558,3381,LL_MAL_22,LL_1,2,8,0.380952380952381,26,12.38095238095238,0.346666666666667,75,49,2,3,0,1,0.3333333333333333
559,3399,BL_BAY_3,BL_1,2,10,0.357142857142857,26,9.31899641577061,0.292134831460674,89,63,1,1,0,0,0
560,3403,BL_BOC_20,BL_1,2,7,0.225806451612903,45,14.516129032258064,0.27741935483871,155,112,3,6,1,2,0.3333333333333333
561,3420,LL_BAR_4,LL_1,2,11,0.314285714285714,34,9.714285714285714,0.321100917431193,109,74,2,3,0,1,0.3333333333333333
562,3422,L1_MET_10,L1_1,2,5,0.263157894736842,30,1.7513134851138354,0.344827586206897,87,57,2,2,0,0,0
563,3425,BL_HER_8,BL_1,2,2,0.2,20,2.034587995930824,0.408163265306122,49,29,3,3,0,0,0
564,3433,L1_NIC_14,L1_1,2,0,0,1,1,0.2,5,4,0,0,0,0,NaN
565,3439,L1_BRE_3,L1_1,2,7,0.184210526315789,57,15,0.323529411764706,170,115,4,4,0,0,0
566,3461,SA_UDN_20,SA_1,2,7,0.2,50,14.285714285714286,0.347517730496454,141,92,5,7,2,0,0
567,3462,SA_ATL_1,SA_1,2,2,0.4,5,1,0.277777777777778,18,13,2,2,0,0,0
568,3507,BL_FÜR_21,BL_1,2,0,0,30,3.75,0.518518518518518,54,26,2,2,0,0,0
569,3510,BL_FRE_6,BL_1,2,10,0.3125,39,12.1875,0.269503546099291,141,103,2,2,0,0,0
570,3518,LL_SEV_17,LL_1,2,4,0.666666666666667,5,0.8333333333333334,0.263157894736842,19,14,0,0,0,0,NaN
571,3541,PL_NEW_15,PL_1,2,8,0.307692307692308,35,13.461538461538462,0.320754716981132,106,72,1,1,0,0,0
572,3568,BL_KÖL_11,BL_1,2,3,0.142857142857143,28,13.333333333333332,0.285714285714286,98,70,0,1,0,1,1
573,3573,BL_BVB_4,BL_1,2,0,0,12,2.6666666666666665,0.48,25,13,2,2,0,0,0
574,3612,LL_RSC_16,LL_1,2,1,0.333333333333333,5,1.6666666666666667,0.333333333333333,15,10,1,1,0,0,0
575,3632,LL_CEL_7,LL_1,2,14,0.368421052631579,43,11.31578947368421,0.330882352941176,136,91,4,8,0,4,0.5
576,3674,L1_LOR_7,L1_1,2,7,0.4375,25,15.625,0.43859649122807,57,32,1,1,0,0,0
577,3686,SA_JUV_10,SA_1,2,1,0.2,7,1.5555555555555556,0.375,16,10,0,0,0,0,NaN
578,3695,L1_STR_20,L1_1,2,13,0.351351351351351,43,11.621621621621621,0.323076923076923,130,88,4,4,0,0,0
579,3767,BL_BOC_20,BL_1,2,0,0,7,2.3333333333333335,0.333333333333333,21,14,2,2,0,0,0
580,3819,SA_MIL_12,SA_1,2,17,0.53125,21,6.5625,0.198019801980198,101,81,2,2,0,0,0
581,4006,LL_BAR_4,LL_1,2,0,0,4,1.3333333333333333,0.285714285714286,14,10,0,0,0,0,NaN
582,4021,PL_BUR_21,PL_1,2,9,0.25,47,13.055555555555555,0.278787878787879,165,119,5,5,0,0,0
583,4033,SA_BOL_3,SA_1,2,1,1,0,0,0,1,1,0,0,0,0,NaN
584,4037,SA_SAP_16,SA_1,2,0,0,1,16.666666666666668,1,1,0,1,1,0,0,0
585,4075,SA_VEN_23,SA_1,2,1,0.0588235294117647,27,1.6363636363636365,0.321428571428571,84,57,5,6,1,0,0
586,4145,LL_ESP_21,LL_1,2,1,0.5,1,0.6666666666666666,0.111111111111111,9,8,1,1,0,0,0
587,4159,BL_HOF_9,BL_1,2,8,0.242424242424242,57,17.272727272727273,0.367741935483871,155,98,2,4,1,1,0.25
588,4222,L1_CLE_21,L1_1,2,5,0.208333333333333,36,1.5312632922160783,0.343434343434343,99,65,2,2,0,0,0
589,4313,L1_MAR_9,L1_1,2,10,0.344827586206897,31,10.689655172413794,0.36046511627907,86,55,4,4,0,0,0
590,4319,L1_ANG_1,L1_1,2,4,0.307692307692308,19,14.615384615384615,0.41304347826087,46,27,3,3,0,0,0
591,4319,L1_SAI_19,L1_1,2,3,0.157894736842105,37,19.473684210526315,0.376344086021505,93,58,5,5,0,0,0
592,4325,L1_LOR_7,L1_1,2,4,0.181818181818182,38,17.27272727272727,0.384615384615385,91,56,4,5,1,0,0
593,4337,BL_WOL_19,BL_1,2,1,0.166666666666667,14,2.3333333333333335,0.342105263157895,38,25,1,1,0,0,0
594,4365,SA_LAZ_11,SA_1,2,2,0.133333333333333,29,19.333333333333332,0.483333333333333,60,31,4,5,1,0,0
595,4380,SA_SPZ_18,SA_1,2,0,0,0,0,,0,0,0,0,0,0,NaN
596,4382,BL_LEI_14,BL_1,2,9,0.272727272727273,34,1.0312405216863816,0.297297297297297,111,78,3,3,0,0,0
597,4399,BL_HOF_9,BL_1,2,0,0,3,3,0.428571428571429,7,4,0,0,0,0,NaN
598,4402,BL_LEI_14,BL_1,2,1,1,0,0,,0,0,0,0,0,0,NaN
599,4423,SA_FIR_6,SA_1,2,9,0.28125,43,1.3522012578616351,0.42,100,58,2,3,0,1,0.3333333333333333
600,4433,L1_REI_17,L1_1,2,11,0.289473684210526,44,11.578947368421053,0.279503105590062,161,116,5,7,1,1,0.14285714285714285
601,4466,BL_AUG_2,BL_1,2,9,0.264705882352941,56,16.47058823529412,0.346153846153846,156,102,5,5,0,0,0
602,4595,PL_BRI_5,PL_1,2,11,0.297297297297297,42,1.1354420113544201,0.297872340425532,141,99,3,4,1,0,0
603,4622,PL_AST_2,PL_1,2,0,0,3,3,0.6,5,2,0,0,0,0,NaN
604,4624,BL_MAI_13,BL_1,2,10,0.3125,42,13.125,0.35,120,78,4,5,0,1,0.2
605,4660,L1_REN_18,L1_1,2,0,0,2,2,0.666666666666667,3,1,0,0,0,0,NaN
606,4663,BL_BVB_4,BL_1,2,0,0,1,1,1,1,0,1,1,0,0,0
607,4699,LL_LEV_13,LL_1,2,0,0,0,0,,0,0,0,0,0,0,NaN
608,4705,SA_ROM_15,SA_1,2,15,0.394736842105263,43,11.31578947368421,0.287671232876712,146,104,5,6,0,1,0.16666666666666666
609,4706,LL_BET_5,LL_1,2,8,0.363636363636364,21,0.9624197983501375,0.276315789473684,76,55,2,2,0,0,0
610,4749,SA_GEO_7,SA_1,2,10,0.27027027027027,59,15.945945945945946,0.322222222222222,180,122,4,5,0,1,0.2
611,4765,SA_INT_9,SA_1,2,15,0.405405405405405,30,8.108108108108107,0.233870967741935,124,95,4,4,0,0,0
612,4820,BL_FÜR_21,BL_1,2,3,0.214285714285714,28,20,0.361111111111111,72,46,3,3,0,0,0
613,4888,LL_VLR_20,LL_1,2,0,0,9,1.5,0.321428571428571,28,19,1,1,0,0,0
614,4899,LL_OSA_14,LL_1,2,12,0.333333333333333,48,13.333333333333332,0.340136054421769,147,97,4,7,0,3,0.42857142857142855
615,4905,LL_MAL_22,LL_1,2,1,0.0714285714285714,29,20.714285714285715,0.491228070175439,57,29,3,4,0,1,0.25
616,4905,L1_PSG_16,L1_1,2,0,0,1,3.846153846153846,0.333333333333333,3,2,0,0,0,0,NaN
617,4907,SA_VEN_23,SA_1,2,3,0.1875,33,20.625,0.295238095238095,105,74,6,6,0,0,0
618,5006,L1_SAI_19,L1_1,2,0,0,13,2.292768959435626,0.448275862068966,29,16,2,2,0,0,0
619,5014,BL_ARM_1,BL_1,2,6,0.181818181818182,53,16.060606060606062,0.289772727272727,176,125,7,7,0,0,0
620,5026,BL_ARM_1,BL_1,2,1,1,0,0,0,4,4,0,0,0,0,NaN
621,5036,L1_MAR_9,L1_1,2,5,0.555555555555556,7,0.7777777777777778,0.230769230769231,26,20,0,0,0,0,NaN
622,5050,LL_RAY_23,LL_1,2,9,0.290322580645161,37,1.2012987012987013,0.301587301587302,126,88,7,9,0,2,0.2222222222222222
623,5064,BL_BAY_3,BL_1,2,1,0.166666666666667,11,1.8333333333333333,0.434782608695652,23,13,1,1,0,0,0
624,5128,LL_RMA_15,LL_1,2,16,0.444444444444444,29,8.055555555555555,0.241666666666667,120,91,2,3,0,1,0.3333333333333333
625,5155,SA_LAZ_11,SA_1,2,7,0.304347826086957,29,12.608695652173914,0.325581395348837,86,58,1,1,0,0,0
626,5175,PL_NOR_25,PL_1,2,5,0.172413793103448,62,21.379310344827587,0.363636363636364,165,105,7,8,1,0,0
627,5185,BL_KÖL_11,BL_1,2,1,0.0769230769230769,21,16.153846153846153,0.357142857142857,56,36,0,0,0,0,NaN
628,5202,BL_GLA_7,BL_1,2,0,0,1,1,0.333333333333333,3,2,0,0,0,0,NaN
629,5299,LL_BIL_2,LL_1,2,12,0.352941176470588,31,9.117647058823529,0.27027027027027,111,81,3,3,0,0,0
630,5326,SA_TOR_19,SA_1,2,4,0.148148148148148,33,12.222222222222221,0.425,80,46,7,8,0,1,0.125
631,5339,PL_CRY_7,PL_1,2,11,0.366666666666667,33,1.11864406779661,0.28448275862069,116,83,3,3,0,0,0
632,5360,SA_SAL_22,SA_1,2,1,0.0434782608695652,49,2.275894101254064,0.355555555555556,135,87,3,5,1,1,0.2
633,5371,SA_SAL_22,SA_1,2,0,0,5,5,0.625,8,3,0,0,0,0,NaN
634,5404,L1_NIC_14,L1_1,2,14,0.378378378378378,35,9.45945945945946,0.25531914893617,141,105,4,5,0,1,0.2
635,5412,PL_BUR_21,PL_1,2,0,0,6,3,0.384615384615385,13,8,0,0,0,0,NaN
636,5453,PL_SOU_17,PL_1,2,0,0,5,2.5,0.454545454545454,11,6,0,0,0,0,NaN
637,5457,SA_SAP_16,SA_1,2,2,0.2,14,1.4736842105263157,0.240740740740741,54,41,1,1,0,0,0
638,5458,SA_JUV_10,SA_1,2,12,0.363636363636364,29,8.787878787878789,0.304761904761905,105,73,3,6,0,3,0.5
639,5463,L1_LEN_5,L1_1,2,3,0.230769230769231,15,1.221498371335505,0.333333333333333,45,30,1,1,0,0,0
640,5499,BL_GLA_7,BL_1,2,5,0.151515151515152,60,18.181818181818183,0.340659340659341,182,120,3,5,0,2,0.4
641,5516,LL_SEV_17,LL_1,2,13,0.419354838709677,24,7.741935483870967,0.25,100,75,2,4,1,1,0.25
642,5582,PL_MCI_13,PL_1,2,1,1,0,0,0,2,2,0,0,0,0,NaN
643,10,PL_ARS_1,PL_1,3,14,0.368421052631579,43,11.31578947368421,0.308823529411765,136,94,3,5,2,0,0
644,137,LL_OSA_14,LL_1,3,8,0.380952380952381,19,9.047619047619047,0.233766233766234,77,59,0,0,0,0,NaN
645,151,L1_NAN_13,L1_1,3,11,0.297297297297297,54,1.4598540145985401,0.279329608938547,179,129,9,9,0,0,0
646,3399,BL_BAY_3,BL_1,3,4,0.333333333333333,11,9.166666666666668,0.25,44,33,2,2,0,0,0
647,118,LL_CEL_7,LL_1,3,6,0.31578947368421,29,15.263157894736842,0.416666666666667,72,42,2,4,0,2,0.5
648,2248,LL_CEL_7,LL_1,3,4,0.210526315789474,24,12.631578947368421,0.387096774193548,62,38,3,4,1,0,0
649,265,BL_BVB_4,BL_1,3,1,0.142857142857143,12,1.7142857142857142,0.375,32,20,0,0,0,0,NaN
650,1977,BL_BVB_4,BL_1,3,11,0.407407407407407,32,11.851851851851851,0.260504201680672,119,88,1,1,0,0,0
651,214,SA_SAS_17,SA_1,3,0,0,3,3,0.428571428571429,7,4,0,0,0,0,NaN
652,214,SA_SAS_17,SA_1,3,0,0,3,3,0.428571428571429,7,4,0,0,0,0,NaN
653,400,SA_SAS_17,SA_1,3,9,0.257142857142857,55,15.714285714285714,0.452991452991453,117,64,3,3,0,0,0
654,1914,SA_SAS_17,SA_1,3,0,0,3,1.5,0.5,6,3,1,1,0,0,0
655,1309,BL_FRA_5,BL_1,3,0,0,1,1,0.2,5,4,0,0,0,0,NaN
656,2932,BL_FRA_5,BL_1,3,6,0.181818181818182,51,15.454545454545455,0.384615384615385,130,80,2,2,0,0,0
657,222,SA_MON_26,SA_1,3,0,0,3,3,0.6,5,2,0,0,0,0,NaN
658,2342,BL_GLA_7,BL_1,3,0,0,11,2.75,0.354838709677419,31,20,1,1,0,0,0
659,2600,BL_GLA_7,BL_1,3,5,0.333333333333333,18,12.587412587412588,0.321428571428571,56,38,2,2,0,0,0
660,231,SA_INT_9,SA_1,3,1,1,0,0,0,2,2,0,0,0,0,NaN
661,392,SA_INT_9,SA_1,3,8,0.333333333333333,24,10,0.265060240963855,83,61,2,2,0,0,0
662,241,PL_SOU_17,PL_1,3,0,0,17,2.8333333333333335,0.533333333333333,30,14,1,1,0,0,0
663,1860,PL_SOU_17,PL_1,3,4,0.125,56,17.5,0.441666666666667,120,67,1,2,0,1,0.5
664,242,SA_NAP_13,SA_1,3,16,0.470588235294118,24,7.0588235294117645,0.274725274725275,91,66,1,2,0,1,0.5
665,252,LL_RSC_16,LL_1,3,15,0.394736842105263,35,9.210526315789474,0.255639097744361,133,99,1,2,0,1,0.5
666,447,BL_LEV_12,BL_1,3,0,0,2,2,0.5,4,2,0,0,0,0,NaN
667,3306,BL_LEV_12,BL_1,3,9,0.272727272727273,47,1.4246741436799029,0.316901408450704,142,97,7,7,0,0,0
668,1716,BL_MAI_13,BL_1,3,0,0,16,2,0.409090909090909,44,26,1,3,0,2,0.6666666666666666
669,266,L1_MON_11,L1_1,3,9,0.236842105263158,58,15.263157894736842,0.282051282051282,195,140,5,5,0,0,0
670,2350,BL_LEI_14,BL_1,3,7,0.269230769230769,29,11.153846153846153,0.4,75,45,6,7,0,1,0.14285714285714285
671,268,BL_SCH_15,BL_1,3,2,0.0869565217391304,58,2.5652366209641753,0.420289855072464,138,80,4,4,0,0,0
672,273,L1_PSG_16,L1_1,3,0,0,0,0,,0,0,0,0,0,0,NaN
673,1917,L1_PSG_16,L1_1,3,13,0.342105263157895,40,1.0559662090813093,0.25,160,120,2,5,2,1,0.2
674,1589,BL_STU_16,BL_1,3,1,0.0666666666666667,23,15.333333333333334,0.372881355932203,59,37,5,5,0,0,0
675,1743,BL_STU_16,BL_1,3,1,0.0526315789473684,34,17.894736842105264,0.390804597701149,87,53,1,1,0,0,0
676,304,PL_LIV_12,PL_1,3,14,0.378378378378378,43,11.621621621621621,0.285714285714286,147,105,2,4,1,1,0.25
677,859,PL_LIV_12,PL_1,3,0,0,4,4,0.4,10,6,0,0,0,0,NaN
678,1811,BL_UNI_17,BL_1,3,11,0.379310344827586,27,9.310344827586206,0.226890756302521,119,92,5,5,0,0,0
679,3083,BL_UNI_17,BL_1,3,2,0.4,11,2.2,0.44,25,14,2,2,0,0,0
680,317,PL_WES_19,PL_1,3,1,0.2,7,2.0408163265306123,0.4375,16,9,2,2,0,0,0
681,3316,PL_WES_19,PL_1,3,8,0.222222222222222,48,1.3884871275672548,0.311688311688312,154,106,2,4,1,1,0.25
682,2504,BL_BRE_18,BL_1,3,4,0.121212121212121,61,1.8879603837821106,0.352941176470588,170,110,2,3,0,1,0.3333333333333333
683,320,LL_VLD_19,LL_1,3,0,0,0,0,0,3,3,0,0,0,0,NaN
684,2652,LL_VLD_19,LL_1,3,8,0.285714285714286,42,1.5075376884422111,0.303448275862069,145,101,5,9,1,3,0.3333333333333333
685,2985,BL_WOL_19,BL_1,3,12,0.352941176470588,48,14.117647058823529,0.312925170068027,147,101,4,7,2,1,0.14285714285714285
686,327,LL_ESP_21,LL_1,3,2,0.181818181818182,18,1.6363636363636365,0.34,50,33,0,0,0,0,NaN
687,718,LL_ESP_21,LL_1,3,1,0.1,14,1.4014014014014013,0.325,40,27,0,0,0,0,NaN
688,1688,LL_ESP_21,LL_1,3,3,0.1875,33,20.625,0.386363636363636,88,54,4,5,0,1,0.2
689,2509,LL_ESP_21,LL_1,3,0,0,3,3,0.75,4,1,1,1,0,0,0
690,3403,BL_BOC_20,BL_1,3,5,0.147058823529412,72,21.176470588235293,0.36,200,128,8,14,3,3,0.21428571428571427
691,450,LL_RMA_15,LL_1,3,3,0.428571428571429,7,1,0.333333333333333,18,12,0,0,0,0,NaN
692,494,L1_LYO_8,L1_1,3,7,0.21875,39,1.2464046021093,0.282442748091603,131,94,7,7,0,0,0
693,527,LL_ATM_3,LL_1,3,0,0,1,14.285714285714285,1,1,0,0,0,0,0,NaN
694,2250,LL_ATM_3,LL_1,3,2,0.166666666666667,12,1.171875,0.25,48,36,3,3,0,0,0
695,2341,LL_ATM_3,LL_1,3,11,0.392857142857143,20,0.7222824124232574,0.253164556962025,79,59,1,2,1,0,0
696,530,SA_MIL_12,SA_1,3,0,0,0,0,,0,0,0,0,0,0,NaN
697,1012,SA_MIL_12,SA_1,3,4,0.25,22,13.75,0.344262295081967,61,40,2,2,0,0,0
698,2763,LL_BIL_2,LL_1,3,2,0.25,6,0.8,0.31578947368421,19,13,0,0,0,0,NaN
699,608,PL_EVE_8,PL_1,3,1,1,0,0,0,4,4,0,0,0,0,NaN
700,2644,PL_EVE_8,PL_1,3,8,0.216216216216216,57,15.405405405405405,0.320441988950276,181,123,5,6,0,1,0.16666666666666666
701,635,LL_ELC_9,LL_1,3,0,0,4,2,0.5,8,4,0,0,0,0,NaN
702,1425,LL_ELC_9,LL_1,3,4,0.111111111111111,63,17.5,0.32,200,136,7,10,0,3,0.3
703,2177,LL_BAR_4,LL_1,3,0,0,2,2.4691358024691357,0.5,4,2,0,0,0,0,NaN
704,3420,LL_BAR_4,LL_1,3,26,0.68421052631579,18,0.4840010755579457,0.153061224489796,98,83,3,3,0,0,0
705,669,SA_SPZ_18,SA_1,3,6,0.176470588235294,54,1.6498625114573786,0.317073170731707,164,112,4,6,1,1,0.16666666666666666
706,1655,SA_SPZ_18,SA_1,3,0,0,2,2.73972602739726,0.666666666666667,3,1,0,0,0,0,NaN
707,2466,SA_SPZ_18,SA_1,3,0,0,4,1.0781671159029649,0.307692307692308,13,9,1,1,0,0,0
708,1015,LL_BET_5,LL_1,3,4,0.333333333333333,9,7.5,0.214285714285714,42,33,1,1,0,0,0
709,1216,LL_CAD_6,LL_1,3,1,0.25,5,1.25,0.217391304347826,23,18,1,1,0,0,0
710,2449,LL_CAD_6,LL_1,3,12,0.352941176470588,48,14.117647058823529,0.273743016759777,179,130,8,9,0,1,0.1111111111111111
711,718,L1_MOP_12,L1_1,3,8,0.421052631578947,22,11.578947368421053,0.25,96,72,2,4,0,2,0.5
712,754,L1_MOP_12,L1_1,3,0,0,11,2.4282560706401766,0.48,25,13,1,3,1,1,0.3333333333333333
713,2600,L1_MOP_12,L1_1,3,2,0.142857142857143,26,2.006172839506173,0.342465753424658,73,48,3,4,0,1,0.25
714,719,L1_AJA_23,L1_1,3,4,0.125,60,1.9298809906722418,0.443609022556391,133,74,8,9,1,0,0
715,1794,L1_AJA_23,L1_1,3,1,0.166666666666667,14,2.3333333333333335,0.541666666666667,24,11,1,1,0,0,0
716,1896,L1_AJA_23,L1_1,3,1,1,0,0,0,4,4,0,0,0,0,NaN
717,731,L1_AUX_24,L1_1,3,2,0.105263157894737,41,21.578947368421055,0.427083333333333,96,55,3,3,0,0,0
718,1389,L1_AUX_24,L1_1,3,0,0,2,1,0.181818181818182,11,9,1,1,0,0,0
719,2187,L1_AUX_24,L1_1,3,5,0.294117647058824,20,11.764705882352942,0.283783783783784,74,53,0,2,0,2,1
720,741,PL_FUL_9,PL_1,3,8,0.222222222222222,51,14.166666666666666,0.260416666666667,192,142,7,8,0,1,0.125
721,1235,LL_GET_10,LL_1,3,13,0.342105263157895,45,11.842105263157896,0.283132530120482,166,119,4,8,0,4,0.5
722,813,L1_LEN_5,L1_1,3,15,0.405405405405405,28,7.5675675675675675,0.216,125,98,3,3,0,0,0
723,2417,L1_LEN_5,L1_1,3,0,0,1,1,0.25,4,3,0,0,0,0,NaN
724,1124,PL_WOL_20,PL_1,3,0,0,3,1.5,0.230769230769231,13,10,0,0,0,0,NaN
725,2691,PL_WOL_20,PL_1,3,11,0.305555555555556,55,15.277777777777777,0.347826086956522,161,105,2,4,0,2,0.5
726,1138,PL_LEI_11,PL_1,3,1,0.0833333333333333,22,18.333333333333336,0.35593220338983,59,38,2,2,0,0,0
727,1184,PL_LEI_11,PL_1,3,6,0.230769230769231,46,17.692307692307693,0.369747899159664,119,75,2,3,0,1,0.3333333333333333
728,1927,LL_VAL_18,LL_1,3,7,0.184210526315789,45,11.842105263157896,0.29054054054054,148,105,2,5,3,0,0
729,1213,PL_MUN_14,PL_1,3,17,0.447368421052632,43,11.31578947368421,0.302816901408451,142,99,2,3,0,1,0.3333333333333333
730,1698,LL_VLR_20,LL_1,3,0,0,3,1.5,0.5,6,3,0,0,0,0,NaN
731,1889,LL_VLR_20,LL_1,3,7,0.5,10,7.142857142857143,0.178571428571429,56,46,0,0,0,0,NaN
732,1232,PL_BRE_4,PL_1,3,12,0.31578947368421,46,12.105263157894738,0.218274111675127,197,154,2,2,0,0,0
733,1384,LL_MAL_22,LL_1,3,0,0,3,3,0.375,8,5,0,0,0,0,NaN
734,3096,LL_MAL_22,LL_1,3,1,1,0,0,0,4,4,0,0,0,0,NaN
735,1257,PL_NOT_16,PL_1,3,6,0.333333333333333,31,17.22222222222222,0.388235294117647,85,52,2,5,1,2,0.4
736,2941,PL_NOT_16,PL_1,3,1,0.0588235294117647,32,1.8834608593290172,0.385542168674699,83,51,4,4,0,0,0
737,1329,LL_RAY_23,LL_1,3,0,0,4,3.7383177570093458,0.8,5,1,0,0,0,0,NaN
738,1329,LL_RAY_23,LL_1,3,0,0,4,3.7383177570093458,0.8,5,1,0,0,0,0,NaN
739,1329,LL_RAY_23,LL_1,3,0,0,4,3.7383177570093458,0.8,5,1,0,0,0,0,NaN
740,1330,LL_ALM_24,LL_1,3,0,0,2,4,0.4,5,3,0,0,0,0,NaN
741,1681,LL_ALM_24,LL_1,3,4,0.108108108108108,61,1.6712328767123288,0.316062176165803,193,132,4,6,1,1,0.16666666666666666
742,1681,LL_ALM_24,LL_1,3,4,0.108108108108108,61,1.6712328767123288,0.316062176165803,193,132,4,6,1,1,0.16666666666666666
743,1681,LL_ALM_24,LL_1,3,4,0.108108108108108,61,1.6712328767123288,0.316062176165803,193,132,4,6,1,1,0.16666666666666666
744,1688,LL_ALM_24,LL_1,3,0,0,2,2,0.4,5,3,0,0,0,0,NaN
745,2738,LL_GIR_25,LL_1,3,0,0,18,1.8,0.418604651162791,43,25,2,2,0,0,0
746,2738,LL_GIR_25,LL_1,3,0,0,18,1.8,0.418604651162791,43,25,2,2,0,0,0
747,1775,SA_ATL_1,SA_1,3,0,0,0,0,,0,0,0,0,0,0,NaN
748,2751,SA_ATL_1,SA_1,3,7,0.291666666666667,27,1.1698440207972272,0.280898876404494,89,64,2,2,0,0,0
749,1370,L1_REN_18,L1_1,3,1,0.166666666666667,8,1.7738359201773837,0.5625,16,7,1,2,0,1,0.5
750,1766,SA_BOL_3,SA_1,3,1,1,0,0,0,4,4,0,0,0,0,NaN
751,3319,SA_BOL_3,SA_1,3,7,0.189189189189189,49,13.243243243243242,0.298136645962733,161,113,7,9,0,2,0.2222222222222222
752,1423,PL_MCI_13,PL_1,3,11,0.314285714285714,32,9.142857142857142,0.402597402597403,77,46,3,3,0,0,0
753,1440,PL_CHE_6,PL_1,3,1,0.1,14,1.4736842105263157,0.358974358974359,39,25,0,0,0,0,NaN
754,2898,PL_CHE_6,PL_1,3,9,0.310344827586207,33,1.1578947368421053,0.25,120,90,1,1,0,0,0
755,1484,SA_SAP_16,SA_1,3,4,0.16,39,15.6,0.322314049586777,121,82,5,7,0,2,0.2857142857142857
756,3177,SA_HEL_8,SA_1,3,5,0.135135135135135,59,15.945945945945946,0.314917127071823,181,124,1,2,0,1,0.5
757,1492,PL_AST_2,PL_1,3,11,0.305555555555556,38,1.0894495412844036,0.265151515151515,132,97,4,5,0,1,0.2
758,2238,SA_LAZ_11,SA_1,3,21,0.552631578947368,30,0.7911392405063291,0.2265625,128,99,1,2,1,0,0
759,3281,SA_LAZ_11,SA_1,3,0,0,,,,,,0,0,,,
760,1983,SA_EMP_21,SA_1,3,7,0.225806451612903,39,1.261319534282018,0.291044776119403,134,95,4,6,1,1,0.16666666666666666
761,1991,SA_SAL_22,SA_1,3,4,0.2,33,165,0.323809523809524,105,71,3,4,0,1,0.25
762,3271,SA_SAL_22,SA_1,3,3,0.176470588235294,27,15.882352941176471,0.344827586206897,87,57,4,7,0,3,0.42857142857142855
763,1803,PL_TOT_18,PL_1,3,3,0.214285714285714,24,1.7777777777777777,0.454545454545454,55,30,2,3,0,1,0.3333333333333333
764,2096,PL_TOT_18,PL_1,3,7,0.28,39,1.5918367346938775,0.324786324786325,117,79,1,1,0,0,0
765,2187,SA_CRM_24,SA_1,3,1,0.111111111111111,19,2.111111111111111,0.296875,64,45,3,3,0,0,0
766,1855,L1_TRO_22,L1_1,3,0,0,65,2.1937225784677694,0.35593220338983,177,114,5,5,0,0,0
767,2526,L1_BRE_3,L1_1,3,1,1,0,0,0,3,3,0,0,0,0,NaN
768,3093,L1_LIL_6,L1_1,3,0,0,13,2.1666666666666665,0.764705882352941,17,4,2,2,0,0,0
769,3237,L1_LIL_6,L1_1,3,10,0.3125,31,9.6875,0.276190476190476,105,76,2,3,0,1,0.3333333333333333
770,2169,PL_LEE_24,PL_1,3,5,0.147058823529412,67,19.705882352941178,0.417721518987342,158,92,3,3,0,0,0
771,2551,PL_LEE_24,PL_1,3,0,0,11,2.75,0.407407407407407,27,16,2,3,1,0,0
772,2863,L1_NIC_14,L1_1,3,11,0.305555555555556,35,9.722222222222221,0.25531914893617,141,105,3,5,1,1,0.2
773,3433,L1_NIC_14,L1_1,3,0,0,2,1,0.333333333333333,6,4,0,0,0,0,NaN
774,2368,PL_BRI_5,PL_1,3,6,0.4,23,15.333333333333334,0.368421052631579,57,36,1,2,0,1,0.5
775,2703,PL_CRY_7,PL_1,3,0,0,5,2.5,0.5,10,5,0,0,0,0,NaN
776,3439,L1_BRE_3,L1_1,3,8,0.216216216216216,54,14.594594594594595,0.306818181818182,176,122,7,9,0,2,0.2222222222222222
777,3441,SA_CRM_24,SA_1,3,4,0.148148148148148,47,17.407407407407405,0.300653594771242,153,107,2,2,0,0,0
778,3461,SA_UDN_20,SA_1,3,10,0.263157894736842,48,12.631578947368421,0.335766423357664,137,91,6,7,1,0,0
779,3462,SA_ATL_1,SA_1,3,2,0.133333333333333,21,1.411290322580645,0.328125,64,43,1,1,0,0,0
780,3482,PL_FUL_9,PL_1,3,1,0.5,2,1,0.5,4,2,0,0,0,0,NaN
781,3510,BL_FRE_6,BL_1,3,13,0.382352941176471,44,12.941176470588236,0.293333333333333,150,106,5,6,1,0,0
782,3515,PL_BOU_3,PL_1,3,2,0.166666666666667,32,2.782608695652174,0.454545454545454,66,36,2,2,0,0,0
783,3518,LL_SEV_17,LL_1,3,5,0.333333333333333,13,0.9219858156028369,0.218181818181818,55,43,0,0,0,0,NaN
784,3541,PL_NEW_15,PL_1,3,0,0,1,0.5747126436781609,0,9,9,0,0,0,0,NaN
785,3555,SA_SAP_16,SA_1,3,0,0,9,2.25,0.3,30,21,1,2,1,0,0
786,3568,BL_KÖL_11,BL_1,3,6,0.176470588235294,54,15.882352941176471,0.403100775193798,129,77,4,5,0,1,0.2
787,3601,L1_TRO_22,L1_1,3,1,0.111111111111111,16,1.9184652278177459,0.333333333333333,51,34,2,3,0,1,0.3333333333333333
788,3639,L1_MOP_12,L1_1,3,1,0.5,3,1.9867549668874172,0.375,8,5,0,0,0,0,NaN
789,3686,SA_JUV_10,SA_1,3,6,0.545454545454545,7,0.6647673314339981,0.2,40,32,1,2,0,1,0.5
790,3695,L1_STR_20,L1_1,3,6,0.157894736842105,59,15.526315789473685,0.339080459770115,174,115,10,11,1,0,0
791,3719,L1_TOU_25,L1_1,3,9,0.236842105263158,57,15,0.318435754189944,179,122,4,7,0,3,0.42857142857142855
792,3781,BL_BRE_18,BL_1,3,0,0,3,1.7751479289940828,0.214285714285714,14,11,0,0,0,0,NaN
793,3788,SA_FIR_6,SA_1,3,2,0.4,3,0.6,0.272727272727273,11,8,1,1,0,0,0
794,3789,SA_MON_26,SA_1,3,10,0.27027027027027,49,13.243243243243242,0.287425149700599,167,119,3,3,0,0,0
795,3819,SA_MIL_12,SA_1,3,8,0.363636363636364,21,0.9554140127388535,0.354838709677419,62,40,2,3,0,1,0.3333333333333333
796,3835,SA_ROM_15,SA_1,3,1,0.333333333333333,3,1,0.3,10,7,0,0,0,0,NaN
797,3900,L1_CLE_21,L1_1,3,10,0.27027027027027,47,12.702702702702702,0.316770186335404,161,110,8,12,0,4,0.3333333333333333
798,3906,SA_CRM_24,SA_1,3,1,0.5,3,1.5,0.375,8,5,0,0,0,0,NaN
799,4006,PL_BOU_3,PL_1,3,6,0.222222222222222,39,1.471698113207547,0.27536231884058,138,100,4,5,1,0,0
800,4021,PL_NEW_15,PL_1,3,14,0.378378378378378,32,0.8832459287882971,0.279661016949153,118,85,2,5,1,2,0.4
801,4037,SA_SAP_16,SA_1,3,0,0,23,2.5555555555555554,0.359375,64,41,2,2,0,0,0
802,4159,BL_HOF_9,BL_1,3,5,0.147058823529412,57,16.764705882352942,0.347826086956522,161,105,2,3,1,0,0
803,4161,BL_HER_8,BL_1,3,3,0.0909090909090909,68,20.606060606060606,0.423312883435583,163,94,5,6,0,1,0.16666666666666666
804,4193,BL_LEI_14,BL_1,3,1,0.5,2,1,0.2,5,4,0,0,0,0,NaN
805,4222,L1_CLE_21,L1_1,3,0,0,2,2,0.666666666666667,3,1,0,0,0,0,NaN
806,4303,L1_REI_17,L1_1,3,0,0,14,2,0.448275862068966,29,16,2,2,0,0,0
807,4313,L1_MAR_9,L1_1,3,10,0.303030303030303,34,1.0461538461538462,0.268292682926829,123,90,5,5,0,0,0
808,4319,L1_ANG_1,L1_1,3,3,0.111111111111111,62,22.962962962962962,0.412587412587413,143,84,8,9,1,0,0
809,4334,LL_GIR_25,LL_1,3,4,0.142857142857143,37,13.214285714285715,0.304,125,87,4,6,1,1,0.16666666666666666
810,4365,LL_VLR_20,LL_1,3,5,0.227272727272727,27,12.272727272727272,0.298850574712644,87,61,4,4,0,0,0
811,4380,SA_SPZ_18,SA_1,3,0,0,2,2.4390243902439024,0.666666666666667,3,1,0,0,0,0,NaN
812,4382,BL_LEI_14,BL_1,3,2,0.333333333333333,10,1.6666666666666667,0.346153846153846,26,17,1,1,0,0,0
813,4409,SA_FIR_6,SA_1,3,2,0.666666666666667,2,0.6666666666666666,0.25,8,6,0,0,0,0,NaN
814,4409,SA_NAP_13,SA_1,3,2,0.5,4,1,0.25,16,12,0,0,0,0,NaN
815,4423,SA_FIR_6,SA_1,3,5,0.172413793103448,38,13.10344827586207,0.385416666666667,96,59,6,7,0,1,0.14285714285714285
816,4433,LL_MAL_22,LL_1,3,12,0.333333333333333,40,11.11111111111111,0.308270676691729,133,92,6,7,0,1,0.14285714285714285
817,4466,BL_AUG_2,BL_1,3,5,0.217391304347826,41,17.826086956521742,0.316176470588235,136,93,1,4,1,2,0.5
818,4477,BL_SCH_15,BL_1,3,5,0.416666666666667,13,1.141352063213345,0.218181818181818,55,43,1,2,1,0,0
819,4539,L1_NAN_13,L1_1,3,0,0,1,1,0.166666666666667,6,5,0,0,0,0,NaN
820,4543,L1_LYO_8,L1_1,3,1,0.142857142857143,8,1.1976047904191618,0.291666666666667,24,17,4,4,0,0,0
821,4595,PL_BRI_5,PL_1,3,6,0.260869565217391,30,13.043478260869566,0.378378378378378,74,46,5,6,0,1,0.16666666666666666
822,4622,PL_AST_2,PL_1,3,1,0.25,8,2.564102564102564,0.421052631578947,19,11,1,1,0,0,0
823,4624,BL_MAI_13,BL_1,3,7,0.269230769230769,39,15,0.36697247706422,109,69,3,5,1,1,0.2
824,4686,L1_MAR_9,L1_1,3,0,0,6,1.0909090909090908,0.210526315789474,19,15,0,0,0,0,NaN
825,4705,SA_ROM_15,SA_1,3,13,0.371428571428571,35,10,0.324074074074074,108,73,2,3,0,1,0.3333333333333333
826,4706,LL_BET_5,LL_1,3,9,0.346153846153846,32,12.307692307692307,0.298076923076923,104,73,2,2,0,0,0
827,4749,SA_FIR_6,SA_1,3,1,1,0,0,0,5,5,0,0,0,0,NaN
828,4756,PL_CRY_7,PL_1,3,3,0.333333333333333,10,1.1111111111111112,0.264705882352941,34,25,2,2,0,0,0
829,4765,SA_INT_9,SA_1,3,4,0.285714285714286,18,1.312910284463895,0.326923076923077,52,35,1,1,0,0,0
830,4767,SA_EMP_21,SA_1,3,0,0,1,12.5,1,1,0,0,0,0,0,NaN
831,4795,SA_EMP_21,SA_1,3,2,0.285714285714286,9,1.2857142857142858,0.375,24,15,0,0,0,0,NaN
832,4888,LL_VLD_19,LL_1,3,1,0.1,21,2.1,0.411764705882353,51,30,1,1,0,0,0
833,4899,LL_OSA_14,LL_1,3,3,0.176470588235294,23,13.529411764705882,0.323943661971831,71,48,1,4,2,1,0.25
834,4963,SA_HEL_8,SA_1,3,1,1,0,0,0,4,4,0,0,0,0,NaN
835,5014,PL_MCI_13,PL_1,3,2,0.666666666666667,1,0.3333333333333333,0.0666666666666667,15,14,0,0,0,0,NaN
836,5036,L1_REN_18,L1_1,3,12,0.352941176470588,31,0.9256494475962973,0.281818181818182,110,79,2,3,0,1,0.3333333333333333
837,5050,LL_RAY_23,LL_1,3,9,0.243243243243243,49,1.3268345518548605,0.323741007194245,139,94,4,5,1,0,0
838,5064,BL_BAY_3,BL_1,3,2,0.666666666666667,2,0.6666666666666666,0.375,8,5,0,1,0,1,1
839,5128,LL_RMA_15,LL_1,3,10,0.32258064516129,29,9.35483870967742,0.254237288135593,118,88,4,5,0,1,0.2
840,5198,BL_HER_8,BL_1,3,0,0,1,1,0.142857142857143,7,6,0,0,0,0,NaN
841,5202,BL_GLA_7,BL_1,3,1,0.166666666666667,12,2.1164021164021163,0.363636363636364,33,21,1,1,0,0,0
842,5225,BL_AUG_2,BL_1,3,1,0.0909090909090909,22,2,0.307692307692308,65,45,0,0,0,0,NaN
843,5299,LL_BIL_2,LL_1,3,9,0.290322580645161,37,1.2131147540983607,0.326923076923077,104,70,3,3,0,0,0
844,5326,SA_TOR_19,SA_1,3,11,0.289473684210526,41,10.789473684210527,0.301470588235294,136,95,5,6,1,0,0
845,5339,PL_CRY_7,PL_1,3,6,0.222222222222222,34,12.592592592592592,0.275862068965517,116,84,2,2,0,0,0
846,5371,SA_SAL_22,SA_1,3,0,0,2,2,0.5,4,2,0,0,0,0,NaN
847,5384,L1_LOR_7,L1_1,3,5,0.277777777777778,24,1.3430330162283155,0.285714285714286,84,60,1,1,0,0,0
848,5412,PL_NOT_16,PL_1,3,1,0.25,5,1.6611295681063125,0.357142857142857,14,9,0,0,0,0,NaN
849,5457,SA_LEC_25,SA_1,3,6,0.157894736842105,46,12.105263157894738,0.282051282051282,156,112,5,6,0,1,0.16666666666666666
850,5458,SA_JUV_10,SA_1,3,14,0.5,26,0.9464870768110667,0.279569892473118,93,67,3,3,0,0,0
851,5480,L1_ANG_1,L1_1,3,1,0.0909090909090909,19,1.7272727272727273,0.351851851851852,54,35,1,2,0,1,0.5
852,5499,BL_BAY_3,BL_1,3,5,0.263157894736842,25,13.157894736842106,0.454545454545454,55,30,7,7,0,0,0
853,5499,BL_GLA_7,BL_1,3,3,0.3,14,1.4,0.216666666666667,60,47,2,2,0,0,0
854,5516,LL_SEV_17,LL_1,3,4,0.16,41,1.7154811715481173,0.377358490566038,106,66,2,3,0,1,0.3333333333333333
855,5522,L1_REI_17,L1_1,3,14,0.451612903225806,31,10,0.218978102189781,137,107,1,1,0,0,0
856,5580,L1_LOR_7,L1_1,3,3,0.142857142857143,29,1.4406358668653751,0.285714285714286,98,70,1,1,0,0,0
857,4,LL_LAP_26,LL_1,4,0,0,3,1.7647058823529411,0.75,4,1,0,0,0,0,NaN
858,341,LL_LAP_26,LL_1,4,8,0.216216216216216,44,1.2134583563154993,0.289473684210526,152,108,5,9,1,3,0.3333333333333333
859,144,L1_STR_20,L1_1,4,2,0.133333333333333,26,17.333333333333332,0.412698412698413,63,37,3,4,0,1,0.25
860,1716,BL_AUG_2,BL_1,4,3,0.0967741935483871,52,16.774193548387096,0.329113924050633,158,106,7,10,1,2,0.2
861,10,PL_ARS_1,PL_1,4,2,0.333333333333333,5,0.8333333333333334,0.357142857142857,14,9,0,0,0,0,NaN
862,1232,PL_ARS_1,PL_1,4,16,0.5,24,7.5,0.347826086956522,69,45,2,3,0,1,0.3333333333333333
863,1148,BL_BAY_3,BL_1,4,1,1,0,0,,0,0,0,0,0,0,NaN
864,3399,BL_BAY_3,BL_1,4,6,0.260869565217391,33,1.4467338886453311,0.365591397849462,93,59,2,3,0,1,0.3333333333333333
865,137,LL_OSA_14,LL_1,4,1,0.142857142857143,9,1.4705882352941175,0.45,20,11,1,1,0,0,0
866,265,BL_BVB_4,BL_1,4,3,0.375,9,1.1658031088082903,0.296296296296296,27,19,0,0,0,0,NaN
867,1977,BL_BVB_4,BL_1,4,7,0.259259259259259,34,1.2937595129375952,0.288135593220339,118,84,5,6,0,1,0.16666666666666666
868,151,L1_NAN_13,L1_1,4,7,0.25,43,1.550667147493689,0.364406779661017,118,75,8,8,0,0,0
869,1279,L1_NAN_13,L1_1,4,0,0,1,3.7037037037037033,1,1,0,0,0,0,0,NaN
870,2439,BL_FRA_5,BL_1,4,0,0,2,1,0.222222222222222,9,7,0,0,0,0,NaN
871,2932,BL_FRA_5,BL_1,4,7,0.21875,48,15,0.364963503649635,137,87,9,11,0,2,0.18181818181818182
872,216,SA_MON_26,SA_1,4,0,0,16,2.6272577996715927,0.5,32,16,4,4,0,0,0
873,222,SA_SAS_17,SA_1,4,0,0,7,2.3333333333333335,0.428571428571429,14,8,1,1,0,0,0
874,400,SA_SAS_17,SA_1,4,3,0.0857142857142857,68,19.428571428571427,0.415094339622642,159,93,7,10,2,1,0.1
875,2600,BL_GLA_7,BL_1,4,0,0,18,2.5714285714285716,0.382978723404255,47,29,2,2,0,0,0
876,242,SA_NAP_13,SA_1,4,5,0.161290322580645,40,1.2982797792924377,0.403846153846154,104,62,2,4,0,2,0.5
877,252,LL_RSC_16,LL_1,4,15,0.405405405405405,36,0.989282769991756,0.276923076923077,130,94,5,6,0,1,0.16666666666666666
878,260,BL_DAR_22,BL_1,4,0,0,10,3.3333333333333335,0.588235294117647,17,7,0,0,0,0,NaN
879,3427,BL_DAR_22,BL_1,4,3,0.0967741935483871,76,24.516129032258064,0.378787878787879,198,123,1,2,0,1,0.5
880,3568,BL_KÖL_11,BL_1,4,4,0.117647058823529,60,17.647058823529413,0.357142857142857,168,108,3,3,0,0,0
881,3306,BL_LEV_12,BL_1,4,15,0.454545454545454,24,7.272727272727273,0.235294117647059,102,78,0,0,0,0,NaN
882,3582,BL_LEV_12,BL_1,4,1,1,0,0,0,3,3,0,0,0,0,NaN
883,266,BL_STU_16,BL_1,4,11,0.366666666666667,36,120,0.308411214953271,107,74,3,3,0,0,0
884,1589,BL_STU_16,BL_1,4,1,0.25,3,0.75,0.136363636363636,22,19,0,0,0,0,NaN
885,1123,BL_MAI_13,BL_1,4,1,0.25,3,0.75,0.176470588235294,17,14,0,0,0,0,NaN
886,268,BL_UNI_17,BL_1,4,0,0,2,2,0.333333333333333,6,4,0,0,0,0,NaN
887,1811,BL_UNI_17,BL_1,4,7,0.212121212121212,56,16.96969696969697,0.351851851851852,162,105,5,7,0,2,0.2857142857142857
888,2350,BL_LEI_14,BL_1,4,5,0.238095238095238,30,14.285714285714285,0.394736842105263,76,46,4,4,0,0,0
889,274,L1_MET_10,L1_1,4,6,0.176470588235294,57,1.7173847544441099,0.308108108108108,185,128,6,6,0,0,0
890,1987,L1_MET_10,L1_1,4,0,0,1,1.2345679012345678,0.333333333333333,3,2,0,0,0,0,NaN
891,304,PL_LIV_12,PL_1,4,8,0.285714285714286,30,10.714285714285715,0.26605504587156,109,80,1,1,0,0,0
892,859,PL_LIV_12,PL_1,4,2,0.2,11,1.1,0.263157894736842,38,28,0,0,0,0,NaN
893,317,PL_WES_19,PL_1,4,4,0.129032258064516,53,1.7672557519173058,0.276595744680851,188,136,5,7,0,2,0.2857142857142857
894,3316,PL_WES_19,PL_1,4,1,0.1,21,2.6217228464419478,0.377358490566038,53,33,3,3,0,0,0
895,2504,BL_BRE_18,BL_1,4,1,0.142857142857143,17,2.4285714285714284,0.447368421052632,38,21,2,2,0,0,0
896,389,LL_GRA_11,LL_1,4,0,0,29,19.463087248322147,0.363636363636364,77,49,3,3,0,0,0
897,617,LL_GRA_11,LL_1,4,3,0.176470588235294,28,16.47058823529412,0.325581395348837,86,58,0,0,0,0,NaN
898,3416,LL_GRA_11,LL_1,4,0,0,11,3.6666666666666665,0.478260869565217,23,12,2,2,0,0,0
899,2985,BL_WOL_19,BL_1,4,4,0.16,39,15.6,0.321739130434783,115,78,2,3,1,0,0
900,392,PL_MUN_14,PL_1,4,9,0.236842105263158,58,15.263157894736842,0.280788177339901,203,146,7,7,0,0,0
901,423,BL_BOC_20,BL_1,4,0,0,4,4,0.75,4,1,0,0,0,0,NaN
902,3403,BL_BOC_20,BL_1,4,4,0.121212121212121,70,21.212121212121215,0.372972972972973,185,116,9,11,0,2,0.18181818181818182
903,450,LL_RMA_15,LL_1,4,10,0.476190476190476,17,8.095238095238095,0.261538461538462,65,48,1,1,0,0,0
904,2898,LL_RMA_15,LL_1,4,8,0.571428571428571,9,0.67618332081142,0.210526315789474,38,30,0,0,0,0,NaN
905,2921,BL_HEI_23,BL_1,4,6,0.176470588235294,55,16.176470588235293,0.304597701149425,174,121,7,10,2,1,0.1
906,494,L1_LYO_8,L1_1,4,9,0.290322580645161,49,15.806451612903226,0.316129032258064,155,106,4,6,1,1,0.16666666666666666
907,530,SA_MIL_12,SA_1,4,0,0,3,1.5228426395939088,0.375,8,5,0,0,0,0,NaN
908,3042,SA_MIL_12,SA_1,4,0,0,1,33.333333333333336,0.5,2,1,0,0,0,0,NaN
909,3462,SA_MIL_12,SA_1,4,2,0.285714285714286,11,1.5714285714285714,0.303030303030303,33,23,1,1,0,0,0
910,539,LL_ALA_1,LL_1,4,10,0.294117647058824,38,11.176470588235295,0.292682926829268,123,87,8,8,0,0,0
911,2486,LL_ALA_1,LL_1,4,1,0.25,8,2,0.333333333333333,24,16,0,0,0,0,NaN
912,554,PL_BUR_21,PL_1,4,0,0,16,1.6,0.205128205128205,78,62,1,2,0,1,0.5
913,2331,PL_BUR_21,PL_1,4,2,0.0714285714285714,62,22.142857142857146,0.36144578313253,166,106,5,5,0,0,0
914,2763,LL_BIL_2,LL_1,4,2,0.5,4,1.5151515151515151,0.333333333333333,12,8,0,0,0,0,NaN
915,572,L1_PSG_16,L1_1,4,1,0.166666666666667,7,1.1904761904761905,0.28,25,18,0,0,0,0,NaN
916,1917,L1_PSG_16,L1_1,4,10,0.4,20,0.8298755186721991,0.190909090909091,110,89,3,4,0,1,0.25
917,2941,L1_PSG_16,L1_1,4,1,0.25,6,1.5,0.5,12,6,1,1,0,0,0
918,2341,LL_ATM_3,LL_1,4,13,0.342105263157895,43,11.31578947368421,0.298611111111111,144,101,1,2,1,0,0
919,588,L1_LEH_26,L1_1,4,7,0.212121212121212,43,13.030303030303031,0.274509803921569,153,111,1,3,1,1,0.3333333333333333
920,2177,LL_BAR_4,LL_1,4,2,0.2,17,1.7,0.435897435897436,39,22,0,0,0,0,NaN
921,3420,LL_BAR_4,LL_1,4,15,0.535714285714286,27,9.642857142857144,0.264705882352941,102,75,2,2,0,0,0
922,1015,LL_BET_5,LL_1,4,2,0.285714285714286,5,0.7142857142857143,0.2,20,16,0,0,0,0,NaN
923,1764,LL_BET_5,LL_1,4,2,0.5,4,1.1428571428571428,0.222222222222222,18,14,0,0,0,0,NaN
924,668,PL_BRI_5,PL_1,4,4,0.19047619047619,28,13.333333333333332,0.307692307692308,91,63,3,3,0,0,0
925,2368,PL_BRI_5,PL_1,4,2,0.117647058823529,34,20,0.432432432432432,74,42,3,3,0,0,0
926,1216,LL_CAD_6,LL_1,4,1,0.2,8,1.937046004842615,0.291666666666667,24,17,0,0,0,0,NaN
927,2449,LL_CAD_6,LL_1,4,9,0.264705882352941,47,1.3876586950103338,0.311258278145695,151,104,2,2,0,0,0
928,718,L1_MOP_12,L1_1,4,10,0.333333333333333,37,123.33333333333334,0.255474452554745,137,102,4,5,0,1,0.2
929,1350,L1_MOP_12,L1_1,4,0,0,11,2.75,0.323529411764706,34,23,0,0,0,0,NaN
930,2248,LL_CEL_7,LL_1,4,0,0,18,1.5971606033717836,0.409090909090909,44,26,2,3,0,1,0.3333333333333333
931,731,SA_SAL_22,SA_1,4,1,0.0769230769230769,29,22.307692307692307,0.424242424242424,66,38,3,3,0,0,0
932,1991,SA_SAL_22,SA_1,4,1,0.0476190476190476,44,20.952380952380953,0.373913043478261,115,72,7,7,0,0,0
933,741,PL_FUL_9,PL_1,4,10,0.263157894736842,61,16.05263157894737,0.3,190,133,8,8,0,0,0
934,765,SA_CAL_4,SA_1,4,2,0.285714285714286,12,1.7142857142857142,0.407407407407407,27,16,0,1,1,0,0
935,1135,LL_GET_10,LL_1,4,0,0,2,25,1,2,0,0,0,0,0,NaN
936,1235,LL_GET_10,LL_1,4,10,0.263157894736842,52,1.371308016877637,0.309941520467836,171,118,5,7,1,1,0.14285714285714285
937,813,L1_LEN_5,L1_1,4,14,0.424242424242424,35,10.606060606060607,0.257352941176471,136,101,6,8,1,1,0.125
938,2417,L1_LEN_5,L1_1,4,0,0,2,2,1,2,0,0,0,0,0,NaN
939,867,SA_JUV_10,SA_1,4,1,1,0,0,0,3,3,0,0,0,0,NaN
940,1002,SA_LAZ_11,SA_1,4,4,0.444444444444444,6,0.7490636704119851,0.206896551724138,29,23,0,0,0,0,NaN
941,2238,SA_LAZ_11,SA_1,4,9,0.3,33,1.1003667889296433,0.277310924369748,119,86,2,3,1,0,0
942,1053,LL_VAL_18,LL_1,4,0,0,1,1.5873015873015872,0.333333333333333,3,2,0,0,0,0,NaN
943,1927,LL_VAL_18,LL_1,4,13,0.351351351351351,41,1.1235955056179774,0.289655172413793,145,103,3,6,0,3,0.5
944,2372,LL_VAL_18,LL_1,4,0,0,3,3.409090909090909,0.25,12,9,0,0,0,0,NaN
945,1109,LL_RAY_23,LL_1,4,0,0,1,1,1,1,0,0,0,0,0,NaN
946,3518,LL_SEV_17,LL_1,4,2,0.153846153846154,25,19.23076923076923,0.352941176470588,68,44,2,2,0,0,0
947,1124,PL_WOL_20,PL_1,4,1,0.2,7,1.643192488262911,0.466666666666667,15,8,0,0,0,0,NaN
948,2691,PL_WOL_20,PL_1,4,4,0.114285714285714,58,1.7190278601066982,0.303191489361702,188,131,8,8,0,0,0
949,1698,LL_VLR_20,LL_1,4,6,0.166666666666667,63,17.5,0.302439024390244,205,143,6,6,0,0,0
950,1162,SA_GEO_7,SA_1,4,1,1,0,0,,0,0,0,0,0,0,NaN
951,2696,SA_GEO_7,SA_1,4,8,0.222222222222222,43,1.1947763267574325,0.330769230769231,130,87,3,4,0,1,0.25
952,1384,LL_MAL_22,LL_1,4,1,1,0,0,0,4,4,0,0,0,0,NaN
953,2229,LL_MAL_22,LL_1,4,0,0,1,1,0.166666666666667,6,5,0,0,0,0,NaN
954,1330,LL_ALM_24,LL_1,4,0,0,2,2,0.5,4,2,2,2,0,0,0
955,1681,LL_ALM_24,LL_1,4,0,0,10,2.5,0.434782608695652,23,13,0,0,0,0,NaN
956,1681,LL_ALM_24,LL_1,4,0,0,10,2.5,0.434782608695652,23,13,0,0,0,0,NaN
957,1681,LL_ALM_24,LL_1,4,0,0,10,2.5,0.434782608695652,23,13,0,0,0,0,NaN
958,3281,LL_ALM_24,LL_1,4,6,0.181818181818182,63,19.090909090909093,0.365714285714286,175,111,4,7,2,1,0.14285714285714285
959,1257,PL_CRY_7,PL_1,4,4,0.222222222222222,30,16.666666666666668,0.337209302325581,86,57,1,1,0,0,0
960,1775,SA_ATL_1,SA_1,4,1,1,0,0,0,1,1,0,0,0,0,NaN
961,2751,SA_ATL_1,SA_1,4,6,0.545454545454545,12,1.0909090909090908,0.323529411764706,34,23,2,2,0,0,0
962,3441,SA_ATL_1,SA_1,4,8,0.296296296296296,30,1.1135857461024499,0.299065420560748,107,75,4,7,1,2,0.2857142857142857
963,1658,SA_BOL_3,SA_1,4,4,0.666666666666667,3,0.505050505050505,0.277777777777778,18,13,0,1,0,1,1
964,3319,SA_BOL_3,SA_1,4,13,0.40625,29,9.0625,0.273584905660377,106,77,3,6,2,1,0.16666666666666666
965,1393,PL_CHE_6,PL_1,4,5,0.217391304347826,38,1.7210144927536233,0.324074074074074,108,73,1,2,1,0,0
966,1423,PL_MCI_13,PL_1,4,10,0.303030303030303,27,0.8726567550096962,0.317073170731707,82,56,3,3,0,0,0
967,1458,SA_EMP_21,SA_1,4,5,0.217391304347826,27,11.73913043478261,0.264150943396226,106,78,4,5,0,1,0.2
968,1578,SA_EMP_21,SA_1,4,4,0.285714285714286,25,17.857142857142858,0.337837837837838,74,49,2,3,0,1,0.3333333333333333
969,1484,SA_INT_9,SA_1,4,2,0.5,3,0.8021390374331551,0.272727272727273,11,8,0,0,0,0,NaN
970,1492,PL_AST_2,PL_1,4,8,0.235294117647059,48,1.4328358208955223,0.316546762589928,139,95,1,1,0,0,0
971,3177,SA_HEL_8,SA_1,4,8,0.216216216216216,49,13.243243243243242,0.313725490196078,153,105,2,2,0,0,0
972,3204,SA_TOR_19,SA_1,4,0,0,5,2.5,0.555555555555556,9,4,1,1,0,0,0
973,3341,SA_UDN_20,SA_1,4,5,0.238095238095238,25,11.904761904761905,0.269662921348315,89,65,3,3,0,0,0
974,3461,SA_UDN_20,SA_1,4,4,0.235294117647059,28,16.47058823529412,0.411764705882353,68,40,6,6,0,0,0
975,1975,L1_BRE_3,L1_1,4,2,0.666666666666667,0,0,0,4,4,0,0,0,0,NaN
976,3439,L1_BRE_3,L1_1,4,13,0.40625,34,1.0638297872340425,0.271317829457364,129,94,2,3,0,1,0.3333333333333333
977,1983,PL_TOT_18,PL_1,4,7,0.184210526315789,61,16.05263157894737,0.347305389221557,167,109,7,7,0,0,0
978,1988,L1_TOU_25,L1_1,4,6,0.176470588235294,46,13.529411764705882,0.330935251798561,139,93,4,4,0,0,0
979,2187,PL_BOU_3,PL_1,4,0,0,7,3.5,0.636363636363636,11,4,0,0,0,0,NaN
980,3515,PL_BOU_3,PL_1,4,2,0.5,5,1.25,0.277777777777778,18,13,1,1,0,0,0
981,2250,PL_SHE_23,PL_1,4,0,0,25,2.9171528588098017,0.389830508474576,59,36,0,1,1,0,0
982,2328,PL_LUT_22,PL_1,4,0,0,0,0,0,2,2,0,0,0,0,NaN
983,3237,L1_LIL_6,L1_1,4,15,0.454545454545454,32,0.9699909063352531,0.260162601626016,123,91,3,5,0,2,0.4
984,3433,L1_NIC_14,L1_1,4,17,0.5,29,8.529411764705882,0.295238095238095,105,74,5,8,0,3,0.375
985,2644,PL_EVE_8,PL_1,4,13,0.342105263157895,51,13.421052631578949,0.290909090909091,165,117,8,8,0,0,0
986,3580,L1_CLE_21,L1_1,4,0,0,6,1.5,0.25,24,18,1,1,0,0,0
987,3185,PL_NEW_15,PL_1,4,0,0,4,4,0.428571428571429,7,4,0,0,0,0,NaN
988,3541,PL_NEW_15,PL_1,4,5,0.217391304347826,42,1.9038984587488668,0.330769230769231,130,87,4,5,0,1,0.2
989,3510,PL_BRE_4,PL_1,4,7,0.189189189189189,63,1.726027397260274,0.357954545454546,176,113,2,2,0,0,0
990,3625,L1_LEH_26,L1_1,4,0,0,2,2,0.4,5,3,1,1,0,0,0
991,3650,PL_NOT_16,PL_1,4,2,0.117647058823529,28,16.47058823529412,0.35,80,52,2,2,0,0,0
992,3686,SA_JUV_10,SA_1,4,1,0.333333333333333,1,0.4,0.2,5,4,0,0,0,0,NaN
993,3695,PL_NOT_16,PL_1,4,1,0.0625,27,16.875,0.40983606557377,61,36,1,1,0,0,0
994,3695,L1_STR_20,L1_1,4,3,0.157894736842105,24,12.631578947368421,0.354838709677419,62,40,1,1,0,0,0
995,3781,BL_BRE_18,BL_1,4,6,0.222222222222222,37,13.703703703703702,0.28125,128,92,4,4,0,0,0
996,3788,SA_FRS_27,SA_1,4,3,0.375,11,1.4666666666666666,0.357142857142857,28,18,0,1,1,0,0
997,3789,SA_MON_26,SA_1,4,12,0.363636363636364,35,1.0968348480100283,0.232704402515723,159,122,3,5,0,2,0.4
998,3819,SA_MIL_12,SA_1,4,10,0.344827586206897,34,1.1728182131769576,0.283333333333333,120,86,7,7,0,0,0
999,3835,SA_ROM_15,SA_1,4,5,0.333333333333333,19,12.666666666666666,0.246753246753247,77,58,1,2,0,1,0.5
1000,3895,BL_GLA_7,BL_1,4,4,0.148148148148148,49,18.148148148148145,0.30625,160,111,4,4,0,0,0
1001,3900,L1_CLE_21,L1_1,4,5,0.166666666666667,54,180,0.287234042553192,188,134,6,8,1,1,0.125
1002,4006,PL_BOU_3,PL_1,4,7,0.21875,55,17.1875,0.333333333333333,165,110,5,6,0,1,0.16666666666666666
1003,4021,PL_NEW_15,PL_1,4,5,0.333333333333333,16,1.07095046854083,0.275862068965517,58,42,0,0,0,0,NaN
1004,4033,SA_BOL_3,SA_1,4,0,0,0,0,0,1,1,0,0,0,0,NaN
1005,4034,SA_GEO_7,SA_1,4,0,0,2,1.0204081632653061,0.222222222222222,9,7,0,0,0,0,NaN
1006,4076,SA_NAP_13,SA_1,4,1,1,0,0,,0,0,0,0,0,0,NaN
1007,4107,BL_FRE_6,BL_1,4,10,0.294117647058824,58,17.058823529411764,0.373417721518987,158,99,3,5,0,2,0.4
1008,4142,PL_NOT_16,PL_1,4,1,0.2,12,2.4,0.545454545454545,22,10,1,1,0,0,0
1009,4159,BL_HOF_9,BL_1,4,2,0.0588235294117647,66,19.411764705882355,0.322274881516588,211,143,2,5,0,3,0.6
1010,4161,SA_FIR_6,SA_1,4,0,0,9,2.25,0.473684210526316,19,10,2,2,0,0,0
1011,4193,LL_SEV_17,LL_1,4,6,0.25,27,11.25,0.25,104,78,3,3,0,0,0
1012,4313,L1_MAR_9,L1_1,4,7,0.212121212121212,39,1.1941212492345379,0.306451612903226,124,86,3,3,0,0,0
1013,4334,LL_GIR_25,LL_1,4,12,0.31578947368421,46,12.105263157894738,0.279761904761905,168,121,5,7,1,1,0.14285714285714285
1014,4337,BL_WOL_19,BL_1,4,2,0.222222222222222,17,1.8888888888888888,0.444444444444444,36,20,0,0,0,0,NaN
1015,4365,LL_VLR_20,LL_1,4,0,0,2,1,0.222222222222222,9,7,0,0,0,0,NaN
1016,4382,BL_LEI_14,BL_1,4,5,0.384615384615385,9,6.9230769230769225,0.195121951219512,41,33,0,1,1,0,0
1017,4396,L1_MON_11,L1_1,4,5,0.227272727272727,32,14.545454545454545,0.329896907216495,97,65,5,6,0,1,0.16666666666666666
1018,4409,SA_NAP_13,SA_1,4,1,0.142857142857143,8,1.1428571428571428,0.333333333333333,24,16,0,0,0,0,NaN
1019,4423,SA_FIR_6,SA_1,4,8,0.242424242424242,35,10.606060606060607,0.285714285714286,126,90,6,7,0,1,0.14285714285714285
1020,4433,LL_MAL_22,LL_1,4,9,0.25,43,11.944444444444445,0.311594202898551,138,95,4,5,0,1,0.2
1021,4454,L1_MON_11,L1_1,4,7,0.583333333333333,10,8.333333333333334,0.166666666666667,54,45,0,0,0,0,NaN
1022,4467,SA_INT_9,SA_1,4,0,0,0,0,0,4,4,0,0,0,0,NaN
1023,4507,LL_GRA_11,LL_1,4,0,0,11,3.536977491961415,0.588235294117647,17,7,0,1,1,0,0
1024,4535,PL_CRY_7,PL_1,4,0,0,1,25,1,1,0,0,0,0,0,NaN
1025,4539,L1_NAN_13,L1_1,4,1,0.166666666666667,11,1.8333333333333333,0.297297297297297,37,26,1,2,1,0,0
1026,4543,L1_LYO_8,L1_1,4,1,0.333333333333333,6,2,0.428571428571429,14,8,0,0,0,0,NaN
1027,4595,PL_CHE_6,PL_1,4,3,0.1875,25,1.57035175879397,0.333333333333333,78,52,2,3,0,1,0.3333333333333333
1028,4622,PL_AST_2,PL_1,4,0,0,13,2.888888888888889,0.411764705882353,34,20,0,1,0,1,1
1029,4624,BL_MAI_13,BL_1,4,7,0.233333333333333,48,160,0.3671875,128,81,3,4,1,0,0
1030,4686,L1_MAR_9,L1_1,4,0,0,2,1.4925373134328357,0.333333333333333,6,4,0,0,0,0,NaN
1031,4705,SA_ROM_15,SA_1,4,6,0.260869565217391,27,11.73913043478261,0.337837837837838,74,49,2,3,1,0,0
1032,4706,LL_BET_5,LL_1,4,9,0.321428571428571,36,1.309090909090909,0.291666666666667,120,85,7,8,0,1,0.125
1033,4756,PL_CRY_7,PL_1,4,6,0.3,27,1.3527054108216432,0.388059701492537,67,41,2,2,0,0,0
1034,4795,SA_EMP_21,SA_1,4,0,0,2,2,0.4,5,3,0,0,0,0,NaN
1035,4899,LL_OSA_14,LL_1,4,9,0.28125,47,1.4742785445420328,0.363636363636364,132,84,0,1,0,1,1
1036,4957,SA_CAL_4,SA_1,4,0,0,1,100,1,1,0,1,1,0,0,0
1037,4963,SA_HEL_8,SA_1,4,0,0,2,2,0.2,10,8,0,0,0,0,NaN
1038,4966,SA_CAL_4,SA_1,4,3,0.0967741935483871,55,1.7747660535656664,0.410852713178295,129,76,3,3,0,0,0
1039,5014,PL_MCI_13,PL_1,4,3,0.333333333333333,7,0.991501416430595,0.259259259259259,27,20,0,0,0,0,NaN
1040,5025,SA_FRS_27,SA_1,4,4,0.129032258064516,58,1.901639344262295,0.381578947368421,152,94,5,7,1,1,0.14285714285714285
1041,5036,L1_REN_18,L1_1,4,7,0.205882352941176,46,13.529411764705882,0.292517006802721,147,104,3,3,0,0,0
1042,5050,LL_RAY_23,LL_1,4,13,0.351351351351351,47,12.702702702702702,0.306666666666667,150,104,1,2,0,1,0.5
1043,5064,BL_BAY_3,BL_1,4,4,0.363636363636364,12,1.0909090909090908,0.387096774193548,31,19,1,1,0,0,0
1044,5128,LL_RMA_15,LL_1,4,3,0.75,0,0,0,15,15,0,0,0,0,NaN
1045,5144,PL_LUT_22,PL_1,4,2,0.0526315789473684,85,2.246893999471319,0.366515837104072,221,140,4,4,0,0,0
1046,5155,PL_BRE_4,PL_1,4,0,0,2,1.3333333333333333,0.25,8,6,0,0,0,0,NaN
1047,5225,BL_AUG_2,BL_1,4,0,0,8,2.6666666666666665,0.32,25,17,0,0,0,0,NaN
1048,5243,SA_FIR_6,SA_1,4,0,0,2,2,0.666666666666667,3,1,0,0,0,0,NaN
1049,5296,LL_RSC_16,LL_1,4,0,0,3,1.8987341772151898,0.6,5,2,1,1,0,0,0
1050,5299,LL_BIL_2,LL_1,4,16,0.444444444444444,33,0.9332579185520362,0.262295081967213,122,90,1,5,1,3,0.6
1051,5326,SA_TOR_19,SA_1,4,18,0.5,31,8.61111111111111,0.23134328358209,134,103,6,6,0,0,0
1052,5339,LL_CEL_7,LL_1,4,6,0.222222222222222,39,1.4606741573033708,0.308333333333333,120,83,4,5,1,0,0
1053,5371,SA_SAL_22,SA_1,4,0,0,8,2,0.307692307692308,26,18,0,0,0,0,NaN
1054,5384,L1_LIL_6,L1_1,4,0,0,2,1.9801980198019802,0.4,5,3,0,0,0,0,NaN
1055,5416,PL_SHE_23,PL_1,4,1,0.0333333333333333,79,2.6843357118586475,0.362745098039216,204,130,5,6,1,0,0
1056,5457,SA_LEC_25,SA_1,4,7,0.184210526315789,54,14.210526315789474,0.312138728323699,173,119,5,6,0,1,0.16666666666666666
1057,5458,SA_JUV_10,SA_1,4,15,0.428571428571429,30,8.571428571428571,0.268518518518519,108,79,2,3,0,1,0.3333333333333333
1058,5499,SA_INT_9,SA_1,4,19,0.558823529411765,19,5.588235294117648,0.204081632653061,98,78,2,4,1,1,0.25
1059,5516,LL_SEV_17,LL_1,4,0,0,2,2,0.666666666666667,3,1,0,0,0,0,NaN
1060,5522,L1_REI_17,L1_1,4,8,0.235294117647059,47,13.823529411764707,0.343065693430657,137,90,6,7,0,1,0.14285714285714285
1061,5580,L1_LOR_7,L1_1,4,4,0.117647058823529,66,19.411764705882355,0.314009661835749,207,142,8,8,0,0,0
